fir_id,fir_number,station_id,crime_head_id,date_registered,year,month,status,description,victim_age,victim_gender,accused_count,latitude,longitude,is_cyber,is_economic,chargesheet_filed
1,FIR/2024/KA01/00001,67,20,2024-01-06,2024,1,under_investigation,FIR registered for Dowry Death at Nagi Road.,43.0,Female,5,12.930745415324969,77.70769366089992,0,0,0
2,FIR/2023/KA27/00001,1019,30,2023-12-03,2023,12,pending_trial,FIR registered for Extortion at Buch Zila.,70.0,Female,2,16.247832536319688,75.62232300772344,0,0,1
3,FIR/2022/KA26/00001,987,1,2022-07-19,2022,7,registered,Complaint received regarding theft of two-wheeler worth Rs.218455.,50.0,Female,3,15.245149618607106,76.1933786897029,0,0,0
4,FIR/2023/KA01/00002,17,10,2023-05-18,2023,5,closed,FIR registered for Sexual Harassment at Sehgal Road.,54.0,Female,2,12.905341931401866,77.60172754901207,0,0,1
5,FIR/2023/KA01/00003,98,27,2023-08-22,2023,8,chargesheeted,FIR registered for Hurt/Grievous Hurt at Sandhu.,34.0,Male,4,13.058944471902327,77.56971192133462,0,0,1
6,FIR/2022/KA01/00004,101,16,2022-11-23,2022,11,under_investigation,Victim lost Rs.221229 through online fraud/UPI scam.,18.0,Other,3,12.990501304374483,77.53202637720648,1,0,0
7,FIR/2024/KA15/00001,700,1,2024-11-24,2024,11,closed,Complaint received regarding theft of mobile phone worth Rs.295744.,40.0,Male,5,15.533094031298752,75.78233072436255,0,0,1
8,FIR/2022/KA14/00001,637,2,2022-11-07,2022,11,chargesheeted,FIR registered for House Breaking & Theft at Pandit Nagar.,31.0,Male,2,15.614565619202642,74.91209038839847,0,0,1
9,FIR/2024/KA16/00001,730,22,2024-06-05,2024,6,closed,FIR registered for POCSO Act at Saran.,60.0,Female,5,14.802236947046115,75.37849357349081,0,0,1
10,FIR/2023/KA13/00001,635,1,2023-01-28,2023,1,chargesheeted,Complaint received regarding theft of cash worth Rs.170369.,74.0,Other,3,16.156897214064262,77.4017337873071,0,0,1
11,FIR/2024/KA01/00005,42,28,2024-09-09,2024,9,under_investigation,FIR registered for Criminal Trespass at Ravi Zila.,45.0,Female,5,13.029482505881333,77.64545155846648,0,0,0
12,FIR/2023/KA01/00006,119,1,2023-11-25,2023,11,under_investigation,Complaint received regarding theft of mobile phone worth Rs.371081.,18.0,Male,2,13.032281120143475,77.54382391304559,0,0,0
13,FIR/2024/KA01/00007,117,23,2024-06-20,2024,6,closed,FIR registered for Domestic Violence at Balasubramanian Street.,48.0,Other,3,12.860442966044877,77.45841480066441,0,0,1
14,FIR/2022/KA23/00001,902,13,2022-04-14,2022,4,chargesheeted,FIR registered for Criminal Breach of Trust at Sarma Street.,29.0,Other,2,12.875571898072687,77.35196247648565,0,1,1
15,FIR/2023/KA11/00001,539,25,2023-02-24,2023,2,under_investigation,FIR registered for Arms Act at Date Nagar.,30.0,Male,2,15.124349480981131,76.9057636916439,0,0,0
16,FIR/2023/KA13/00002,634,14,2023-07-16,2023,7,under_investigation,FIR registered for Forgery at Keer Zila.,37.0,Female,5,16.20929807929797,77.21885537216329,0,1,0
17,FIR/2022/KA01/00008,154,1,2022-02-23,2022,2,under_investigation,Complaint received regarding theft of two-wheeler worth Rs.431675.,58.0,Male,4,13.045887728818492,77.45778976488047,0,0,0
18,FIR/2023/KA01/00009,12,19,2023-06-18,2023,6,chargesheeted,FIR registered for Cyber Crime - Phishing at Bali Marg.,40.0,Other,5,13.020930324425475,77.46138277829894,1,0,1
19,FIR/2022/KA02/00001,186,30,2022-11-18,2022,11,under_investigation,FIR registered for Extortion at Dube.,49.0,Other,4,13.182436297965529,77.7184178399365,0,0,0
20,FIR/2022/KA01/00010,148,24,2022-05-15,2022,5,chargesheeted,FIR registered for NDPS Act at Prabhakar Chowk.,39.0,Female,5,13.109349502954952,77.51836403087755,0,0,1
21,FIR/2022/KA01/00011,28,9,2022-02-03,2022,2,under_investigation,FIR registered for Assault on Women at Sawhney Path.,63.0,Female,5,13.126221771726208,77.59418392405406,0,0,0
22,FIR/2024/KA27/00002,1002,27,2024-08-25,2024,8,closed,FIR registered for Hurt/Grievous Hurt at Devan Zila.,29.0,Male,2,16.1903908966573,75.70498090191234,0,0,1
23,FIR/2022/KA21/00001,860,27,2022-12-23,2022,12,closed,FIR registered for Hurt/Grievous Hurt at Peri Circle.,22.0,Female,5,13.193824017528764,78.19027834822184,0,0,1
24,FIR/2024/KA24/00001,919,16,2024-09-25,2024,9,pending_trial,Victim lost Rs.142600 through online fraud/UPI scam.,,Female,3,16.77728323821908,77.27089072913009,1,0,1
25,FIR/2022/KA24/00002,929,9,2022-08-21,2022,8,under_investigation,FIR registered for Assault on Women at Krish Road.,,Other,3,16.930806752696533,77.07463205266626,0,0,0
26,FIR/2024/KA01/00012,82,12,2024-08-15,2024,8,pending_trial,Accused cheated complainant of Rs.495134 through false promises.,26.0,Other,5,12.935754465599189,77.53150736795345,0,1,1
27,FIR/2023/KA20/00001,837,1,2023-11-24,2023,11,chargesheeted,Complaint received regarding theft of cash worth Rs.233053.,48.0,Other,2,12.672912310649858,76.98927341222306,0,0,1
28,FIR/2022/KA01/00013,150,3,2022-06-14,2022,6,under_investigation,Complainant robbed at Ram Circle by 1 armed persons.,66.0,Male,3,12.878459489939807,77.65584295552168,0,0,0
29,FIR/2023/KA01/00014,122,35,2023-12-16,2023,12,pending_trial,FIR registered for SC/ST Atrocities Act at Dalal Circle.,69.0,Female,5,13.098238615740767,77.58027571940023,0,0,1
30,FIR/2023/KA03/00001,218,22,2023-06-07,2023,6,under_investigation,FIR registered for POCSO Act at Lad Road.,63.0,Other,4,12.281334074225652,76.54563369704931,0,0,0
31,FIR/2022/KA29/00001,1085,15,2022-02-14,2022,2,chargesheeted,FIR registered for Counterfeiting at Kala Chowk.,65.0,Other,3,14.554709155060529,75.95960928093567,0,1,1
32,FIR/2023/KA01/00015,179,9,2023-03-05,2023,3,under_investigation,FIR registered for Assault on Women at Mangal.,57.0,Female,2,12.86825774892622,77.4349309722047,0,0,0
33,FIR/2023/KA01/00016,14,18,2023-09-01,2023,9,under_investigation,FIR registered for Cyber Crime - Hacking at Iyengar Chowk.,46.0,Other,1,12.894304419918239,77.6213323477479,1,0,0
34,FIR/2024/KA01/00017,19,8,2024-08-07,2024,8,under_investigation,Victim reported sexual assault incident at Deshmukh Zila. Medical examination conducted.,47.0,Other,1,13.045303945881434,77.47512285197072,0,0,0
35,FIR/2023/KA01/00018,86,2,2023-03-02,2023,3,under_investigation,FIR registered for House Breaking & Theft at Seth Zila.,75.0,Female,4,13.085109081895775,77.60423146224744,0,0,0
36,FIR/2024/KA30/00001,1110,5,2024-12-08,2024,12,under_investigation,Dead body found at Saxena Street. Prima facie case of murder registered.,65.0,Male,5,15.458879315348542,76.3423978852823,0,0,0
37,FIR/2024/KA13/00003,618,3,2024-07-22,2024,7,pending_trial,Complainant robbed at Nagarajan Zila by 1 armed persons.,53.0,Other,1,16.237969509613404,77.43690480048168,0,0,1
38,FIR/2024/KA01/00019,132,19,2024-04-12,2024,4,closed,FIR registered for Cyber Crime - Phishing at Bhattacharyya Path.,38.0,Male,2,13.045301615893633,77.46725687440052,1,0,1
39,FIR/2024/KA04/00001,252,1,2024-07-26,2024,7,under_investigation,Complaint received regarding theft of mobile phone worth Rs.309651.,27.0,Female,1,15.805056890256196,74.4926587682634,0,0,0
40,FIR/2022/KA01/00020,116,2,2022-11-20,2022,11,under_investigation,FIR registered for House Breaking & Theft at Dugar Road.,62.0,Other,1,13.031974098306609,77.63574598523424,0,0,0
41,FIR/2022/KA06/00001,333,21,2022-09-26,2022,9,chargesheeted,FIR registered for Dowry Prohibition Act at Pathak Street.,19.0,Other,4,12.931154699890017,74.86340928695044,0,0,1
42,FIR/2024/KA02/00002,198,3,2024-01-16,2024,1,chargesheeted,Complainant robbed at Kapur Circle by 4 armed persons.,29.0,Other,3,13.086538235027671,77.66152478884463,0,0,1
43,FIR/2023/KA01/00021,63,22,2023-10-28,2023,10,chargesheeted,FIR registered for POCSO Act at Iyer Zila.,70.0,Female,5,12.833829508280182,77.64534979314898,0,0,1
44,FIR/2023/KA27/00003,1014,1,2023-11-17,2023,11,under_investigation,Complaint received regarding theft of two-wheeler worth Rs.467910.,41.0,Other,2,16.312029763772312,75.74157067026398,0,0,0
45,FIR/2024/KA01/00022,41,32,2024-09-27,2024,9,under_investigation,FIR registered for Missing Person at Bal Chowk.,27.0,Other,3,13.076234001596513,77.5771771571914,0,0,0
46,FIR/2024/KA01/00023,93,21,2024-02-04,2024,2,chargesheeted,FIR registered for Dowry Prohibition Act at Pillay Path.,20.0,Male,1,13.080233811489467,77.67177514346595,0,0,1
47,FIR/2022/KA05/00001,282,16,2022-10-21,2022,10,closed,Victim lost Rs.280681 through online fraud/UPI scam.,,Male,5,17.22506180778279,76.91923344439334,1,0,1
48,FIR/2024/KA01/00024,34,30,2024-04-21,2024,4,chargesheeted,FIR registered for Extortion at Chadha.,65.0,Female,3,13.016060983085524,77.4727840009779,0,0,1
49,FIR/2023/KA09/00001,422,10,2023-10-09,2023,10,chargesheeted,FIR registered for Sexual Harassment at More Zila.,,Male,5,13.998178770006307,75.43754687731237,0,0,1
50,FIR/2024/KA12/00001,558,30,2024-09-13,2024,9,under_investigation,FIR registered for Extortion at Srinivas Marg.,29.0,Other,5,16.83873538400999,75.77053656727597,0,0,0
51,FIR/2022/KA14/00002,651,19,2022-11-19,2022,11,under_investigation,FIR registered for Cyber Crime - Phishing at Roy Circle.,28.0,Male,5,15.496416286944596,74.87679551482246,1,0,0
52,FIR/2023/KA01/00025,58,30,2023-03-18,2023,3,pending_trial,FIR registered for Extortion at Borah Marg.,53.0,Female,3,12.867986731666857,77.59562163288743,0,0,1
53,FIR/2024/KA01/00026,4,1,2024-12-11,2024,12,chargesheeted,Complaint received regarding theft of cash worth Rs.291065.,53.0,Other,3,12.823961341797368,77.50234713896832,0,0,1
54,FIR/2023/KA01/00027,2,2,2023-07-01,2023,7,chargesheeted,FIR registered for House Breaking & Theft at Sengupta Zila.,74.0,Female,1,13.016623358469126,77.7011294681393,0,0,1
55,FIR/2022/KA11/00002,509,19,2022-06-01,2022,6,closed,FIR registered for Cyber Crime - Phishing at Varughese Chowk.,,Female,3,15.202417284253837,76.84817352717039,1,0,1
56,FIR/2023/KA11/00003,538,3,2023-10-08,2023,10,under_investigation,Complainant robbed at Dave Path by 4 armed persons.,31.0,Other,1,15.14499122106978,77.05278316777257,0,0,0
57,FIR/2024/KA12/00002,591,19,2024-03-16,2024,3,closed,FIR registered for Cyber Crime - Phishing at Gopal Circle.,37.0,Male,5,16.95901784441998,75.77166987632033,1,0,1
58,FIR/2022/KA10/00001,464,17,2022-06-12,2022,6,closed,FIR registered for Cyber Crime - Identity Theft at Sant Street.,32.0,Other,5,13.47176912663133,77.10556648412127,1,0,1
59,FIR/2022/KA01/00028,132,6,2022-11-13,2022,11,registered,FIR registered for Attempt to Murder at Bhakta Circle.,27.0,Female,5,13.041436746103763,77.4499968993042,0,0,0
60,FIR/2024/KA29/00002,1087,12,2024-11-24,2024,11,pending_trial,Accused cheated complainant of Rs.399705 through false promises.,36.0,Female,2,14.461590561814834,75.95127380450555,0,1,1
61,FIR/2023/KA09/00002,418,27,2023-10-24,2023,10,registered,FIR registered for Hurt/Grievous Hurt at Modi Street.,45.0,Other,2,14.008425316785477,75.69081890007904,0,0,0
62,FIR/2022/KA05/00002,311,14,2022-04-16,2022,4,under_investigation,FIR registered for Forgery at Edwin Street.,35.0,Female,3,17.250911518893997,76.8843617294898,0,1,0
63,FIR/2022/KA12/00003,553,8,2022-02-22,2022,2,under_investigation,Victim reported sexual assault incident at Kar Path. Medical examination conducted.,56.0,Other,1,16.773682251682526,75.82799321056045,0,0,0
64,FIR/2024/KA09/00003,447,2,2024-06-20,2024,6,closed,FIR registered for House Breaking & Theft at Venkataraman Path.,70.0,Male,2,13.869649369098491,75.59184664868717,0,0,1
65,FIR/2023/KA28/00001,1047,32,2023-12-28,2023,12,under_investigation,FIR registered for Missing Person at Brar Road.,70.0,Female,1,14.791498854896842,74.83353523094537,0,0,0
66,FIR/2023/KA01/00029,6,33,2023-05-15,2023,5,chargesheeted,FIR registered for Road Accident Death at Hegde Road.,51.0,Female,5,12.822871053213786,77.69554294334039,0,0,1
67,FIR/2024/KA29/00003,1076,15,2024-03-23,2024,3,chargesheeted,FIR registered for Counterfeiting at Maharaj Circle.,21.0,Female,2,14.523794539780296,75.98455559105565,0,1,1
68,FIR/2024/KA01/00030,106,12,2024-01-15,2024,1,chargesheeted,Accused cheated complainant of Rs.39916 through false promises.,60.0,Other,3,13.035442290942397,77.52442313295737,0,1,1
69,FIR/2023/KA01/00031,114,2,2023-11-13,2023,11,under_investigation,FIR registered for House Breaking & Theft at Walla.,49.0,Other,5,13.043927826752906,77.48346200800033,0,0,0
70,FIR/2023/KA27/00004,1013,22,2023-08-18,2023,8,pending_trial,FIR registered for POCSO Act at Thakkar Zila.,37.0,Female,4,16.06675799271309,75.63795121002363,0,0,1
71,FIR/2024/KA01/00032,35,18,2024-06-22,2024,6,under_investigation,FIR registered for Cyber Crime - Hacking at Dube Street.,58.0,Female,4,13.12326608344315,77.73392434550713,1,0,0
72,FIR/2024/KA01/00033,51,16,2024-01-18,2024,1,pending_trial,Victim lost Rs.84538 through online fraud/UPI scam.,60.0,Male,1,12.957869586556855,77.58553571376294,1,0,1
73,FIR/2024/KA12/00004,582,22,2024-11-20,2024,11,closed,FIR registered for POCSO Act at Barman.,45.0,Female,5,16.734309389534822,75.65556635004823,0,0,1
74,FIR/2024/KA01/00034,129,9,2024-04-21,2024,4,under_investigation,FIR registered for Assault on Women at Bumb Nagar.,37.0,Other,5,12.983361508616225,77.51357657192722,0,0,0
75,FIR/2024/KA16/00002,718,28,2024-03-21,2024,3,pending_trial,FIR registered for Criminal Trespass at Lanka Nagar.,64.0,Male,2,14.756705903567648,75.35583852486465,0,0,1
76,FIR/2024/KA02/00003,196,16,2024-12-01,2024,12,closed,Victim lost Rs.220614 through online fraud/UPI scam.,70.0,Other,3,13.302950282230826,77.47186334408939,1,0,1
77,FIR/2024/KA10/00002,454,22,2024-03-06,2024,3,registered,FIR registered for POCSO Act at Balasubramanian.,57.0,Male,5,13.270815301370773,77.03195811540714,0,0,0
78,FIR/2023/KA23/00002,911,10,2023-06-03,2023,6,chargesheeted,FIR registered for Sexual Harassment at Mann Chowk.,41.0,Male,4,12.813866823882654,77.29621050889367,0,0,1
79,FIR/2022/KA01/00035,34,17,2022-04-08,2022,4,registered,FIR registered for Cyber Crime - Identity Theft at Subramanian Road.,32.0,Other,2,13.014602063589026,77.4730974529694,1,0,0
80,FIR/2023/KA01/00036,167,16,2023-08-28,2023,8,chargesheeted,Victim lost Rs.459439 through online fraud/UPI scam.,45.0,Female,1,12.928019198316852,77.7216691405915,1,0,1
81,FIR/2022/KA06/00002,333,1,2022-12-11,2022,12,under_investigation,Complaint received regarding theft of cash worth Rs.316325.,46.0,Female,1,12.951939197529983,74.86784886598072,0,0,0
82,FIR/2022/KA17/00001,745,11,2022-09-13,2022,9,pending_trial,FIR registered for Kidnapping & Abduction at Bhasin Zila.,58.0,Male,2,14.217638174489366,76.30488059565819,0,0,1
83,FIR/2022/KA03/00002,227,25,2022-05-25,2022,5,closed,FIR registered for Arms Act at Sarraf Street.,21.0,Other,5,12.323521025865983,76.59148015812288,0,0,1
84,FIR/2022/KA08/00001,402,1,2022-11-15,2022,11,under_investigation,Complaint received regarding theft of cash worth Rs.64334.,75.0,Other,5,13.039743266967614,75.9738413722039,0,0,0
85,FIR/2024/KA04/00002,244,16,2024-08-01,2024,8,under_investigation,Victim lost Rs.475085 through online fraud/UPI scam.,23.0,Female,3,15.814907697133235,74.49319249852022,1,0,0
86,FIR/2023/KA12/00005,558,34,2023-03-23,2023,3,closed,FIR registered for Immoral Traffic Act at Dhawan Path.,23.0,Other,4,16.85120295343419,75.80532365702476,0,0,1
87,FIR/2022/KA01/00037,116,27,2022-10-06,2022,10,under_investigation,FIR registered for Hurt/Grievous Hurt at Nagar Path.,54.0,Other,2,13.033425963854796,77.63222329495659,0,0,0
88,FIR/2022/KA01/00038,158,1,2022-12-02,2022,12,under_investigation,Complaint received regarding theft of gold chain worth Rs.387815.,29.0,Male,2,13.034280355180636,77.42853731594377,0,0,0
89,FIR/2024/KA28/00002,1068,27,2024-05-01,2024,5,chargesheeted,FIR registered for Hurt/Grievous Hurt at Prabhakar Street.,49.0,Male,2,14.864935493087373,74.59944947959212,0,0,1
90,FIR/2022/KA01/00039,147,2,2022-07-15,2022,7,registered,FIR registered for House Breaking & Theft at Cherian Circle.,35.0,Other,5,12.854990855652229,77.7200915040386,0,0,0
91,FIR/2024/KA01/00040,90,16,2024-03-05,2024,3,registered,Victim lost Rs.24252 through online fraud/UPI scam.,60.0,Other,5,12.999735661865683,77.50778138793078,1,0,0
92,FIR/2024/KA10/00003,468,8,2024-01-04,2024,1,under_investigation,Victim reported sexual assault incident at Das Chowk. Medical examination conducted.,62.0,Other,5,13.226040303535493,76.99366708789867,0,0,0
93,FIR/2023/KA12/00006,577,16,2023-08-24,2023,8,chargesheeted,Victim lost Rs.53824 through online fraud/UPI scam.,75.0,Female,1,16.83421367951349,75.64651038520338,1,0,1
94,FIR/2023/KA01/00041,151,5,2023-02-10,2023,2,chargesheeted,Dead body found at Dhaliwal Ganj. Prima facie case of murder registered.,44.0,Other,2,13.011201179893806,77.73820214979715,0,0,1
95,FIR/2022/KA13/00004,611,1,2022-02-19,2022,2,chargesheeted,Complaint received regarding theft of cash worth Rs.50964.,56.0,Other,3,16.28035814420344,77.42402491879406,0,0,1
96,FIR/2024/KA01/00042,17,1,2024-05-17,2024,5,chargesheeted,Complaint received regarding theft of cash worth Rs.190521.,49.0,Other,4,12.89474317814874,77.57047428926626,0,0,1
97,FIR/2022/KA11/00004,526,14,2022-10-08,2022,10,chargesheeted,FIR registered for Forgery at Sahota.,,Other,1,15.10676473502495,76.8305842334541,0,1,1
98,FIR/2022/KA01/00043,177,14,2022-10-14,2022,10,under_investigation,FIR registered for Forgery at Dutta Ganj.,,Male,3,13.029152700887142,77.72029544253652,0,1,0
99,FIR/2023/KA01/00044,156,12,2023-05-17,2023,5,chargesheeted,Accused cheated complainant of Rs.64683 through false promises.,64.0,Other,5,13.02012751301012,77.49419871079625,0,1,1
100,FIR/2023/KA09/00004,426,1,2023-04-11,2023,4,closed,Complaint received regarding theft of laptop worth Rs.485333.,59.0,Male,4,13.86043145154667,75.50013171745373,0,0,1
101,FIR/2024/KA08/00002,408,16,2024-09-11,2024,9,chargesheeted,Victim lost Rs.491429 through online fraud/UPI scam.,37.0,Other,3,12.952430088332141,76.04641573721847,1,0,1
102,FIR/2022/KA10/00004,466,2,2022-10-22,2022,10,under_investigation,FIR registered for House Breaking & Theft at Tara Chowk.,19.0,Female,4,13.21055743390461,77.04910323099745,0,0,0
103,FIR/2023/KA09/00005,441,1,2023-10-20,2023,10,under_investigation,Complaint received regarding theft of cash worth Rs.66260.,38.0,Other,1,13.905751896663984,75.60560491139968,0,0,0
104,FIR/2023/KA27/00005,1021,17,2023-04-12,2023,4,chargesheeted,FIR registered for Cyber Crime - Identity Theft at Chana Nagar.,41.0,Male,2,16.27478215384668,75.80320296371949,1,0,1
105,FIR/2023/KA09/00006,442,13,2023-01-26,2023,1,chargesheeted,FIR registered for Criminal Breach of Trust at Tiwari Marg.,48.0,Other,5,14.021030348356584,75.57658451806142,0,1,1
106,FIR/2024/KA27/00006,1023,12,2024-02-27,2024,2,pending_trial,Accused cheated complainant of Rs.359794 through false promises.,20.0,Female,4,16.131239095616106,75.74624179492875,0,1,1
107,FIR/2022/KA25/00001,950,2,2022-01-10,2022,1,pending_trial,FIR registered for House Breaking & Theft at Pandit Ganj.,74.0,Male,1,17.945813108484202,77.4275083714671,0,0,1
108,FIR/2022/KA01/00045,37,1,2022-05-01,2022,5,chargesheeted,Complaint received regarding theft of gold chain worth Rs.339941.,30.0,Female,3,13.0723910322306,77.54776548389611,0,0,1
109,FIR/2023/KA10/00005,497,1,2023-11-04,2023,11,under_investigation,Complaint received regarding theft of two-wheeler worth Rs.148464.,,Other,5,13.402958426478378,77.03437509518292,0,0,0
110,FIR/2024/KA20/00002,807,1,2024-06-18,2024,6,under_investigation,Complaint received regarding theft of two-wheeler worth Rs.499549.,28.0,Male,3,12.491079515340639,76.95266055570119,0,0,0
111,FIR/2024/KA01/00046,102,1,2024-08-02,2024,8,under_investigation,Complaint received regarding theft of laptop worth Rs.478585.,21.0,Male,4,12.999139670425826,77.60621410374716,0,0,0
112,FIR/2024/KA08/00003,414,29,2024-10-21,2024,10,closed,FIR registered for Mischief at Chokshi Nagar.,70.0,Male,5,12.865124824297213,76.09046135965458,0,0,1
113,FIR/2022/KA16/00003,704,8,2022-08-19,2022,8,under_investigation,Victim reported sexual assault incident at Desai Marg. Medical examination conducted.,59.0,Other,4,14.779519834990886,75.456985930808,0,0,0
114,FIR/2024/KA13/00005,598,27,2024-03-28,2024,3,closed,FIR registered for Hurt/Grievous Hurt at Pau Road.,62.0,Other,3,16.122931148253915,77.48701115560912,0,0,1
115,FIR/2024/KA01/00047,148,12,2024-08-16,2024,8,registered,Accused cheated complainant of Rs.64185 through false promises.,72.0,Male,3,13.117201660590593,77.5085856092573,0,1,0
116,FIR/2024/KA01/00048,123,33,2024-03-17,2024,3,under_investigation,FIR registered for Road Accident Death at Rattan Nagar.,52.0,Female,4,13.100462438268853,77.47055101167157,0,0,0
117,FIR/2024/KA01/00049,154,24,2024-04-18,2024,4,under_investigation,FIR registered for NDPS Act at Hayer Nagar.,70.0,Other,5,13.033349939905737,77.48660720904832,0,0,0
118,FIR/2023/KA01/00050,37,30,2023-10-26,2023,10,under_investigation,FIR registered for Extortion at Mani Path.,63.0,Other,4,13.055672914419223,77.54069701974265,0,0,0
119,FIR/2024/KA17/00002,753,9,2024-06-18,2024,6,under_investigation,FIR registered for Assault on Women at Raju Zila.,22.0,Other,1,14.130109347277541,76.28993521660094,0,0,0
120,FIR/2024/KA01/00051,140,1,2024-07-11,2024,7,chargesheeted,Complaint received regarding theft of mobile phone worth Rs.52465.,74.0,Other,1,12.953178108695365,77.50054825575077,0,0,1
121,FIR/2024/KA01/00052,33,9,2024-08-18,2024,8,under_investigation,FIR registered for Assault on Women at Mammen Circle.,61.0,Female,3,12.856334056314212,77.64871817060934,0,0,0
122,FIR/2024/KA27/00007,1040,17,2024-05-14,2024,5,chargesheeted,FIR registered for Cyber Crime - Identity Theft at Dani.,50.0,Female,2,16.192957207178054,75.69689642234123,1,0,1
123,FIR/2023/KA01/00053,161,9,2023-09-02,2023,9,registered,FIR registered for Assault on Women at Chatterjee Street.,36.0,Male,2,13.108510620044656,77.52923155498334,0,0,0
124,FIR/2024/KA10/00006,484,24,2024-11-11,2024,11,chargesheeted,FIR registered for NDPS Act at Prakash Marg.,60.0,Male,4,13.350004754627534,77.02147986315077,0,0,1
125,FIR/2023/KA14/00003,669,1,2023-06-27,2023,6,under_investigation,Complaint received regarding theft of gold chain worth Rs.462564.,22.0,Other,1,15.3590988354582,74.95669854729663,0,0,0
126,FIR/2023/KA01/00054,21,16,2023-11-14,2023,11,pending_trial,Victim lost Rs.49388 through online fraud/UPI scam.,44.0,Female,5,13.008966440498384,77.66490393926401,1,0,1
127,FIR/2022/KA23/00003,904,11,2022-08-17,2022,8,under_investigation,FIR registered for Kidnapping & Abduction at Upadhyay.,45.0,Other,1,12.642080540031122,77.23521615546694,0,0,0
128,FIR/2023/KA01/00055,52,25,2023-04-23,2023,4,chargesheeted,FIR registered for Arms Act at Tella Marg.,,Male,5,13.016967725283886,77.63319714394986,0,0,1
129,FIR/2024/KA01/00056,37,1,2024-10-16,2024,10,pending_trial,Complaint received regarding theft of mobile phone worth Rs.79494.,23.0,Other,5,13.054637854029307,77.53575206289395,0,0,1
130,FIR/2024/KA01/00057,27,27,2024-12-22,2024,12,pending_trial,FIR registered for Hurt/Grievous Hurt at Devan Nagar.,75.0,Female,5,13.036885085329885,77.62227775241365,0,0,1
131,FIR/2024/KA01/00058,30,1,2024-09-16,2024,9,chargesheeted,Complaint received regarding theft of gold chain worth Rs.225733.,69.0,Female,3,13.033563326512851,77.68298204651441,0,0,1
132,FIR/2024/KA01/00059,135,12,2024-10-24,2024,10,under_investigation,Accused cheated complainant of Rs.141547 through false promises.,55.0,Male,5,13.067861795391654,77.63692159317557,0,1,0
133,FIR/2024/KA27/00008,1034,31,2024-12-20,2024,12,registered,FIR registered for Criminal Intimidation at Varma Street.,72.0,Female,3,16.253799550512255,75.72484887725926,0,0,0
134,FIR/2024/KA01/00060,135,1,2024-05-01,2024,5,closed,Complaint received regarding theft of cash worth Rs.96547.,41.0,Male,3,13.09709810821151,77.6067548352323,0,0,1
135,FIR/2024/KA05/00003,287,12,2024-03-26,2024,3,chargesheeted,Accused cheated complainant of Rs.184751 through false promises.,56.0,Male,4,17.459969451875207,76.68166891506124,0,1,1
136,FIR/2022/KA01/00061,40,14,2022-07-08,2022,7,chargesheeted,FIR registered for Forgery at Ramaswamy Street.,,Female,1,13.00162592787969,77.72721559712134,0,1,1
137,FIR/2022/KA01/00062,169,1,2022-08-10,2022,8,chargesheeted,Complaint received regarding theft of cash worth Rs.127505.,42.0,Female,3,13.023427993238224,77.60598410943399,0,0,1
138,FIR/2024/KA01/00063,43,19,2024-01-10,2024,1,pending_trial,FIR registered for Cyber Crime - Phishing at Nayar.,61.0,Male,1,13.136853485642462,77.64505996605021,1,0,1
139,FIR/2023/KA06/00003,321,15,2023-07-20,2023,7,pending_trial,FIR registered for Counterfeiting at Upadhyay Circle.,24.0,Female,5,12.992797150547597,74.88720404061225,0,1,1
140,FIR/2022/KA01/00064,103,28,2022-12-08,2022,12,closed,FIR registered for Criminal Trespass at Suri Circle.,61.0,Other,2,12.871154793114785,77.43833911956668,0,0,1
141,FIR/2024/KA28/00003,1069,1,2024-01-27,2024,1,registered,Complaint received regarding theft of laptop worth Rs.56222.,40.0,Male,3,14.67641284428581,74.57345967050114,0,0,0
142,FIR/2023/KA01/00065,16,29,2023-10-03,2023,10,registered,FIR registered for Mischief at Badal Chowk.,58.0,Male,1,12.999466454962386,77.63152643137417,0,0,0
143,FIR/2023/KA30/00002,1128,1,2023-07-22,2023,7,closed,Complaint received regarding theft of cash worth Rs.426108.,62.0,Male,3,15.319924744666027,76.38617311385542,0,0,1
144,FIR/2024/KA29/00004,1081,16,2024-02-21,2024,2,chargesheeted,Victim lost Rs.408365 through online fraud/UPI scam.,60.0,Female,3,14.392520641265849,75.92026188240162,1,0,1
145,FIR/2024/KA11/00005,515,13,2024-01-13,2024,1,under_investigation,FIR registered for Criminal Breach of Trust at Morar.,22.0,Female,2,14.996592075398157,76.9289266868026,0,1,0
146,FIR/2022/KA06/00004,322,30,2022-08-04,2022,8,under_investigation,FIR registered for Extortion at Som Nagar.,63.0,Female,1,12.792168435785092,74.91514749308543,0,0,0
147,FIR/2024/KA01/00066,101,35,2024-12-09,2024,12,closed,FIR registered for SC/ST Atrocities Act at Kari Road.,58.0,Male,1,13.007155233459976,77.53896345924461,0,0,1
148,FIR/2022/KA01/00067,164,19,2022-12-11,2022,12,pending_trial,FIR registered for Cyber Crime - Phishing at Srinivasan Nagar.,43.0,Other,1,12.906883148680759,77.55997329441179,1,0,1
149,FIR/2023/KA01/00068,68,13,2023-12-27,2023,12,closed,FIR registered for Criminal Breach of Trust at Viswanathan Street.,37.0,Female,1,13.005246901063982,77.64876695547458,0,1,1
150,FIR/2024/KA06/00005,321,1,2024-02-12,2024,2,chargesheeted,Complaint received regarding theft of gold chain worth Rs.47182.,36.0,Other,2,12.98421573218038,74.85785124730381,0,0,1
151,FIR/2023/KA30/00003,1111,22,2023-07-22,2023,7,under_investigation,FIR registered for POCSO Act at Kibe Street.,40.0,Female,1,15.254419566186664,76.594991349973,0,0,0
152,FIR/2024/KA01/00069,111,27,2024-04-05,2024,4,registered,FIR registered for Hurt/Grievous Hurt at Choudhary Nagar.,22.0,Other,3,13.071705366060597,77.55436015383978,0,0,0
153,FIR/2024/KA01/00070,59,32,2024-08-01,2024,8,registered,FIR registered for Missing Person at Bahl Ganj.,31.0,Other,5,13.090667814590242,77.50111411293786,0,0,0
154,FIR/2023/KA27/00009,1038,23,2023-09-05,2023,9,closed,FIR registered for Domestic Violence at Murthy Chowk.,,Male,4,16.070137261071167,75.61120778543233,0,0,1
155,FIR/2024/KA01/00071,150,33,2024-10-02,2024,10,under_investigation,FIR registered for Road Accident Death at Doshi Marg.,75.0,Female,1,12.885236383717068,77.64126657551532,0,0,0
156,FIR/2023/KA01/00072,17,1,2023-10-03,2023,10,closed,Complaint received regarding theft of mobile phone worth Rs.64863.,57.0,Male,1,12.907221141237091,77.58032645855754,0,0,1
157,FIR/2022/KA16/00004,719,31,2022-12-22,2022,12,under_investigation,FIR registered for Criminal Intimidation at Thaker Marg.,68.0,Male,1,14.777592410121633,75.26978014910675,0,0,0
158,FIR/2024/KA06/00006,339,12,2024-02-09,2024,2,under_investigation,Accused cheated complainant of Rs.93107 through false promises.,46.0,Male,5,12.935694955774478,74.84917971402713,0,1,0
159,FIR/2023/KA20/00003,802,27,2023-11-20,2023,11,under_investigation,FIR registered for Hurt/Grievous Hurt at Devi Nagar.,,Male,2,12.47134047825132,76.88717264993826,0,0,0
160,FIR/2022/KA01/00073,149,8,2022-10-10,2022,10,under_investigation,Victim reported sexual assault incident at Johal Circle. Medical examination conducted.,58.0,Female,5,12.89117976524044,77.57623815035691,0,0,0
161,FIR/2024/KA20/00004,845,27,2024-03-20,2024,3,chargesheeted,FIR registered for Hurt/Grievous Hurt at Nair Circle.,23.0,Other,3,12.651213142673846,76.74754280165126,0,0,1
162,FIR/2024/KA31/00001,1139,16,2024-04-07,2024,4,under_investigation,Victim lost Rs.55165 through online fraud/UPI scam.,52.0,Other,2,12.009601640282849,77.08353256980661,1,0,0
163,FIR/2022/KA27/00010,1029,28,2022-04-09,2022,4,registered,FIR registered for Criminal Trespass at Murthy Marg.,48.0,Female,2,16.080839383741303,75.69755092157838,0,0,0
164,FIR/2024/KA01/00074,162,1,2024-01-21,2024,1,under_investigation,Complaint received regarding theft of two-wheeler worth Rs.232893.,69.0,Female,1,13.038168843983058,77.56616026318171,0,0,0
165,FIR/2024/KA07/00001,366,3,2024-09-06,2024,9,under_investigation,Complainant robbed at Oommen Circle by 1 armed persons.,,Male,4,13.222644266490626,74.78627589257285,0,0,0
166,FIR/2022/KA08/00004,393,11,2022-04-24,2022,4,chargesheeted,FIR registered for Kidnapping & Abduction at Pandya Circle.,24.0,Male,4,12.886320452117907,76.06716929551511,0,0,1
167,FIR/2024/KA10/00007,482,16,2024-04-03,2024,4,chargesheeted,Victim lost Rs.33489 through online fraud/UPI scam.,57.0,Female,2,13.456023212155547,77.19808618458323,1,0,1
168,FIR/2023/KA03/00003,221,28,2023-12-07,2023,12,chargesheeted,FIR registered for Criminal Trespass at Koshy Ganj.,62.0,Other,1,12.387441166195542,76.7679173708216,0,0,1
169,FIR/2023/KA05/00004,290,29,2023-08-15,2023,8,under_investigation,FIR registered for Mischief at Misra Road.,68.0,Other,5,17.432452124018294,76.86408085783403,0,0,0
170,FIR/2024/KA01/00075,49,1,2024-09-28,2024,9,under_investigation,Complaint received regarding theft of laptop worth Rs.454301.,31.0,Other,4,13.00639256104957,77.57756783513358,0,0,0
171,FIR/2022/KA08/00005,397,22,2022-12-14,2022,12,closed,FIR registered for POCSO Act at Johal Road.,32.0,Other,2,12.998720188831598,76.16144107177266,0,0,1
172,FIR/2023/KA01/00076,49,1,2023-07-02,2023,7,registered,Complaint received regarding theft of laptop worth Rs.389552.,43.0,Female,1,12.991010654728676,77.57602145970054,0,0,0
173,FIR/2023/KA06/00007,332,12,2023-09-25,2023,9,registered,Accused cheated complainant of Rs.119298 through false promises.,33.0,Other,1,12.875603206578191,74.8506874243343,0,1,0
174,FIR/2023/KA25/00002,948,11,2023-03-23,2023,3,chargesheeted,FIR registered for Kidnapping & Abduction at Mahal Circle.,47.0,Male,4,17.796635829529603,77.60342007198216,0,0,1
175,FIR/2024/KA14/00004,658,12,2024-11-15,2024,11,chargesheeted,Accused cheated complainant of Rs.456088 through false promises.,62.0,Female,5,15.589519567016302,74.99966709012153,0,1,1
176,FIR/2022/KA20/00005,840,35,2022-05-23,2022,5,pending_trial,FIR registered for SC/ST Atrocities Act at Raghavan.,23.0,Other,3,12.38161443140538,76.84307346700845,0,0,1
177,FIR/2022/KA27/00011,996,14,2022-11-12,2022,11,closed,FIR registered for Forgery at Pai Marg.,20.0,Female,3,16.206666696127467,75.6046146183212,0,1,1
178,FIR/2023/KA01/00077,165,34,2023-02-18,2023,2,chargesheeted,FIR registered for Immoral Traffic Act at Mannan Street.,25.0,Other,4,13.01419520258282,77.56838808560684,0,0,1
179,FIR/2022/KA01/00078,118,19,2022-12-07,2022,12,closed,FIR registered for Cyber Crime - Phishing at Mani Nagar.,50.0,Other,4,13.043232813359754,77.56375976720238,1,0,1
180,FIR/2022/KA01/00079,28,1,2022-06-15,2022,6,chargesheeted,Complaint received regarding theft of cash worth Rs.439928.,52.0,Other,5,13.13641404793485,77.60141313530498,0,0,1
181,FIR/2024/KA01/00080,55,1,2024-06-26,2024,6,chargesheeted,Complaint received regarding theft of mobile phone worth Rs.103751.,,Female,2,12.888076907507378,77.73984507719665,0,0,1
182,FIR/2024/KA01/00081,66,10,2024-02-06,2024,2,under_investigation,FIR registered for Sexual Harassment at Kala Chowk.,51.0,Other,1,12.869073777677697,77.6418939842217,0,0,0
183,FIR/2022/KA01/00082,170,21,2022-09-05,2022,9,chargesheeted,FIR registered for Dowry Prohibition Act at Yohannan Ganj.,22.0,Male,2,12.977825900744513,77.65893781931825,0,0,1
184,FIR/2022/KA01/00083,69,1,2022-06-14,2022,6,chargesheeted,Complaint received regarding theft of gold chain worth Rs.259881.,54.0,Male,3,12.978037485017438,77.5299112983054,0,0,1
185,FIR/2022/KA01/00084,100,2,2022-08-12,2022,8,pending_trial,FIR registered for House Breaking & Theft at Chopra Street.,28.0,Other,2,13.121192486893927,77.48957986328789,0,0,1
186,FIR/2022/KA01/00085,44,13,2022-03-27,2022,3,chargesheeted,FIR registered for Criminal Breach of Trust at Khatri.,38.0,Other,2,12.954681545510175,77.51375888573375,0,1,1
187,FIR/2024/KA01/00086,131,16,2024-04-18,2024,4,chargesheeted,Victim lost Rs.185274 through online fraud/UPI scam.,52.0,Male,5,12.837835390780892,77.50666635903768,1,0,1
188,FIR/2024/KA01/00087,15,27,2024-07-16,2024,7,closed,FIR registered for Hurt/Grievous Hurt at Kara Circle.,65.0,Other,5,12.921432225843205,77.65387105426346,0,0,1
189,FIR/2024/KA01/00088,30,29,2024-08-10,2024,8,pending_trial,FIR registered for Mischief at Ben Ganj.,64.0,Female,3,13.054428879259204,77.6844456208512,0,0,1
190,FIR/2024/KA01/00089,22,8,2024-01-05,2024,1,chargesheeted,Victim reported sexual assault incident at Sachdev Zila. Medical examination conducted.,71.0,Male,4,12.934585741943264,77.71201865878696,0,0,1
191,FIR/2022/KA13/00006,594,2,2022-10-21,2022,10,under_investigation,FIR registered for House Breaking & Theft at Sodhi Path.,23.0,Other,4,16.25600153552662,77.49477594793873,0,0,0
192,FIR/2023/KA01/00090,133,14,2023-09-13,2023,9,under_investigation,FIR registered for Forgery at Devan Zila.,41.0,Female,2,12.970015550893606,77.46038561912347,0,1,0
193,FIR/2024/KA01/00091,133,13,2024-07-12,2024,7,registered,FIR registered for Criminal Breach of Trust at Dugar Nagar.,73.0,Other,1,12.95000480622478,77.47879219506389,0,1,0
194,FIR/2024/KA01/00092,14,6,2024-12-14,2024,12,closed,FIR registered for Attempt to Murder at Soni Marg.,44.0,Male,5,12.908909428280735,77.62105057131761,0,0,1
195,FIR/2023/KA24/00003,926,16,2023-05-16,2023,5,pending_trial,Victim lost Rs.180854 through online fraud/UPI scam.,55.0,Female,1,16.6418747547154,77.05324123998858,1,0,1
196,FIR/2023/KA01/00093,39,13,2023-05-14,2023,5,under_investigation,FIR registered for Criminal Breach of Trust at Nagi Road.,71.0,Female,3,12.844518677060421,77.65447031657756,0,1,0
197,FIR/2023/KA01/00094,87,8,2023-05-27,2023,5,chargesheeted,Victim reported sexual assault incident at Bhargava Road. Medical examination conducted.,68.0,Male,2,12.824656080942443,77.57223606384532,0,0,1
198,FIR/2022/KA01/00095,8,10,2022-11-16,2022,11,under_investigation,FIR registered for Sexual Harassment at Kata Zila.,62.0,Other,2,12.830561703394698,77.48420373423255,0,0,0
199,FIR/2024/KA01/00096,118,1,2024-08-03,2024,8,chargesheeted,Complaint received regarding theft of gold chain worth Rs.309645.,73.0,Female,4,13.071117349935962,77.5939562317847,0,0,1
200,FIR/2024/KA06/00008,338,21,2024-06-17,2024,6,closed,FIR registered for Dowry Prohibition Act at Sahni Street.,21.0,Male,3,12.864395758715606,74.81365232179245,0,0,1
201,FIR/2023/KA01/00097,179,1,2023-06-06,2023,6,registered,Complaint received regarding theft of gold chain worth Rs.224946.,,Female,5,12.880989861011123,77.4319180672222,0,0,0
202,FIR/2023/KA06/00009,327,24,2023-04-25,2023,4,chargesheeted,FIR registered for NDPS Act at Tandon Marg.,73.0,Female,3,12.934755358945084,74.71622470048294,0,0,1
203,FIR/2023/KA01/00098,46,9,2023-06-04,2023,6,chargesheeted,FIR registered for Assault on Women at Mann Street.,,Other,3,13.02887256780422,77.46165796099018,0,0,1
204,FIR/2023/KA09/00007,448,17,2023-06-06,2023,6,under_investigation,FIR registered for Cyber Crime - Identity Theft at Andra Nagar.,68.0,Other,5,13.93825811316425,75.48679080855158,1,0,0
205,FIR/2022/KA30/00004,1112,18,2022-09-23,2022,9,chargesheeted,FIR registered for Cyber Crime - Hacking at Chhabra Road.,25.0,Male,1,15.375467729194941,76.56601593863388,1,0,1
206,FIR/2022/KA01/00099,37,2,2022-06-05,2022,6,closed,FIR registered for House Breaking & Theft at Mane Path.,37.0,Male,1,13.05999431391022,77.55112660836788,0,0,1
207,FIR/2023/KA01/00100,58,2,2023-03-23,2023,3,under_investigation,FIR registered for House Breaking & Theft at Viswanathan Chowk.,45.0,Other,1,12.85460241190088,77.60127969232163,0,0,0
208,FIR/2022/KA01/00101,63,30,2022-07-02,2022,7,under_investigation,FIR registered for Extortion at Desai Chowk.,34.0,Male,1,12.831210832217808,77.6457318958705,0,0,0
209,FIR/2024/KA04/00003,233,12,2024-02-26,2024,2,under_investigation,Accused cheated complainant of Rs.112689 through false promises.,40.0,Male,1,15.975128279109317,74.45714592051966,0,1,0
210,FIR/2024/KA01/00102,41,12,2024-05-19,2024,5,under_investigation,Accused cheated complainant of Rs.453338 through false promises.,22.0,Male,5,13.09385976131856,77.57269454961663,0,1,0
211,FIR/2022/KA21/00002,847,27,2022-12-07,2022,12,pending_trial,FIR registered for Hurt/Grievous Hurt at Narayanan Zila.,24.0,Male,5,13.29563487240474,78.24615662015202,0,0,1
212,FIR/2024/KA01/00103,62,21,2024-12-19,2024,12,under_investigation,FIR registered for Dowry Prohibition Act at Shanker Street.,45.0,Male,5,13.026224168502681,77.47555281914657,0,0,0
213,FIR/2022/KA05/00005,284,17,2022-06-04,2022,6,chargesheeted,FIR registered for Cyber Crime - Identity Theft at Grewal Road.,63.0,Female,5,17.288638462892237,76.96423591780523,1,0,1
214,FIR/2023/KA13/00007,632,2,2023-08-04,2023,8,under_investigation,FIR registered for House Breaking & Theft at Nazareth Nagar.,71.0,Female,2,16.149682635644222,77.42272357300072,0,0,0
215,FIR/2022/KA01/00104,153,16,2022-07-07,2022,7,closed,Victim lost Rs.497349 through online fraud/UPI scam.,61.0,Female,1,13.096120790341274,77.61824549505215,1,0,1
216,FIR/2023/KA01/00105,42,18,2023-11-03,2023,11,under_investigation,FIR registered for Cyber Crime - Hacking at Ravi Street.,75.0,Male,1,13.04272839973903,77.63952345542033,1,0,0
217,FIR/2023/KA06/00010,317,2,2023-04-20,2023,4,closed,FIR registered for House Breaking & Theft at Varma Marg.,64.0,Female,3,12.876639680488077,74.71847088656554,0,0,1
218,FIR/2023/KA04/00004,246,1,2023-10-09,2023,10,closed,Complaint received regarding theft of laptop worth Rs.191697.,43.0,Female,5,15.87370362532764,74.47318298222311,0,0,1
219,FIR/2024/KA01/00106,49,1,2024-02-04,2024,2,under_investigation,Complaint received regarding theft of laptop worth Rs.126017.,,Other,1,13.006125498744794,77.58632639634648,0,0,0
220,FIR/2022/KA01/00107,116,27,2022-01-06,2022,1,under_investigation,FIR registered for Hurt/Grievous Hurt at Dey Street.,24.0,Male,5,13.05764388434392,77.6581482566091,0,0,0
221,FIR/2023/KA10/00008,495,25,2023-04-10,2023,4,chargesheeted,FIR registered for Arms Act at Naik Chowk.,69.0,Other,5,13.245562815705473,77.12898459626281,0,0,1
222,FIR/2023/KA01/00108,170,12,2023-07-04,2023,7,under_investigation,Accused cheated complainant of Rs.452151 through false promises.,20.0,Male,2,12.966694662019316,77.67256742810875,0,1,0
223,FIR/2024/KA27/00012,1001,27,2024-05-23,2024,5,under_investigation,FIR registered for Hurt/Grievous Hurt at Rajagopal Road.,49.0,Male,5,16.264264983205603,75.71837114357095,0,0,0
224,FIR/2024/KA01/00109,45,23,2024-11-18,2024,11,chargesheeted,FIR registered for Domestic Violence at Sekhon Ganj.,43.0,Female,4,13.001734804746054,77.50874590820244,0,0,1
225,FIR/2024/KA01/00110,65,1,2024-11-12,2024,11,closed,Complaint received regarding theft of gold chain worth Rs.173025.,,Male,2,12.99441536607981,77.45561907151173,0,0,1
226,FIR/2022/KA05/00006,308,28,2022-12-19,2022,12,registered,FIR registered for Criminal Trespass at Apte Road.,40.0,Female,3,17.362961969874515,76.7973121554569,0,0,0
227,FIR/2022/KA14/00005,680,2,2022-04-21,2022,4,under_investigation,FIR registered for House Breaking & Theft at Parsa Road.,25.0,Female,2,15.436581479607826,74.89293367351358,0,0,0
228,FIR/2024/KA01/00111,59,27,2024-08-22,2024,8,closed,FIR registered for Hurt/Grievous Hurt at Bhatia Ganj.,62.0,Female,5,13.073222458056023,77.48665157323745,0,0,1
229,FIR/2024/KA03/00004,229,11,2024-10-13,2024,10,under_investigation,FIR registered for Kidnapping & Abduction at Shroff Zila.,61.0,Male,3,12.354919255871406,76.67339728710941,0,0,0
230,FIR/2023/KA01/00112,141,27,2023-11-11,2023,11,under_investigation,FIR registered for Hurt/Grievous Hurt at Dutta Road.,58.0,Male,5,13.104380204195307,77.59544320398746,0,0,0
231,FIR/2023/KA01/00113,136,13,2023-05-19,2023,5,under_investigation,FIR registered for Criminal Breach of Trust at Thakkar Marg.,55.0,Male,5,12.920601522446562,77.65333379106046,0,1,0
232,FIR/2022/KA12/00007,593,16,2022-09-16,2022,9,under_investigation,Victim lost Rs.422150 through online fraud/UPI scam.,37.0,Other,3,16.680258419381936,75.71331790316621,1,0,0
233,FIR/2023/KA25/00003,938,12,2023-04-14,2023,4,under_investigation,Accused cheated complainant of Rs.275201 through false promises.,53.0,Male,1,18.0155667574623,77.47010996460256,0,1,0
234,FIR/2022/KA25/00004,952,19,2022-03-19,2022,3,chargesheeted,FIR registered for Cyber Crime - Phishing at Kant.,64.0,Other,1,17.79606978342934,77.43416498676636,1,0,1
235,FIR/2023/KA27/00013,1020,19,2023-03-08,2023,3,under_investigation,FIR registered for Cyber Crime - Phishing at Deol Ganj.,73.0,Male,2,16.157843679317367,75.67245539034406,1,0,0
236,FIR/2024/KA01/00114,50,27,2024-05-21,2024,5,under_investigation,FIR registered for Hurt/Grievous Hurt at Dua Chowk.,27.0,Male,1,12.933541464392736,77.48598715296511,0,0,0
237,FIR/2024/KA04/00005,248,29,2024-08-16,2024,8,chargesheeted,FIR registered for Mischief at Prakash Chowk.,35.0,Male,1,15.827906873898765,74.5598935273183,0,0,1
238,FIR/2022/KA01/00115,55,9,2022-11-18,2022,11,under_investigation,FIR registered for Assault on Women at Sinha Marg.,21.0,Male,3,12.900605989608877,77.73626687118995,0,0,0
239,FIR/2023/KA12/00008,587,1,2023-07-12,2023,7,chargesheeted,Complaint received regarding theft of mobile phone worth Rs.213087.,54.0,Other,5,16.943995417895984,75.85083030235488,0,0,1
240,FIR/2023/KA13/00008,619,29,2023-10-25,2023,10,pending_trial,FIR registered for Mischief at Bumb Ganj.,25.0,Female,3,16.177636366606333,77.4881324541472,0,0,1
241,FIR/2024/KA17/00003,742,1,2024-12-24,2024,12,under_investigation,Complaint received regarding theft of laptop worth Rs.119299.,31.0,Female,4,14.188328022227259,76.34846199734707,0,0,0
242,FIR/2024/KA01/00116,46,12,2024-01-16,2024,1,chargesheeted,Accused cheated complainant of Rs.170931 through false promises.,33.0,Female,2,13.028471920490748,77.47088884916488,0,1,1
243,FIR/2024/KA01/00117,54,3,2024-05-01,2024,5,chargesheeted,Complainant robbed at Choudhury Zila by 1 armed persons.,68.0,Other,2,12.972605315848567,77.48204260850109,0,0,1
244,FIR/2024/KA11/00006,549,19,2024-11-23,2024,11,under_investigation,FIR registered for Cyber Crime - Phishing at Tiwari Nagar.,42.0,Male,4,15.060042296013949,76.94929506773506,1,0,0
245,FIR/2023/KA04/00006,263,6,2023-05-03,2023,5,pending_trial,FIR registered for Attempt to Murder at Yadav Ganj.,28.0,Female,3,16.00632568990071,74.51762563602436,0,0,1
246,FIR/2023/KA01/00118,66,30,2023-07-26,2023,7,registered,FIR registered for Extortion at Gala Street.,44.0,Female,4,12.89241744908957,77.63592065241801,0,0,0
247,FIR/2024/KA01/00119,144,13,2024-03-23,2024,3,under_investigation,FIR registered for Criminal Breach of Trust at Venkatesh Path.,70.0,Other,3,12.95614047012544,77.52694403573334,0,1,0
248,FIR/2023/KA01/00120,55,17,2023-01-21,2023,1,chargesheeted,FIR registered for Cyber Crime - Identity Theft at Dada Chowk.,,Male,3,12.889090872106019,77.70486928205693,1,0,1
249,FIR/2024/KA08/00006,380,1,2024-03-08,2024,3,chargesheeted,Complaint received regarding theft of two-wheeler worth Rs.449051.,38.0,Female,4,12.913660233747713,76.00654139207121,0,0,1
250,FIR/2024/KA27/00014,1006,17,2024-03-22,2024,3,chargesheeted,FIR registered for Cyber Crime - Identity Theft at Uppal Zila.,44.0,Female,2,16.11421876721656,75.83017080113719,1,0,1
251,FIR/2022/KA26/00002,988,22,2022-10-08,2022,10,registered,FIR registered for POCSO Act at Bhakta Chowk.,47.0,Male,3,15.475083446168135,76.1554502382546,0,0,0
252,FIR/2023/KA05/00007,311,18,2023-07-20,2023,7,under_investigation,FIR registered for Cyber Crime - Hacking at Deo Chowk.,28.0,Other,1,17.224086596271093,76.88235450801324,1,0,0
253,FIR/2024/KA12/00009,575,33,2024-08-27,2024,8,chargesheeted,FIR registered for Road Accident Death at Sagar Circle.,73.0,Female,3,16.789946721177987,75.84238894060533,0,0,1
254,FIR/2024/KA01/00121,162,1,2024-07-28,2024,7,under_investigation,Complaint received regarding theft of two-wheeler worth Rs.437059.,30.0,Female,2,13.050332964076656,77.56989971408461,0,0,0
255,FIR/2024/KA18/00001,783,1,2024-05-09,2024,5,under_investigation,Complaint received regarding theft of laptop worth Rs.480701.,61.0,Other,4,13.231116546955324,75.64316126432193,0,0,0
256,FIR/2023/KA21/00003,856,16,2023-06-23,2023,6,under_investigation,Victim lost Rs.378993 through online fraud/UPI scam.,65.0,Other,3,13.204385224728846,78.12276299897562,1,0,0
257,FIR/2023/KA01/00122,144,1,2023-01-11,2023,1,pending_trial,Complaint received regarding theft of laptop worth Rs.481172.,60.0,Other,1,12.938224439408081,77.54603167991031,0,0,1
258,FIR/2023/KA16/00005,703,1,2023-07-10,2023,7,pending_trial,Complaint received regarding theft of gold chain worth Rs.74330.,34.0,Male,5,14.687464593104579,75.43228806943449,0,0,1
259,FIR/2024/KA01/00123,143,16,2024-08-05,2024,8,under_investigation,Victim lost Rs.231979 through online fraud/UPI scam.,38.0,Male,2,12.960078424699212,77.47861985958421,1,0,0
260,FIR/2024/KA01/00124,125,11,2024-05-24,2024,5,under_investigation,FIR registered for Kidnapping & Abduction at Sampath Nagar.,66.0,Female,5,13.040695412634545,77.59307887239318,0,0,0
261,FIR/2023/KA01/00125,163,3,2023-06-24,2023,6,pending_trial,Complainant robbed at Bhatt Path by 4 armed persons.,,Male,1,12.891313421822769,77.68154848992677,0,0,1
262,FIR/2023/KA01/00126,51,2,2023-05-06,2023,5,chargesheeted,FIR registered for House Breaking & Theft at Bhasin Circle.,,Female,5,12.94808198057847,77.58442654200043,0,0,1
263,FIR/2023/KA01/00127,151,32,2023-12-28,2023,12,under_investigation,FIR registered for Missing Person at Sodhi Zila.,29.0,Male,5,13.016270870259522,77.73624989557115,0,0,0
264,FIR/2022/KA05/00008,316,19,2022-11-19,2022,11,under_investigation,FIR registered for Cyber Crime - Phishing at Mangat Nagar.,22.0,Male,4,17.195462340643857,76.78177570792076,1,0,0
265,FIR/2024/KA10/00009,472,2,2024-01-10,2024,1,chargesheeted,FIR registered for House Breaking & Theft at Gole Marg.,24.0,Female,2,13.359026980087597,77.13272232721815,0,0,1
266,FIR/2022/KA01/00128,54,12,2022-12-22,2022,12,chargesheeted,Accused cheated complainant of Rs.316534 through false promises.,20.0,Other,5,13.000521838739008,77.47965161873203,0,1,1
267,FIR/2023/KA31/00002,1140,16,2023-12-24,2023,12,pending_trial,Victim lost Rs.72801 through online fraud/UPI scam.,69.0,Other,3,11.889194833867474,76.87745240095943,1,0,1
268,FIR/2022/KA01/00129,25,24,2022-02-18,2022,2,pending_trial,FIR registered for NDPS Act at Purohit Chowk.,33.0,Female,1,13.101618481435164,77.47442890962449,0,0,1
269,FIR/2022/KA24/00004,935,2,2022-07-25,2022,7,under_investigation,FIR registered for House Breaking & Theft at Buch Marg.,45.0,Other,3,16.795859370874453,76.99711554427483,0,0,0
270,FIR/2023/KA01/00130,14,13,2023-06-22,2023,6,under_investigation,FIR registered for Criminal Breach of Trust at Deol Circle.,74.0,Female,4,12.895731176143126,77.63931862997981,0,1,0
271,FIR/2023/KA01/00131,24,26,2023-02-25,2023,2,under_investigation,FIR registered for Riots at Dani Path.,45.0,Male,1,12.997509658367916,77.73287787162481,0,0,0
272,FIR/2023/KA04/00007,232,12,2023-11-08,2023,11,chargesheeted,Accused cheated complainant of Rs.492937 through false promises.,59.0,Other,1,15.886934120979136,74.39082622075725,0,1,1
273,FIR/2022/KA05/00009,288,2,2022-08-10,2022,8,under_investigation,FIR registered for House Breaking & Theft at Wadhwa Marg.,51.0,Female,3,17.478699427435792,76.84840477318899,0,0,0
274,FIR/2023/KA20/00006,839,35,2023-01-17,2023,1,under_investigation,FIR registered for SC/ST Atrocities Act at Kapoor Street.,64.0,Other,3,12.573971305425305,76.85366671539026,0,0,0
275,FIR/2023/KA01/00132,98,19,2023-09-01,2023,9,under_investigation,FIR registered for Cyber Crime - Phishing at Bajaj Nagar.,20.0,Male,4,13.068668213885418,77.54184990063153,1,0,0
276,FIR/2024/KA01/00133,10,2,2024-10-24,2024,10,chargesheeted,FIR registered for House Breaking & Theft at Sheth Road.,73.0,Male,2,13.100938495633072,77.56804117277092,0,0,1
277,FIR/2022/KA10/00010,466,1,2022-10-09,2022,10,closed,Complaint received regarding theft of mobile phone worth Rs.232435.,,Male,1,13.192366414048134,77.0344917949565,0,0,1
278,FIR/2022/KA01/00134,83,21,2022-12-13,2022,12,closed,FIR registered for Dowry Prohibition Act at Raghavan Circle.,70.0,Other,3,12.868472491687836,77.75706466441605,0,0,1
279,FIR/2022/KA01/00135,38,27,2022-11-13,2022,11,closed,FIR registered for Hurt/Grievous Hurt at Kota Ganj.,,Male,1,12.999648297677314,77.45575584413571,0,0,1
280,FIR/2022/KA10/00011,458,3,2022-01-07,2022,1,chargesheeted,Complainant robbed at Pal Chowk by 2 armed persons.,58.0,Other,2,13.277954741888081,77.08140384585602,0,0,1
281,FIR/2024/KA01/00136,88,23,2024-03-16,2024,3,under_investigation,FIR registered for Domestic Violence at Majumdar Street.,46.0,Female,4,12.814353111147105,77.5499236511358,0,0,0
282,FIR/2024/KA17/00004,761,12,2024-04-07,2024,4,under_investigation,Accused cheated complainant of Rs.31697 through false promises.,,Other,4,14.367847477517511,76.31563265044012,0,1,0
283,FIR/2024/KA01/00137,74,9,2024-12-19,2024,12,chargesheeted,FIR registered for Assault on Women at Saini Nagar.,49.0,Other,5,12.93528756740722,77.48264823815735,0,0,1
284,FIR/2022/KA01/00138,5,1,2022-08-08,2022,8,chargesheeted,Complaint received regarding theft of cash worth Rs.14971.,53.0,Male,3,12.963171087845415,77.57604849832379,0,0,1
285,FIR/2023/KA01/00139,10,2,2023-08-04,2023,8,chargesheeted,FIR registered for House Breaking & Theft at Jhaveri Ganj.,,Female,2,13.112304617481186,77.55568442754272,0,0,1
286,FIR/2024/KA01/00140,152,29,2024-09-08,2024,9,chargesheeted,FIR registered for Mischief at Chaudhuri Zila.,36.0,Other,4,13.085782134731073,77.74733922983181,0,0,1
287,FIR/2023/KA01/00141,123,6,2023-11-21,2023,11,closed,FIR registered for Attempt to Murder at Bandi.,36.0,Other,1,13.103523258094217,77.46617186216083,0,0,1
288,FIR/2024/KA06/00011,332,8,2024-04-06,2024,4,chargesheeted,Victim reported sexual assault incident at Bava Chowk. Medical examination conducted.,49.0,Female,2,12.883343317654141,74.8258079734452,0,0,1
289,FIR/2023/KA01/00142,147,16,2023-01-12,2023,1,closed,Victim lost Rs.359905 through online fraud/UPI scam.,73.0,Other,1,12.8544586217102,77.72529539018447,1,0,1
290,FIR/2024/KA01/00143,106,35,2024-02-20,2024,2,under_investigation,FIR registered for SC/ST Atrocities Act at Sarna Marg.,39.0,Female,1,13.031674795718464,77.54594089400157,0,0,0
291,FIR/2023/KA01/00144,51,28,2023-03-28,2023,3,chargesheeted,FIR registered for Criminal Trespass at Zacharia Ganj.,46.0,Female,1,12.967660390264598,77.59597309582024,0,0,1
292,FIR/2023/KA24/00005,924,27,2023-10-26,2023,10,closed,FIR registered for Hurt/Grievous Hurt at Bhalla Ganj.,28.0,Other,1,16.902062778966126,77.15418243082144,0,0,1
293,FIR/2023/KA01/00145,9,8,2023-03-24,2023,3,under_investigation,Victim reported sexual assault incident at Thakur Street. Medical examination conducted.,24.0,Male,3,12.894340301012505,77.44314589856714,0,0,0
294,FIR/2022/KA09/00008,423,6,2022-04-15,2022,4,pending_trial,FIR registered for Attempt to Murder at Kaur Road.,50.0,Male,1,13.9640896251706,75.53535298977461,0,0,1
295,FIR/2023/KA18/00002,771,31,2023-07-12,2023,7,chargesheeted,FIR registered for Criminal Intimidation at Nagar.,26.0,Female,4,13.346788802309904,75.87671461030041,0,0,1
296,FIR/2022/KA01/00146,62,8,2022-09-26,2022,9,chargesheeted,Victim reported sexual assault incident at Nagi. Medical examination conducted.,63.0,Other,1,13.020513128581257,77.48363118287517,0,0,1
297,FIR/2023/KA25/00005,968,1,2023-03-14,2023,3,registered,Complaint received regarding theft of mobile phone worth Rs.351122.,21.0,Other,5,17.82195944588939,77.59469521190988,0,0,0
298,FIR/2024/KA01/00147,99,16,2024-11-23,2024,11,chargesheeted,Victim lost Rs.383300 through online fraud/UPI scam.,18.0,Female,5,13.120361042542593,77.59133947246917,1,0,1
299,FIR/2022/KA17/00005,760,2,2022-07-15,2022,7,chargesheeted,FIR registered for House Breaking & Theft at Sachdev Ganj.,74.0,Other,4,14.34249501338306,76.33660398729728,0,0,1
300,FIR/2024/KA01/00148,50,30,2024-02-02,2024,2,chargesheeted,FIR registered for Extortion at Maharaj Road.,52.0,Female,2,12.92743078271427,77.47496943405444,0,0,1
301,FIR/2024/KA06/00012,344,18,2024-09-11,2024,9,closed,FIR registered for Cyber Crime - Hacking at Gill Nagar.,52.0,Other,3,12.981716591165611,74.85163831148574,1,0,1
302,FIR/2023/KA01/00149,63,32,2023-12-14,2023,12,pending_trial,FIR registered for Missing Person at Tandon Marg.,34.0,Other,5,12.833323933836166,77.6472303149175,0,0,1
303,FIR/2022/KA01/00150,138,16,2022-11-04,2022,11,chargesheeted,Victim lost Rs.391326 through online fraud/UPI scam.,33.0,Other,5,13.005199889063192,77.52653555591581,1,0,1
304,FIR/2022/KA01/00151,60,24,2022-11-22,2022,11,chargesheeted,FIR registered for NDPS Act at Vohra Marg.,60.0,Other,5,12.908058352081529,77.68839503915456,0,0,1
305,FIR/2023/KA07/00002,357,5,2023-09-24,2023,9,under_investigation,Dead body found at Saha Path. Prima facie case of murder registered.,41.0,Female,1,13.261630130138766,74.71175868529309,0,0,0
306,FIR/2024/KA01/00152,104,11,2024-07-03,2024,7,under_investigation,FIR registered for Kidnapping & Abduction at Dixit Marg.,46.0,Male,3,13.10634589771028,77.60224614830716,0,0,0
307,FIR/2023/KA01/00153,107,17,2023-09-17,2023,9,closed,FIR registered for Cyber Crime - Identity Theft at Puri Road.,46.0,Other,4,12.868256678418778,77.71129089407582,1,0,1
308,FIR/2024/KA10/00012,472,33,2024-03-05,2024,3,chargesheeted,FIR registered for Road Accident Death at Yogi Street.,63.0,Other,5,13.36259432630684,77.12281870155843,0,0,1
309,FIR/2022/KA01/00154,78,1,2022-08-02,2022,8,closed,Complaint received regarding theft of cash worth Rs.198636.,44.0,Male,1,13.079821438614537,77.51552362300404,0,0,1
310,FIR/2023/KA06/00013,340,1,2023-09-05,2023,9,under_investigation,Complaint received regarding theft of gold chain worth Rs.201324.,19.0,Male,2,12.880264700004822,74.92108427873059,0,0,0
311,FIR/2024/KA06/00014,343,10,2024-05-10,2024,5,under_investigation,FIR registered for Sexual Harassment at Sheth Street.,22.0,Male,4,13.048735057310658,74.8867730751627,0,0,0
312,FIR/2024/KA01/00155,39,1,2024-08-11,2024,8,closed,Complaint received regarding theft of laptop worth Rs.442497.,50.0,Other,4,12.852831151239494,77.67946982979426,0,0,1
313,FIR/2023/KA01/00156,178,22,2023-03-28,2023,3,chargesheeted,FIR registered for POCSO Act at Wagle Marg.,75.0,Female,3,13.117392778031652,77.71271217968322,0,0,1
314,FIR/2024/KA01/00157,89,27,2024-08-24,2024,8,under_investigation,FIR registered for Hurt/Grievous Hurt at Rama Street.,54.0,Other,3,12.85487977420293,77.6635862644541,0,0,0
315,FIR/2023/KA11/00007,513,8,2023-09-03,2023,9,under_investigation,Victim reported sexual assault incident at Kumer Ganj. Medical examination conducted.,51.0,Male,4,15.000407552046557,77.0030075628148,0,0,0
316,FIR/2024/KA01/00158,130,1,2024-11-18,2024,11,under_investigation,Complaint received regarding theft of mobile phone worth Rs.149159.,63.0,Other,4,12.890703917784846,77.52745675467696,0,0,0
317,FIR/2023/KA01/00159,50,35,2023-06-13,2023,6,chargesheeted,FIR registered for SC/ST Atrocities Act at Sengupta Zila.,29.0,Female,1,12.958103936417551,77.46559329741467,0,0,1
318,FIR/2024/KA01/00160,67,16,2024-05-03,2024,5,under_investigation,Victim lost Rs.289048 through online fraud/UPI scam.,29.0,Female,1,12.928902094832777,77.74516558910015,1,0,0
319,FIR/2024/KA12/00010,568,27,2024-11-06,2024,11,registered,FIR registered for Hurt/Grievous Hurt at Halder Circle.,37.0,Female,1,16.716307658553617,75.69542091247995,0,0,0
320,FIR/2022/KA11/00008,510,28,2022-06-09,2022,6,under_investigation,FIR registered for Criminal Trespass at Loyal Nagar.,56.0,Other,2,15.261500177636092,76.80833359914601,0,0,0
321,FIR/2024/KA01/00161,176,3,2024-07-04,2024,7,under_investigation,Complainant robbed at Baral Marg by 4 armed persons.,,Male,4,13.03399065180735,77.51861140393154,0,0,0
322,FIR/2024/KA27/00015,1028,1,2024-01-09,2024,1,chargesheeted,Complaint received regarding theft of cash worth Rs.358945.,53.0,Other,2,16.192569513678624,75.72328583685672,0,0,1
323,FIR/2023/KA27/00016,993,2,2023-02-28,2023,2,chargesheeted,FIR registered for House Breaking & Theft at Kalla.,28.0,Male,5,16.30346950506918,75.85378408436999,0,0,1
324,FIR/2024/KA26/00003,971,1,2024-09-15,2024,9,registered,Complaint received regarding theft of laptop worth Rs.439829.,28.0,Male,1,15.225985272641722,76.20462645039501,0,0,0
325,FIR/2024/KA01/00162,107,32,2024-10-09,2024,10,closed,FIR registered for Missing Person at Mitter Path.,50.0,Female,1,12.84544465220594,77.715977571454,0,0,1
326,FIR/2024/KA27/00017,1028,14,2024-02-10,2024,2,under_investigation,FIR registered for Forgery at Kakar Nagar.,35.0,Female,2,16.204802812378652,75.74531268694797,0,1,0
327,FIR/2024/KA20/00007,806,9,2024-06-22,2024,6,pending_trial,FIR registered for Assault on Women at Dalal Ganj.,60.0,Female,3,12.549450955743492,77.00410970717654,0,0,1
328,FIR/2022/KA01/00163,14,18,2022-06-01,2022,6,pending_trial,FIR registered for Cyber Crime - Hacking at Kibe Chowk.,18.0,Male,2,12.901518521311935,77.6511157270886,1,0,1
329,FIR/2024/KA01/00164,44,1,2024-12-16,2024,12,closed,Complaint received regarding theft of cash worth Rs.47545.,75.0,Other,4,12.963935836526936,77.51309178929402,0,0,1
330,FIR/2022/KA01/00165,122,23,2022-07-27,2022,7,chargesheeted,FIR registered for Domestic Violence at Khatri Marg.,41.0,Male,4,13.089364532109952,77.60971277781074,0,0,1
331,FIR/2024/KA01/00166,114,16,2024-05-22,2024,5,pending_trial,Victim lost Rs.105407 through online fraud/UPI scam.,58.0,Female,2,13.049777317751204,77.49525934686353,1,0,1
332,FIR/2024/KA01/00167,115,19,2024-06-02,2024,6,under_investigation,FIR registered for Cyber Crime - Phishing at Rai Road.,70.0,Other,4,13.005193861105775,77.62147190216145,1,0,0
333,FIR/2022/KA08/00007,389,3,2022-09-16,2022,9,under_investigation,Complainant robbed at Walla Chowk by 2 armed persons.,,Male,1,12.984033236412651,76.21287553602323,0,0,0
334,FIR/2024/KA21/00004,857,1,2024-04-17,2024,4,chargesheeted,Complaint received regarding theft of gold chain worth Rs.105585.,62.0,Other,5,13.18313826204685,78.1026852141457,0,0,1
335,FIR/2024/KA04/00008,240,33,2024-08-01,2024,8,pending_trial,FIR registered for Road Accident Death at Parsa Road.,44.0,Female,1,15.777337939017263,74.55168346910465,0,0,1
336,FIR/2024/KA31/00003,1144,11,2024-06-17,2024,6,closed,FIR registered for Kidnapping & Abduction at Tank Circle.,52.0,Female,3,11.780318371364551,76.7928113255802,0,0,1
337,FIR/2024/KA01/00168,145,14,2024-02-19,2024,2,closed,FIR registered for Forgery at Chaudhari Chowk.,33.0,Male,2,13.100129985340239,77.5535827649852,0,1,1
338,FIR/2024/KA21/00005,865,31,2024-11-04,2024,11,registered,FIR registered for Criminal Intimidation at Nagarajan Chowk.,58.0,Female,3,13.190178142643642,78.12877306100557,0,0,0
339,FIR/2024/KA01/00169,150,12,2024-06-27,2024,6,registered,Accused cheated complainant of Rs.277459 through false promises.,67.0,Other,5,12.884530179288655,77.63826582997743,0,1,0
340,FIR/2023/KA01/00170,86,1,2023-08-19,2023,8,under_investigation,Complaint received regarding theft of mobile phone worth Rs.485622.,74.0,Other,1,13.083284849590164,77.60183308934234,0,0,0
341,FIR/2022/KA01/00171,103,9,2022-08-02,2022,8,under_investigation,FIR registered for Assault on Women at Kant Nagar.,53.0,Male,3,12.892621172528939,77.45398332252115,0,0,0
342,FIR/2024/KA01/00172,16,1,2024-10-25,2024,10,under_investigation,Complaint received regarding theft of cash worth Rs.417863.,47.0,Female,5,13.020780222170496,77.62092365899555,0,0,0
343,FIR/2024/KA01/00173,154,12,2024-11-26,2024,11,registered,Accused cheated complainant of Rs.177068 through false promises.,18.0,Other,1,13.039819459939663,77.48103017849637,0,1,0
344,FIR/2024/KA01/00174,79,35,2024-10-05,2024,10,chargesheeted,FIR registered for SC/ST Atrocities Act at Dua Road.,57.0,Female,2,12.857960099114916,77.54100802336052,0,0,1
345,FIR/2024/KA01/00175,33,12,2024-01-05,2024,1,under_investigation,Accused cheated complainant of Rs.274025 through false promises.,74.0,Other,2,12.83941936250422,77.62453697657922,0,1,0
346,FIR/2023/KA27/00018,1029,13,2023-06-10,2023,6,under_investigation,FIR registered for Criminal Breach of Trust at Raghavan Ganj.,,Other,5,16.108797088221134,75.67752644561666,0,1,0
347,FIR/2022/KA01/00176,60,31,2022-04-07,2022,4,chargesheeted,FIR registered for Criminal Intimidation at Korpal.,60.0,Female,4,12.905151492133026,77.67306681737877,0,0,1
348,FIR/2023/KA27/00019,1025,19,2023-10-19,2023,10,pending_trial,FIR registered for Cyber Crime - Phishing at Nazareth Chowk.,24.0,Female,1,16.052378226933065,75.78589914368597,1,0,1
349,FIR/2022/KA02/00004,200,3,2022-11-08,2022,11,chargesheeted,Complainant robbed at Suresh Road by 2 armed persons.,65.0,Female,4,13.155139654411885,77.53312278048864,0,0,1
350,FIR/2024/KA01/00177,80,2,2024-01-12,2024,1,registered,FIR registered for House Breaking & Theft at Sharma Chowk.,46.0,Male,5,12.89918735060046,77.62926736947033,0,0,0
351,FIR/2024/KA01/00178,126,1,2024-01-07,2024,1,under_investigation,Complaint received regarding theft of two-wheeler worth Rs.119790.,39.0,Other,2,12.960174657232042,77.67463068112232,0,0,0
352,FIR/2024/KA23/00004,891,33,2024-05-04,2024,5,registered,FIR registered for Road Accident Death at Dey Street.,31.0,Female,4,12.573026997314942,77.15824751081166,0,0,0
353,FIR/2024/KA01/00179,63,12,2024-11-06,2024,11,pending_trial,Accused cheated complainant of Rs.467245 through false promises.,22.0,Male,2,12.854453924890803,77.65055278720322,0,1,1
354,FIR/2024/KA11/00009,515,2,2024-04-07,2024,4,chargesheeted,FIR registered for House Breaking & Theft at Bhargava Street.,33.0,Male,5,14.995673034895987,76.95596641731866,0,0,1
355,FIR/2023/KA01/00180,81,3,2023-05-26,2023,5,under_investigation,Complainant robbed at Bandi Circle by 3 armed persons.,72.0,Other,5,12.9123693715108,77.70541750293998,0,0,0
356,FIR/2022/KA06/00015,337,17,2022-02-26,2022,2,chargesheeted,FIR registered for Cyber Crime - Identity Theft at Bava Zila.,66.0,Other,5,12.879205643668946,74.73034969464692,1,0,1
357,FIR/2022/KA22/00001,874,6,2022-03-11,2022,3,chargesheeted,FIR registered for Attempt to Murder at Sachar Nagar.,49.0,Female,3,13.413080467398926,77.63148422401942,0,0,1
358,FIR/2024/KA23/00005,907,4,2024-10-21,2024,10,registered,FIR registered for Dacoity at Kashyap Street.,33.0,Female,2,12.748454961452788,77.23579135718187,0,0,0
359,FIR/2023/KA16/00006,717,19,2023-10-06,2023,10,pending_trial,FIR registered for Cyber Crime - Phishing at Dora Zila.,23.0,Female,4,14.720969828822009,75.34976010312842,1,0,1
360,FIR/2023/KA01/00181,32,12,2023-01-15,2023,1,chargesheeted,Accused cheated complainant of Rs.228400 through false promises.,44.0,Female,4,12.893297817029781,77.59007083706496,0,1,1
361,FIR/2023/KA01/00182,94,23,2023-03-15,2023,3,under_investigation,FIR registered for Domestic Violence at Shah Circle.,50.0,Other,5,13.0377291759681,77.57079793183745,0,0,0
362,FIR/2024/KA01/00183,30,3,2024-04-04,2024,4,under_investigation,Complainant robbed at Bhasin Path by 2 armed persons.,61.0,Female,3,13.038971623309497,77.68780259118809,0,0,0
363,FIR/2023/KA01/00184,28,28,2023-11-28,2023,11,under_investigation,FIR registered for Criminal Trespass at Subramanian.,,Female,3,13.133328354234049,77.61465913016369,0,0,0
364,FIR/2024/KA01/00185,173,18,2024-07-13,2024,7,closed,FIR registered for Cyber Crime - Hacking at Babu Chowk.,32.0,Male,2,12.94822853007225,77.66901401401942,1,0,1
365,FIR/2023/KA01/00186,125,21,2023-09-25,2023,9,chargesheeted,FIR registered for Dowry Prohibition Act at Wali Nagar.,30.0,Female,4,13.03655839014014,77.57537087742189,0,0,1
366,FIR/2024/KA01/00187,96,29,2024-09-01,2024,9,under_investigation,FIR registered for Mischief at Sabharwal Circle.,65.0,Male,4,13.080177055398837,77.71936895526203,0,0,0
367,FIR/2024/KA10/00013,465,28,2024-06-08,2024,6,under_investigation,FIR registered for Criminal Trespass at Badal Nagar.,19.0,Other,1,13.359418767620543,77.22715364957942,0,0,0
368,FIR/2024/KA11/00010,533,27,2024-06-19,2024,6,chargesheeted,FIR registered for Hurt/Grievous Hurt at Maharaj Circle.,31.0,Female,1,15.065019623230228,76.98535554712569,0,0,1
369,FIR/2024/KA10/00014,493,19,2024-02-11,2024,2,chargesheeted,FIR registered for Cyber Crime - Phishing at Mangat Circle.,,Male,5,13.284291443785207,77.19565599312766,1,0,1
370,FIR/2024/KA01/00188,57,29,2024-10-16,2024,10,registered,FIR registered for Mischief at Thakkar Nagar.,32.0,Female,5,13.055207177305299,77.71759712722464,0,0,0
371,FIR/2022/KA01/00189,11,27,2022-09-01,2022,9,under_investigation,FIR registered for Hurt/Grievous Hurt at Gola Marg.,26.0,Other,4,13.009322045695049,77.69298651963001,0,0,0
372,FIR/2022/KA01/00190,121,24,2022-04-05,2022,4,closed,FIR registered for NDPS Act at Char Zila.,54.0,Female,5,13.075358913621448,77.6867968818927,0,0,1
373,FIR/2023/KA17/00006,735,27,2023-08-09,2023,8,under_investigation,FIR registered for Hurt/Grievous Hurt at Dixit Circle.,56.0,Male,5,14.154418658516377,76.2671401629169,0,0,0
374,FIR/2023/KA01/00191,3,9,2023-08-15,2023,8,chargesheeted,FIR registered for Assault on Women at Handa Ganj.,74.0,Female,3,12.839147661588978,77.48117491734658,0,0,1
375,FIR/2022/KA29/00005,1102,19,2022-05-13,2022,5,chargesheeted,FIR registered for Cyber Crime - Phishing at Vyas.,57.0,Other,4,14.418582126082617,76.04854932381818,1,0,1
376,FIR/2024/KA09/00009,424,16,2024-03-23,2024,3,chargesheeted,Victim lost Rs.371291 through online fraud/UPI scam.,73.0,Male,3,13.841233233287122,75.55458650172302,1,0,1
377,FIR/2023/KA01/00192,39,25,2023-11-03,2023,11,chargesheeted,FIR registered for Arms Act at Ranganathan Road.,66.0,Other,1,12.86217665526078,77.65584234544474,0,0,1
378,FIR/2024/KA28/00004,1069,10,2024-02-17,2024,2,closed,FIR registered for Sexual Harassment at Prakash Zila.,31.0,Other,1,14.684823699469899,74.57502581968082,0,0,1
379,FIR/2024/KA27/00020,1006,1,2024-12-22,2024,12,closed,Complaint received regarding theft of laptop worth Rs.185175.,43.0,Male,1,16.10850322932228,75.84344198420249,0,0,1
380,FIR/2023/KA11/00011,504,1,2023-03-11,2023,3,chargesheeted,Complaint received regarding theft of laptop worth Rs.259153.,,Other,2,15.220210261572724,76.84069394610295,0,0,1
381,FIR/2023/KA11/00012,532,1,2023-08-27,2023,8,under_investigation,Complaint received regarding theft of two-wheeler worth Rs.94437.,29.0,Female,1,15.217991153322888,77.00763198008599,0,0,0
382,FIR/2022/KA01/00193,125,19,2022-02-22,2022,2,closed,FIR registered for Cyber Crime - Phishing at Balay Zila.,31.0,Other,1,13.063882508228733,77.5786639521976,1,0,1
383,FIR/2024/KA21/00006,860,34,2024-08-23,2024,8,registered,FIR registered for Immoral Traffic Act at Ravi Zila.,37.0,Female,1,13.215599214014969,78.16138758779276,0,0,0
384,FIR/2024/KA13/00009,596,1,2024-07-25,2024,7,under_investigation,Complaint received regarding theft of two-wheeler worth Rs.201421.,19.0,Female,1,16.235996624998617,77.27220666569796,0,0,0
385,FIR/2023/KA01/00194,9,1,2023-04-22,2023,4,chargesheeted,Complaint received regarding theft of two-wheeler worth Rs.467571.,71.0,Other,2,12.909916459878161,77.43939550049534,0,0,1
386,FIR/2024/KA01/00195,176,25,2024-09-04,2024,9,closed,FIR registered for Arms Act at Andra Nagar.,52.0,Female,4,13.01348115845597,77.49061319946775,0,0,1
387,FIR/2024/KA01/00196,160,8,2024-06-11,2024,6,under_investigation,Victim reported sexual assault incident at Butala Street. Medical examination conducted.,,Male,4,12.948325847749834,77.49681546809838,0,0,0
388,FIR/2022/KA01/00197,153,13,2022-05-21,2022,5,chargesheeted,FIR registered for Criminal Breach of Trust at Saraf Chowk.,67.0,Other,4,13.119590099716685,77.60141154359499,0,1,1
389,FIR/2022/KA14/00006,679,22,2022-09-26,2022,9,pending_trial,FIR registered for POCSO Act at Chandran Path.,56.0,Female,4,15.477230020895409,75.15244267411381,0,0,1
390,FIR/2024/KA01/00198,30,22,2024-12-05,2024,12,under_investigation,FIR registered for POCSO Act at Basak Circle.,,Male,5,13.063347130199265,77.67313646261643,0,0,0
391,FIR/2022/KA01/00199,98,35,2022-09-21,2022,9,closed,FIR registered for SC/ST Atrocities Act at Kakar Ganj.,57.0,Male,3,13.043053853026482,77.54708391485752,0,0,1
392,FIR/2023/KA01/00200,156,35,2023-04-20,2023,4,registered,FIR registered for SC/ST Atrocities Act at Soman.,27.0,Female,2,13.007404555878493,77.4704395587259,0,0,0
393,FIR/2022/KA09/00010,433,12,2022-12-20,2022,12,pending_trial,Accused cheated complainant of Rs.392582 through false promises.,38.0,Other,1,13.943385914383823,75.7046027001783,0,1,1
394,FIR/2024/KA29/00006,1107,12,2024-11-27,2024,11,under_investigation,Accused cheated complainant of Rs.125067 through false promises.,31.0,Other,1,14.475120282308364,75.92204424076353,0,1,0
395,FIR/2022/KA01/00201,83,3,2022-04-26,2022,4,chargesheeted,Complainant robbed at Bali Circle by 4 armed persons.,29.0,Female,1,12.843430675213655,77.7382046915754,0,0,1
396,FIR/2024/KA10/00015,457,12,2024-04-02,2024,4,chargesheeted,Accused cheated complainant of Rs.496926 through false promises.,29.0,Other,5,13.297923835145006,77.18378150760924,0,1,1
397,FIR/2022/KA01/00202,170,20,2022-04-17,2022,4,registered,FIR registered for Dowry Death at Johal Nagar.,33.0,Female,2,12.96866204939442,77.65027702829092,0,0,0
398,FIR/2024/KA21/00007,854,26,2024-10-15,2024,10,pending_trial,FIR registered for Riots at Dhawan.,,Female,4,13.12520769955056,78.00712453938382,0,0,1
399,FIR/2024/KA20/00008,807,25,2024-07-17,2024,7,chargesheeted,FIR registered for Arms Act at Bose Marg.,68.0,Female,1,12.497026171951955,76.95620689149177,0,0,1
400,FIR/2024/KA01/00203,48,1,2024-02-25,2024,2,pending_trial,Complaint received regarding theft of gold chain worth Rs.317047.,29.0,Female,4,12.965770049388006,77.60451412423468,0,0,1
401,FIR/2023/KA08/00008,390,27,2023-07-18,2023,7,chargesheeted,FIR registered for Hurt/Grievous Hurt at Khosla.,30.0,Male,2,12.971947222026836,75.96224120509049,0,0,1
402,FIR/2024/KA01/00204,43,1,2024-12-24,2024,12,under_investigation,Complaint received regarding theft of laptop worth Rs.490328.,65.0,Female,4,13.119727044573967,77.64520494887505,0,0,0
403,FIR/2023/KA01/00205,155,2,2023-10-03,2023,10,under_investigation,FIR registered for House Breaking & Theft at Narula Circle.,54.0,Male,2,12.90497303423056,77.67204187506462,0,0,0
404,FIR/2022/KA01/00206,24,17,2022-12-12,2022,12,chargesheeted,FIR registered for Cyber Crime - Identity Theft at Dey Marg.,59.0,Female,4,13.00640256822407,77.70364111476783,1,0,1
405,FIR/2023/KA15/00002,685,9,2023-01-27,2023,1,under_investigation,FIR registered for Assault on Women at Tella Zila.,47.0,Other,2,15.485188521379774,75.55841297307752,0,0,0
406,FIR/2023/KA01/00207,5,1,2023-11-27,2023,11,under_investigation,Complaint received regarding theft of mobile phone worth Rs.409211.,42.0,Female,5,12.966421823620855,77.56257693266873,0,0,0
407,FIR/2023/KA01/00208,173,18,2023-04-14,2023,4,under_investigation,FIR registered for Cyber Crime - Hacking at Sarkar Zila.,52.0,Other,4,12.952694190845245,77.67773833747827,1,0,0
408,FIR/2024/KA11/00013,514,28,2024-12-28,2024,12,under_investigation,FIR registered for Criminal Trespass at Borra Ganj.,35.0,Other,2,15.287583674637643,77.05595780878777,0,0,0
409,FIR/2022/KA01/00209,15,14,2022-05-01,2022,5,pending_trial,FIR registered for Forgery at Ranganathan Path.,,Other,4,12.929179479550136,77.65183384767113,0,1,1
410,FIR/2022/KA01/00210,87,31,2022-12-14,2022,12,under_investigation,FIR registered for Criminal Intimidation at Balan Path.,29.0,Other,1,12.832175431371896,77.56656981819766,0,0,0
411,FIR/2024/KA01/00211,179,19,2024-03-07,2024,3,registered,FIR registered for Cyber Crime - Phishing at Seshadri Road.,75.0,Female,4,12.88050549518328,77.4538218582312,1,0,0
412,FIR/2023/KA05/00010,288,1,2023-11-06,2023,11,registered,Complaint received regarding theft of mobile phone worth Rs.203038.,39.0,Male,5,17.46534920515522,76.84577277411248,0,0,0
413,FIR/2023/KA03/00005,215,1,2023-02-01,2023,2,registered,Complaint received regarding theft of mobile phone worth Rs.353820.,,Other,1,12.220943632131036,76.52950696486226,0,0,0
414,FIR/2023/KA01/00212,12,1,2023-05-16,2023,5,chargesheeted,Complaint received regarding theft of gold chain worth Rs.321864.,61.0,Female,3,13.04564588768184,77.47598664186943,0,0,1
415,FIR/2024/KA01/00213,48,17,2024-11-13,2024,11,under_investigation,FIR registered for Cyber Crime - Identity Theft at Rai.,18.0,Female,4,12.976232807490891,77.62188882205159,1,0,0
416,FIR/2022/KA15/00003,695,2,2022-03-01,2022,3,chargesheeted,FIR registered for House Breaking & Theft at Merchant Zila.,57.0,Other,4,15.39574656006489,75.65795413641094,0,0,1
417,FIR/2024/KA01/00214,38,19,2024-01-21,2024,1,pending_trial,FIR registered for Cyber Crime - Phishing at Borah Ganj.,69.0,Other,3,12.998924176784367,77.45756934607421,1,0,1
418,FIR/2022/KA01/00215,12,33,2022-08-13,2022,8,closed,FIR registered for Road Accident Death at Loyal Zila.,48.0,Other,1,13.042343109719532,77.45010151892828,0,0,1
419,FIR/2024/KA04/00009,261,22,2024-04-23,2024,4,under_investigation,FIR registered for POCSO Act at Rai Street.,68.0,Male,3,15.822452164440948,74.4069761895852,0,0,0
420,FIR/2023/KA11/00014,541,27,2023-08-06,2023,8,closed,FIR registered for Hurt/Grievous Hurt at Ramachandran Street.,28.0,Other,1,15.09240378708449,77.03607045883862,0,0,1
421,FIR/2024/KA16/00007,728,1,2024-01-06,2024,1,pending_trial,Complaint received regarding theft of gold chain worth Rs.478247.,32.0,Other,3,14.697149307249397,75.39057315518234,0,0,1
422,FIR/2023/KA04/00010,272,27,2023-11-04,2023,11,chargesheeted,FIR registered for Hurt/Grievous Hurt at Chand Zila.,,Other,3,15.897602624280395,74.55926719820593,0,0,1
423,FIR/2024/KA09/00011,443,16,2024-10-03,2024,10,chargesheeted,Victim lost Rs.482189 through online fraud/UPI scam.,68.0,Other,4,14.082116899277619,75.53682703342768,1,0,1
424,FIR/2022/KA01/00216,30,1,2022-02-10,2022,2,under_investigation,Complaint received regarding theft of mobile phone worth Rs.183382.,25.0,Other,3,13.031959698657671,77.66771489165129,0,0,0
425,FIR/2022/KA01/00217,58,29,2022-07-19,2022,7,closed,FIR registered for Mischief at Chaudry Road.,45.0,Female,3,12.883393725567132,77.60764900660843,0,0,1
426,FIR/2022/KA29/00007,1092,10,2022-03-17,2022,3,chargesheeted,FIR registered for Sexual Harassment at Chahal Street.,52.0,Female,3,14.434054031463667,75.8432595963471,0,0,1
427,FIR/2023/KA14/00007,669,21,2023-04-16,2023,4,chargesheeted,FIR registered for Dowry Prohibition Act at Sankar Street.,60.0,Other,1,15.37729421233086,74.93365865707159,0,0,1
428,FIR/2022/KA05/00011,282,23,2022-12-04,2022,12,under_investigation,FIR registered for Domestic Violence at Vala Chowk.,63.0,Female,1,17.23559371180648,76.93203578186771,0,0,0
429,FIR/2024/KA31/00004,1138,34,2024-12-07,2024,12,closed,FIR registered for Immoral Traffic Act at Chauhan Marg.,67.0,Male,4,12.041695818517152,76.98344907109033,0,0,1
430,FIR/2022/KA01/00218,72,22,2022-11-28,2022,11,under_investigation,FIR registered for POCSO Act at Chakraborty Nagar.,61.0,Female,3,12.834703567402174,77.62659052378697,0,0,0
431,FIR/2023/KA01/00219,11,6,2023-09-24,2023,9,under_investigation,FIR registered for Attempt to Murder at Chander Path.,,Female,5,13.02482621726378,77.69240093214661,0,0,0
432,FIR/2024/KA21/00008,853,23,2024-12-10,2024,12,chargesheeted,FIR registered for Domestic Violence at Nair.,48.0,Female,2,13.102672653794448,78.07973933772934,0,0,1
433,FIR/2023/KA01/00220,153,11,2023-04-24,2023,4,chargesheeted,FIR registered for Kidnapping & Abduction at Arora Marg.,72.0,Male,4,13.118281926177113,77.61442344257958,0,0,1
434,FIR/2024/KA30/00005,1115,1,2024-03-02,2024,3,under_investigation,Complaint received regarding theft of laptop worth Rs.99179.,50.0,Other,3,15.368987695610588,76.56717407893555,0,0,0
435,FIR/2024/KA05/00012,314,12,2024-11-24,2024,11,under_investigation,Accused cheated complainant of Rs.67286 through false promises.,37.0,Other,5,17.428112214549923,76.87692887867678,0,1,0
436,FIR/2024/KA01/00221,175,29,2024-07-25,2024,7,chargesheeted,FIR registered for Mischief at Kibe Circle.,59.0,Female,3,12.884668340579626,77.47827073124007,0,0,1
437,FIR/2023/KA01/00222,152,8,2023-01-04,2023,1,under_investigation,Victim reported sexual assault incident at Verma. Medical examination conducted.,,Other,5,13.066569934642828,77.74176503409045,0,0,0
438,FIR/2024/KA25/00006,964,3,2024-02-26,2024,2,chargesheeted,Complainant robbed at Rai Street by 4 armed persons.,26.0,Male,3,17.877153932046465,77.58289722093242,0,0,1
439,FIR/2022/KA09/00012,419,23,2022-09-06,2022,9,under_investigation,FIR registered for Domestic Violence at Dewan Street.,,Other,5,13.87081696497,75.72371070769945,0,0,0
440,FIR/2022/KA11/00015,543,30,2022-02-25,2022,2,closed,FIR registered for Extortion at Mitra Road.,,Female,3,15.272558812128766,77.03692763962003,0,0,1
441,FIR/2022/KA01/00223,86,20,2022-04-21,2022,4,under_investigation,FIR registered for Dowry Death at Tailor Road.,,Male,5,13.063922116892446,77.63800404661717,0,0,0
442,FIR/2022/KA20/00009,825,14,2022-03-14,2022,3,pending_trial,FIR registered for Forgery at Bhatnagar Street.,,Other,3,12.536054303126246,76.85236381150312,0,1,1
443,FIR/2023/KA21/00009,858,13,2023-10-16,2023,10,chargesheeted,FIR registered for Criminal Breach of Trust at Saran Street.,50.0,Male,1,13.103324679864574,78.09472242210587,0,1,1
444,FIR/2022/KA01/00224,129,18,2022-01-07,2022,1,under_investigation,FIR registered for Cyber Crime - Hacking at Sama Road.,35.0,Male,5,12.963859600474585,77.51836794442289,1,0,0
445,FIR/2022/KA01/00225,141,20,2022-05-13,2022,5,chargesheeted,FIR registered for Dowry Death at Sule Road.,,Female,4,13.133424973126923,77.59056675800511,0,0,1
446,FIR/2024/KA10/00016,463,10,2024-04-03,2024,4,chargesheeted,FIR registered for Sexual Harassment at Patel Zila.,54.0,Other,5,13.252047787691367,76.99559045890307,0,0,1
447,FIR/2023/KA01/00226,47,20,2023-03-11,2023,3,pending_trial,FIR registered for Dowry Death at Koshy Road.,33.0,Male,3,13.064475848955713,77.45025660529923,0,0,1
448,FIR/2022/KA01/00227,85,1,2022-09-14,2022,9,registered,Complaint received regarding theft of mobile phone worth Rs.195221.,27.0,Male,3,13.085509533305748,77.6469922392722,0,0,0
449,FIR/2024/KA03/00006,220,10,2024-04-13,2024,4,pending_trial,FIR registered for Sexual Harassment at Chhabra Chowk.,69.0,Female,1,12.426754404752284,76.58497622142964,0,0,1
450,FIR/2023/KA01/00228,155,5,2023-05-18,2023,5,under_investigation,Dead body found at Modi Street. Prima facie case of murder registered.,66.0,Female,2,12.888261915523437,77.66340988553267,0,0,0
451,FIR/2022/KA11/00016,530,2,2022-09-18,2022,9,chargesheeted,FIR registered for House Breaking & Theft at Randhawa Nagar.,61.0,Other,2,15.282910517392148,76.90056180569971,0,0,1
452,FIR/2024/KA01/00229,14,24,2024-10-24,2024,10,under_investigation,FIR registered for NDPS Act at Rai Path.,44.0,Other,4,12.892316181031871,77.65475485102236,0,0,0
453,FIR/2024/KA01/00230,171,28,2024-08-17,2024,8,under_investigation,FIR registered for Criminal Trespass at Sarraf Path.,72.0,Male,3,12.84577659137898,77.50358847649635,0,0,0
454,FIR/2022/KA06/00016,324,28,2022-02-21,2022,2,registered,FIR registered for Criminal Trespass at Sani Path.,23.0,Other,3,12.890521390994069,74.7703850213276,0,0,0
455,FIR/2022/KA01/00231,41,8,2022-01-14,2022,1,chargesheeted,Victim reported sexual assault incident at Deshpande. Medical examination conducted.,61.0,Other,1,13.079548858067364,77.57619246428054,0,0,1
456,FIR/2022/KA04/00011,244,33,2022-12-01,2022,12,chargesheeted,FIR registered for Road Accident Death at Nagi Road.,65.0,Other,5,15.814602124075291,74.45860023926096,0,0,1
457,FIR/2024/KA01/00232,44,13,2024-08-06,2024,8,chargesheeted,FIR registered for Criminal Breach of Trust at Iyer.,41.0,Male,5,12.951177661341335,77.5010082625786,0,1,1
458,FIR/2022/KA01/00233,114,16,2022-08-13,2022,8,under_investigation,Victim lost Rs.182187 through online fraud/UPI scam.,72.0,Male,3,13.052374119718529,77.48724880157923,1,0,0
459,FIR/2024/KA01/00234,54,31,2024-04-01,2024,4,closed,FIR registered for Criminal Intimidation at Rao Street.,59.0,Other,1,12.999902575391012,77.50235475632958,0,0,1
460,FIR/2024/KA01/00235,2,35,2024-08-02,2024,8,under_investigation,FIR registered for SC/ST Atrocities Act at Manne Path.,24.0,Male,3,13.040217851064929,77.69970030825581,0,0,0
461,FIR/2023/KA21/00010,852,13,2023-06-01,2023,6,under_investigation,FIR registered for Criminal Breach of Trust at Kibe Chowk.,75.0,Male,4,13.135852705940579,78.12598048618905,0,1,0
462,FIR/2022/KA01/00236,176,21,2022-03-25,2022,3,chargesheeted,FIR registered for Dowry Prohibition Act at Puri Path.,41.0,Female,2,13.030106095388037,77.49284126698586,0,0,1
463,FIR/2024/KA01/00237,11,9,2024-08-22,2024,8,closed,FIR registered for Assault on Women at Ramaswamy Road.,18.0,Female,2,12.994618625725497,77.7016319905625,0,0,1
464,FIR/2024/KA01/00238,73,21,2024-03-13,2024,3,under_investigation,FIR registered for Dowry Prohibition Act at Comar Path.,30.0,Female,3,12.828329692241757,77.50810871336977,0,0,0
465,FIR/2023/KA01/00239,34,21,2023-08-26,2023,8,chargesheeted,FIR registered for Dowry Prohibition Act at Iyengar.,65.0,Female,2,12.988680311360621,77.47476718339894,0,0,1
466,FIR/2024/KA21/00011,852,2,2024-01-05,2024,1,under_investigation,FIR registered for House Breaking & Theft at Gole.,,Female,4,13.169956541071501,78.13598126224186,0,0,0
467,FIR/2024/KA18/00003,781,35,2024-07-16,2024,7,under_investigation,FIR registered for SC/ST Atrocities Act at Bala Circle.,27.0,Other,5,13.22460640941616,75.69154255342399,0,0,0
468,FIR/2024/KA01/00240,179,19,2024-02-28,2024,2,under_investigation,FIR registered for Cyber Crime - Phishing at Kadakia Chowk.,63.0,Male,5,12.8798760177623,77.43639175984161,1,0,0
469,FIR/2024/KA05/00013,303,1,2024-10-21,2024,10,chargesheeted,Complaint received regarding theft of two-wheeler worth Rs.68156.,35.0,Male,2,17.424978119081516,76.80857769432677,0,0,1
470,FIR/2022/KA11/00017,506,21,2022-02-28,2022,2,registered,FIR registered for Dowry Prohibition Act at Rege Zila.,32.0,Male,3,15.085531034279107,76.89557498894247,0,0,0
471,FIR/2024/KA10/00017,466,12,2024-07-21,2024,7,registered,Accused cheated complainant of Rs.146162 through false promises.,40.0,Other,4,13.195375745472383,77.05121124936043,0,1,0
472,FIR/2024/KA01/00241,39,21,2024-03-02,2024,3,registered,FIR registered for Dowry Prohibition Act at Khurana Road.,56.0,Male,4,12.829757600121814,77.69071412743047,0,0,0
473,FIR/2023/KA01/00242,18,34,2023-06-11,2023,6,under_investigation,FIR registered for Immoral Traffic Act at Dube Road.,67.0,Male,3,13.00802274830976,77.62408640985291,0,0,0
474,FIR/2023/KA21/00012,858,26,2023-12-25,2023,12,chargesheeted,FIR registered for Riots at Purohit Marg.,31.0,Other,4,13.080309246930835,78.09718762071016,0,0,1
475,FIR/2023/KA12/00011,578,29,2023-11-24,2023,11,chargesheeted,FIR registered for Mischief at Sen Zila.,46.0,Male,1,16.816862720118337,75.63655941476217,0,0,1
476,FIR/2024/KA01/00243,118,21,2024-05-24,2024,5,chargesheeted,FIR registered for Dowry Prohibition Act at Srinivas.,,Male,4,13.054166827279927,77.57132602030384,0,0,1
477,FIR/2023/KA13/00010,619,27,2023-09-12,2023,9,closed,FIR registered for Hurt/Grievous Hurt at Rattan.,22.0,Female,4,16.165293510481394,77.49674076917216,0,0,1
478,FIR/2023/KA17/00007,735,1,2023-01-06,2023,1,chargesheeted,Complaint received regarding theft of two-wheeler worth Rs.156863.,21.0,Other,2,14.170891607873479,76.26027075312204,0,0,1
479,FIR/2023/KA01/00244,3,10,2023-11-18,2023,11,closed,FIR registered for Sexual Harassment at Bansal Marg.,42.0,Other,4,12.827168958377605,77.46356876755824,0,0,1
480,FIR/2023/KA01/00245,143,22,2023-03-01,2023,3,under_investigation,FIR registered for POCSO Act at Yadav Path.,68.0,Other,4,12.960262710589097,77.46850816664607,0,0,0
481,FIR/2023/KA01/00246,161,3,2023-05-10,2023,5,closed,Complainant robbed at Chada by 3 armed persons.,28.0,Male,1,13.11258463164944,77.51729873181554,0,0,1
482,FIR/2023/KA01/00247,82,1,2023-11-05,2023,11,pending_trial,Complaint received regarding theft of gold chain worth Rs.491144.,68.0,Male,2,12.968254450767342,77.51600289542299,0,0,1
483,FIR/2023/KA10/00018,478,19,2023-02-01,2023,2,chargesheeted,FIR registered for Cyber Crime - Phishing at Ganesan Path.,,Other,5,13.299347527228974,77.12129446400652,1,0,1
484,FIR/2023/KA01/00248,137,28,2023-10-10,2023,10,under_investigation,FIR registered for Criminal Trespass at Basu.,32.0,Other,3,13.059388409565923,77.62493018819893,0,0,0
485,FIR/2023/KA01/00249,172,1,2023-09-22,2023,9,pending_trial,Complaint received regarding theft of cash worth Rs.60806.,34.0,Other,5,13.022823112144398,77.5679798811857,0,0,1
486,FIR/2023/KA01/00250,137,12,2023-04-11,2023,4,under_investigation,Accused cheated complainant of Rs.335196 through false promises.,32.0,Other,4,13.067064600267749,77.62215272573536,0,1,0
487,FIR/2024/KA04/00012,248,18,2024-02-16,2024,2,under_investigation,FIR registered for Cyber Crime - Hacking at Anne Zila.,49.0,Other,2,15.843473570868149,74.52859389215605,1,0,0
488,FIR/2024/KA16/00008,724,23,2024-03-06,2024,3,closed,FIR registered for Domestic Violence at Kuruvilla Zila.,45.0,Male,4,14.755470242196655,75.53211241860177,0,0,1
489,FIR/2022/KA01/00251,7,2,2022-02-24,2022,2,chargesheeted,FIR registered for House Breaking & Theft at Uppal Ganj.,19.0,Male,1,12.915498830242669,77.51497328451737,0,0,1
490,FIR/2022/KA09/00013,451,30,2022-01-05,2022,1,under_investigation,FIR registered for Extortion at Kant Circle.,56.0,Male,1,13.811843707643886,75.59478955778407,0,0,0
491,FIR/2024/KA27/00021,997,1,2024-12-27,2024,12,under_investigation,Complaint received regarding theft of mobile phone worth Rs.111074.,54.0,Female,2,16.1658093997051,75.7795823353403,0,0,0
492,FIR/2023/KA01/00252,127,1,2023-04-02,2023,4,chargesheeted,Complaint received regarding theft of gold chain worth Rs.333983.,,Male,1,12.871132684018354,77.68715064358268,0,0,1
493,FIR/2023/KA01/00253,93,9,2023-07-05,2023,7,registered,FIR registered for Assault on Women at Tella.,27.0,Female,3,13.069854375690964,77.70298460415734,0,0,0
494,FIR/2023/KA16/00009,703,16,2023-07-22,2023,7,closed,Victim lost Rs.262855 through online fraud/UPI scam.,32.0,Male,3,14.682043316161481,75.44334887071875,1,0,1
495,FIR/2022/KA07/00003,378,23,2022-02-12,2022,2,pending_trial,FIR registered for Domestic Violence at Subramanian Nagar.,29.0,Female,5,13.322797762588385,74.66388661950285,0,0,1
496,FIR/2022/KA01/00254,149,1,2022-07-05,2022,7,closed,Complaint received regarding theft of gold chain worth Rs.332553.,24.0,Female,4,12.899632268610809,77.60398327336401,0,0,1
497,FIR/2023/KA10/00019,495,2,2023-12-26,2023,12,registered,FIR registered for House Breaking & Theft at Chada Marg.,27.0,Female,2,13.260479982979863,77.12727973854543,0,0,0
498,FIR/2023/KA11/00018,534,1,2023-08-27,2023,8,registered,Complaint received regarding theft of cash worth Rs.229108.,38.0,Male,2,15.157753416547601,76.9239563503044,0,0,0
499,FIR/2023/KA01/00255,92,15,2023-08-14,2023,8,chargesheeted,FIR registered for Counterfeiting at Muni Path.,59.0,Male,4,13.03931538526122,77.54414009177624,0,1,1
500,FIR/2022/KA16/00010,709,16,2022-09-16,2022,9,chargesheeted,Victim lost Rs.206655 through online fraud/UPI scam.,44.0,Other,5,14.721512702313156,75.39034468350586,1,0,1
501,FIR/2023/KA09/00014,422,35,2023-04-23,2023,4,under_investigation,FIR registered for SC/ST Atrocities Act at Verma Ganj.,19.0,Female,5,14.013251054006343,75.41388370718029,0,0,0
502,FIR/2022/KA17/00008,738,29,2022-02-02,2022,2,pending_trial,FIR registered for Mischief at Pall Chowk.,27.0,Other,4,14.342476896338802,76.30070787230986,0,0,1
503,FIR/2023/KA01/00256,77,18,2023-01-24,2023,1,under_investigation,FIR registered for Cyber Crime - Hacking at Chatterjee Chowk.,45.0,Female,1,13.074787070538166,77.54092389281583,1,0,0
504,FIR/2023/KA19/00001,788,30,2023-02-16,2023,2,closed,FIR registered for Extortion at Sethi Chowk.,23.0,Male,1,12.466310108007306,75.78243371971396,0,0,1
505,FIR/2022/KA01/00257,85,26,2022-07-05,2022,7,closed,FIR registered for Riots at Bhavsar Path.,62.0,Female,4,13.101575899329948,77.6453994796226,0,0,1
506,FIR/2024/KA17/00009,745,12,2024-11-23,2024,11,registered,Accused cheated complainant of Rs.86729 through false promises.,20.0,Other,2,14.226122816911802,76.28939370305098,0,1,0
507,FIR/2023/KA01/00258,35,19,2023-07-22,2023,7,pending_trial,FIR registered for Cyber Crime - Phishing at Bajaj Zila.,50.0,Female,2,13.104596810463503,77.70760202548736,1,0,1
508,FIR/2024/KA06/00017,326,2,2024-02-17,2024,2,under_investigation,FIR registered for House Breaking & Theft at Chopra Path.,21.0,Male,4,12.909527750908884,74.80836582949733,0,0,0
509,FIR/2022/KA20/00010,841,3,2022-09-20,2022,9,closed,Complainant robbed at Kohli Street by 3 armed persons.,43.0,Female,2,12.403888866344017,76.86416512550885,0,0,1
510,FIR/2023/KA01/00259,9,19,2023-07-07,2023,7,under_investigation,FIR registered for Cyber Crime - Phishing at Ghosh Circle.,72.0,Female,1,12.890537196690264,77.44414541613267,1,0,0
511,FIR/2023/KA04/00013,270,3,2023-02-03,2023,2,under_investigation,Complainant robbed at Dutta Circle by 3 armed persons.,30.0,Other,1,15.864681406142346,74.57782657418748,0,0,0
512,FIR/2024/KA06/00018,339,14,2024-10-19,2024,10,registered,FIR registered for Forgery at Sandhu Path.,37.0,Male,3,12.964134177201034,74.88353056091587,0,1,0
513,FIR/2023/KA01/00260,49,22,2023-09-07,2023,9,under_investigation,FIR registered for POCSO Act at Kata Chowk.,62.0,Other,1,12.986165727510716,77.6022614472105,0,0,0
514,FIR/2024/KA01/00261,154,23,2024-09-04,2024,9,chargesheeted,FIR registered for Domestic Violence at Gour Marg.,73.0,Male,3,13.022552920116286,77.47469395926592,0,0,1
515,FIR/2022/KA30/00006,1124,1,2022-02-21,2022,2,under_investigation,Complaint received regarding theft of two-wheeler worth Rs.468681.,59.0,Male,2,15.36134966517844,76.42117779666124,0,0,0
516,FIR/2022/KA12/00012,556,17,2022-12-20,2022,12,chargesheeted,FIR registered for Cyber Crime - Identity Theft at Balakrishnan Marg.,41.0,Other,4,16.839983516107882,75.70244249923128,1,0,1
517,FIR/2024/KA01/00262,29,1,2024-11-13,2024,11,under_investigation,Complaint received regarding theft of cash worth Rs.323178.,54.0,Other,4,12.8089402417259,77.64141467012078,0,0,0
518,FIR/2022/KA01/00263,69,10,2022-05-18,2022,5,closed,FIR registered for Sexual Harassment at Sanghvi Chowk.,28.0,Female,2,12.973894473593747,77.5425714649673,0,0,1
519,FIR/2023/KA01/00264,128,1,2023-06-03,2023,6,registered,Complaint received regarding theft of laptop worth Rs.140236.,66.0,Female,2,12.913365178786028,77.65476522581646,0,0,0
520,FIR/2022/KA01/00265,25,27,2022-08-02,2022,8,under_investigation,FIR registered for Hurt/Grievous Hurt at Jha Ganj.,61.0,Male,4,13.11546729063573,77.49989342574615,0,0,0
521,FIR/2024/KA04/00014,259,29,2024-06-12,2024,6,under_investigation,FIR registered for Mischief at Bhatnagar Road.,74.0,Other,1,15.908781548953007,74.39448867141184,0,0,0
522,FIR/2023/KA04/00015,247,10,2023-12-26,2023,12,under_investigation,FIR registered for Sexual Harassment at Chaudry.,36.0,Female,2,15.976354349051737,74.40478816762715,0,0,0
523,FIR/2024/KA10/00020,480,31,2024-04-13,2024,4,closed,FIR registered for Criminal Intimidation at Grover Circle.,52.0,Female,1,13.343209901853404,77.10273912493167,0,0,1
524,FIR/2023/KA05/00014,286,23,2023-07-25,2023,7,chargesheeted,FIR registered for Domestic Violence at Nanda Path.,56.0,Female,2,17.431707633540775,76.75324877874682,0,0,1
525,FIR/2024/KA01/00266,22,17,2024-05-15,2024,5,registered,FIR registered for Cyber Crime - Identity Theft at Shankar Ganj.,38.0,Other,1,12.959802429714523,77.7299322209433,1,0,0
526,FIR/2022/KA01/00267,63,22,2022-01-26,2022,1,under_investigation,FIR registered for POCSO Act at Lala Zila.,,Male,4,12.829938924406788,77.67074849171738,0,0,0
527,FIR/2023/KA04/00016,252,1,2023-02-05,2023,2,registered,Complaint received regarding theft of laptop worth Rs.47839.,46.0,Female,5,15.803672196130528,74.50838493557508,0,0,0
528,FIR/2024/KA13/00011,608,11,2024-03-27,2024,3,registered,FIR registered for Kidnapping & Abduction at Rama Path.,40.0,Female,4,16.199269976715893,77.2178222197308,0,0,0
529,FIR/2022/KA14/00008,680,33,2022-03-23,2022,3,chargesheeted,FIR registered for Road Accident Death at Ramanathan.,75.0,Other,2,15.438905348533488,74.90660749953487,0,0,1
530,FIR/2024/KA01/00268,144,2,2024-10-05,2024,10,under_investigation,FIR registered for House Breaking & Theft at Comar.,27.0,Female,3,12.942554275043015,77.56464904498874,0,0,0
531,FIR/2024/KA27/00022,997,16,2024-07-09,2024,7,chargesheeted,Victim lost Rs.241222 through online fraud/UPI scam.,58.0,Other,1,16.154973438865966,75.79025430166192,1,0,1
532,FIR/2022/KA03/00007,224,19,2022-04-14,2022,4,chargesheeted,FIR registered for Cyber Crime - Phishing at Gera Chowk.,31.0,Male,5,12.420328178218357,76.58617325660448,1,0,1
533,FIR/2024/KA13/00012,606,1,2024-06-01,2024,6,under_investigation,Complaint received regarding theft of gold chain worth Rs.268237.,59.0,Female,4,16.311403472433486,77.21899744883089,0,0,0
534,FIR/2022/KA14/00009,655,22,2022-09-14,2022,9,chargesheeted,FIR registered for POCSO Act at Munshi Street.,41.0,Male,5,15.390317672405557,75.01271351515219,0,0,1
535,FIR/2023/KA01/00269,109,6,2023-07-10,2023,7,closed,FIR registered for Attempt to Murder at Khare Zila.,75.0,Male,1,12.891389590502868,77.62823148158266,0,0,1
536,FIR/2023/KA01/00270,32,33,2023-11-01,2023,11,chargesheeted,FIR registered for Road Accident Death at Dada Road.,57.0,Other,1,12.905958006053718,77.59491046080124,0,0,1
537,FIR/2023/KA01/00271,110,12,2023-01-22,2023,1,under_investigation,Accused cheated complainant of Rs.116081 through false promises.,53.0,Female,1,13.080264409527404,77.62803696969847,0,1,0
538,FIR/2024/KA06/00019,349,16,2024-02-12,2024,2,pending_trial,Victim lost Rs.221496 through online fraud/UPI scam.,,Female,2,12.787421432561995,74.9559793656348,1,0,1
539,FIR/2024/KA01/00272,179,31,2024-11-09,2024,11,under_investigation,FIR registered for Criminal Intimidation at Sahota Marg.,,Female,1,12.856053202595904,77.43498001393513,0,0,0
540,FIR/2022/KA01/00273,75,33,2022-06-27,2022,6,closed,FIR registered for Road Accident Death at Devi.,54.0,Female,2,12.871153583255497,77.6903774957139,0,0,1
541,FIR/2024/KA16/00011,734,12,2024-10-21,2024,10,under_investigation,Accused cheated complainant of Rs.425128 through false promises.,58.0,Female,2,14.702858760778001,75.42380299785341,0,1,0
542,FIR/2024/KA21/00013,852,27,2024-03-14,2024,3,under_investigation,FIR registered for Hurt/Grievous Hurt at Grewal Marg.,68.0,Female,3,13.164392515119824,78.11284612675234,0,0,0
543,FIR/2023/KA01/00274,110,1,2023-06-07,2023,6,under_investigation,Complaint received regarding theft of mobile phone worth Rs.234334.,55.0,Male,1,13.097165985704057,77.63100089946192,0,0,0
544,FIR/2023/KA01/00275,63,22,2023-02-19,2023,2,under_investigation,FIR registered for POCSO Act at Ganesan Street.,59.0,Male,3,12.826898156583136,77.67893927172199,0,0,0
545,FIR/2024/KA29/00008,1092,19,2024-12-25,2024,12,closed,FIR registered for Cyber Crime - Phishing at Mani Chowk.,35.0,Male,2,14.453363520358307,75.83107946279215,1,0,1
546,FIR/2024/KA01/00276,48,28,2024-10-28,2024,10,under_investigation,FIR registered for Criminal Trespass at Grover Street.,36.0,Female,2,12.950935085640603,77.6061398020472,0,0,0
547,FIR/2024/KA01/00277,175,18,2024-06-27,2024,6,under_investigation,FIR registered for Cyber Crime - Hacking at Seshadri Path.,49.0,Other,1,12.86778683891515,77.47726228472783,1,0,0
548,FIR/2023/KA01/00278,63,16,2023-06-21,2023,6,pending_trial,Victim lost Rs.99270 through online fraud/UPI scam.,,Male,5,12.844393536052303,77.67951335707268,1,0,1
549,FIR/2022/KA01/00279,53,12,2022-02-11,2022,2,pending_trial,Accused cheated complainant of Rs.326915 through false promises.,65.0,Female,1,12.911104810386096,77.68428420971107,0,1,1
550,FIR/2024/KA01/00280,10,1,2024-01-17,2024,1,chargesheeted,Complaint received regarding theft of two-wheeler worth Rs.118406.,31.0,Male,3,13.099077600816418,77.54149771041862,0,0,1
551,FIR/2023/KA05/00015,275,20,2023-12-05,2023,12,under_investigation,FIR registered for Dowry Death at Rajagopalan Ganj.,53.0,Other,3,17.248821749923582,76.85792446925062,0,0,0
552,FIR/2023/KA01/00281,112,16,2023-07-17,2023,7,pending_trial,Victim lost Rs.136120 through online fraud/UPI scam.,72.0,Other,3,13.014069851963766,77.62512778404417,1,0,1
553,FIR/2022/KA01/00282,38,19,2022-10-10,2022,10,under_investigation,FIR registered for Cyber Crime - Phishing at Rege Chowk.,46.0,Female,5,13.00169017080488,77.48086268798266,1,0,0
554,FIR/2022/KA08/00009,396,19,2022-10-04,2022,10,chargesheeted,FIR registered for Cyber Crime - Phishing at Sagar Chowk.,58.0,Male,4,12.931271962115721,75.92801940043536,1,0,1
555,FIR/2023/KA01/00283,22,26,2023-09-09,2023,9,chargesheeted,FIR registered for Riots at Suresh Chowk.,25.0,Male,3,12.937465472018388,77.70640059566574,0,0,1
556,FIR/2022/KA01/00284,21,31,2022-04-03,2022,4,under_investigation,FIR registered for Criminal Intimidation at Butala Street.,25.0,Male,3,12.999285696561248,77.66864610487391,0,0,0
557,FIR/2022/KA11/00019,514,31,2022-04-15,2022,4,chargesheeted,FIR registered for Criminal Intimidation at Balasubramanian.,42.0,Female,5,15.258870006582995,77.04873753678433,0,0,1
558,FIR/2023/KA01/00285,52,1,2023-09-09,2023,9,chargesheeted,Complaint received regarding theft of mobile phone worth Rs.305914.,45.0,Female,3,13.005563016508676,77.62044038969741,0,0,1
559,FIR/2022/KA01/00286,37,22,2022-08-16,2022,8,registered,FIR registered for POCSO Act at Maharaj Nagar.,28.0,Other,3,13.074746843845503,77.52631087668813,0,0,0
560,FIR/2024/KA02/00005,189,7,2024-01-10,2024,1,registered,FIR registered for Culpable Homicide at Yogi Ganj.,71.0,Female,1,13.268091181003768,77.57037037931809,0,0,0
561,FIR/2024/KA08/00010,388,9,2024-01-11,2024,1,chargesheeted,FIR registered for Assault on Women at Ganguly Road.,44.0,Other,3,13.085600941849348,75.9976276911741,0,0,1
562,FIR/2022/KA04/00017,237,12,2022-07-03,2022,7,chargesheeted,Accused cheated complainant of Rs.263903 through false promises.,62.0,Female,4,15.908597892512171,74.6219161011119,0,1,1
563,FIR/2022/KA23/00006,900,13,2022-02-27,2022,2,under_investigation,FIR registered for Criminal Breach of Trust at Vaidya Circle.,70.0,Male,2,12.787977427763922,77.1262833616144,0,1,0
564,FIR/2024/KA01/00287,132,12,2024-12-24,2024,12,chargesheeted,Accused cheated complainant of Rs.51146 through false promises.,69.0,Female,5,13.053108601191086,77.48123341424139,0,1,1
565,FIR/2022/KA12/00013,570,25,2022-01-09,2022,1,closed,FIR registered for Arms Act at Peri Road.,22.0,Female,3,16.76421586382674,75.67074411321441,0,0,1
566,FIR/2022/KA01/00288,150,14,2022-07-09,2022,7,chargesheeted,FIR registered for Forgery at Barman Circle.,38.0,Male,5,12.902500936500713,77.67307245053657,0,1,1
567,FIR/2022/KA01/00289,94,25,2022-07-21,2022,7,chargesheeted,FIR registered for Arms Act at Kamdar Chowk.,60.0,Female,3,13.024859454523995,77.56859758322368,0,0,1
568,FIR/2022/KA04/00018,251,3,2022-04-03,2022,4,under_investigation,Complainant robbed at Chaudry Marg by 1 armed persons.,71.0,Male,2,15.914592602604275,74.4677567760989,0,0,0
569,FIR/2024/KA01/00290,87,34,2024-08-02,2024,8,under_investigation,FIR registered for Immoral Traffic Act at Mishra Ganj.,24.0,Female,2,12.846708816715276,77.56445910129298,0,0,0
570,FIR/2022/KA28/00005,1060,14,2022-09-28,2022,9,under_investigation,FIR registered for Forgery at Sengupta Nagar.,72.0,Other,1,14.744620010586399,74.80365839323375,0,1,0
571,FIR/2024/KA04/00019,272,13,2024-06-13,2024,6,pending_trial,FIR registered for Criminal Breach of Trust at Pall Road.,30.0,Male,3,15.87964875933057,74.54944663999508,0,1,1
572,FIR/2022/KA01/00291,36,14,2022-10-21,2022,10,under_investigation,FIR registered for Forgery at Sarna Zila.,33.0,Male,4,12.955663190641749,77.45930344998486,0,1,0
573,FIR/2023/KA01/00292,117,24,2023-11-17,2023,11,chargesheeted,FIR registered for NDPS Act at Khalsa Zila.,31.0,Male,4,12.865893615677967,77.45878107296781,0,0,1
574,FIR/2023/KA01/00293,135,12,2023-01-15,2023,1,under_investigation,Accused cheated complainant of Rs.30760 through false promises.,45.0,Male,3,13.073374985347119,77.60437280418171,0,1,0
575,FIR/2024/KA14/00010,660,29,2024-05-17,2024,5,chargesheeted,FIR registered for Mischief at Sangha.,59.0,Male,1,15.391250190582749,74.97652551084013,0,0,1
576,FIR/2024/KA14/00011,664,9,2024-01-19,2024,1,under_investigation,FIR registered for Assault on Women at Dewan Street.,74.0,Other,4,15.353882323590542,75.13702217087861,0,0,0
577,FIR/2024/KA01/00294,157,6,2024-12-27,2024,12,closed,FIR registered for Attempt to Murder at Jhaveri Ganj.,31.0,Female,3,12.933995133898113,77.56463214529023,0,0,1
578,FIR/2023/KA01/00295,14,30,2023-01-04,2023,1,under_investigation,FIR registered for Extortion at Panchal Nagar.,62.0,Male,2,12.897596499960375,77.61808318535765,0,0,0
579,FIR/2024/KA09/00015,430,21,2024-03-11,2024,3,closed,FIR registered for Dowry Prohibition Act at Mand Circle.,19.0,Male,3,13.835869301086003,75.42714500449013,0,0,1
580,FIR/2022/KA09/00016,429,18,2022-01-20,2022,1,under_investigation,FIR registered for Cyber Crime - Hacking at Yohannan.,33.0,Female,1,13.847380060783781,75.6737396328652,1,0,0
581,FIR/2024/KA03/00008,217,2,2024-11-10,2024,11,closed,FIR registered for House Breaking & Theft at Naik Street.,67.0,Male,1,12.209773090853897,76.54636045848646,0,0,1
582,FIR/2022/KA02/00006,199,22,2022-08-16,2022,8,closed,FIR registered for POCSO Act at Mann Road.,47.0,Male,3,13.23850736131327,77.50493255480438,0,0,1
583,FIR/2022/KA01/00296,31,23,2022-09-25,2022,9,chargesheeted,FIR registered for Domestic Violence at Loke.,51.0,Other,1,12.937946015499424,77.5771297578903,0,0,1
584,FIR/2024/KA01/00297,26,1,2024-04-22,2024,4,pending_trial,Complaint received regarding theft of gold chain worth Rs.266007.,65.0,Other,4,12.830111797141525,77.48726960476436,0,0,1
585,FIR/2023/KA12/00014,577,11,2023-04-13,2023,4,chargesheeted,FIR registered for Kidnapping & Abduction at Sabharwal Street.,74.0,Other,2,16.814488373325325,75.63994065450383,0,0,1
586,FIR/2024/KA01/00298,126,25,2024-06-13,2024,6,chargesheeted,FIR registered for Arms Act at Malhotra Nagar.,,Other,3,12.986399862717976,77.67868945054431,0,0,1
587,FIR/2022/KA01/00299,67,2,2022-08-19,2022,8,pending_trial,FIR registered for House Breaking & Theft at Deo Street.,49.0,Other,2,12.941385698898591,77.71308811007023,0,0,1
588,FIR/2022/KA10/00021,468,25,2022-05-20,2022,5,chargesheeted,FIR registered for Arms Act at Dhingra Ganj.,69.0,Female,1,13.221303327285574,76.97987301208347,0,0,1
589,FIR/2024/KA01/00300,8,1,2024-10-04,2024,10,registered,Complaint received regarding theft of gold chain worth Rs.7668.,71.0,Male,1,12.839481338517226,77.4676237294217,0,0,0
590,FIR/2024/KA01/00301,106,25,2024-05-26,2024,5,closed,FIR registered for Arms Act at Suri Marg.,27.0,Other,2,13.018153031352885,77.56039039349339,0,0,1
591,FIR/2022/KA01/00302,137,2,2022-05-08,2022,5,registered,FIR registered for House Breaking & Theft at Luthra Street.,75.0,Male,3,13.089126765156633,77.60994755171595,0,0,0
592,FIR/2024/KA08/00011,387,25,2024-03-19,2024,3,chargesheeted,FIR registered for Arms Act at Prashad Marg.,30.0,Female,2,12.949457492151941,75.96390592702063,0,0,1
593,FIR/2024/KA04/00020,242,1,2024-05-03,2024,5,under_investigation,Complaint received regarding theft of laptop worth Rs.291172.,74.0,Female,1,15.89641139500766,74.37552805325406,0,0,0
594,FIR/2024/KA15/00004,689,9,2024-06-17,2024,6,pending_trial,FIR registered for Assault on Women at Rau Zila.,44.0,Female,4,15.47484291753404,75.69705736413884,0,0,1
595,FIR/2024/KA07/00004,353,17,2024-07-03,2024,7,closed,FIR registered for Cyber Crime - Identity Theft at Mall Circle.,55.0,Other,3,13.221248994423892,74.61239278206179,1,0,1
596,FIR/2022/KA16/00012,722,21,2022-10-10,2022,10,registered,FIR registered for Dowry Prohibition Act at Sha Path.,47.0,Other,4,14.955113921535476,75.35908036370142,0,0,0
597,FIR/2022/KA01/00303,122,33,2022-05-27,2022,5,pending_trial,FIR registered for Road Accident Death at Narang Chowk.,54.0,Female,3,13.123562564977666,77.5848447072443,0,0,1
598,FIR/2023/KA01/00304,134,12,2023-10-22,2023,10,chargesheeted,Accused cheated complainant of Rs.372826 through false promises.,53.0,Other,4,13.078508110007627,77.63562609364762,0,1,1
599,FIR/2022/KA08/00012,383,35,2022-11-28,2022,11,under_investigation,FIR registered for SC/ST Atrocities Act at Shanker Zila.,57.0,Other,2,12.97658435454796,76.08020742847091,0,0,0
600,FIR/2024/KA01/00305,44,2,2024-10-04,2024,10,chargesheeted,FIR registered for House Breaking & Theft at Bhatnagar Path.,71.0,Other,4,12.95267455573167,77.53601377770669,0,0,1
601,FIR/2024/KA09/00017,447,9,2024-05-13,2024,5,chargesheeted,FIR registered for Assault on Women at Rao Circle.,52.0,Female,5,13.869487817880849,75.61997955551165,0,0,1
602,FIR/2024/KA20/00011,838,28,2024-10-04,2024,10,chargesheeted,FIR registered for Criminal Trespass at Sanghvi Ganj.,60.0,Male,2,12.638256599881906,76.88707414650662,0,0,1
603,FIR/2023/KA01/00306,91,24,2023-04-16,2023,4,chargesheeted,FIR registered for NDPS Act at Talwar Ganj.,49.0,Female,3,13.11010956881768,77.6957381081409,0,0,1
604,FIR/2024/KA19/00002,801,23,2024-02-15,2024,2,under_investigation,FIR registered for Domestic Violence at Naidu Road.,25.0,Other,4,12.459804785759848,75.63215246279492,0,0,0
605,FIR/2023/KA10/00022,462,2,2023-11-21,2023,11,closed,FIR registered for House Breaking & Theft at Nazareth Road.,40.0,Male,4,13.476889967543086,77.19337700704769,0,0,1
606,FIR/2022/KA29/00009,1108,33,2022-01-06,2022,1,under_investigation,FIR registered for Road Accident Death at De Circle.,51.0,Female,5,14.491088630838423,75.90130676990015,0,0,0
607,FIR/2024/KA01/00307,60,1,2024-06-21,2024,6,chargesheeted,Complaint received regarding theft of gold chain worth Rs.245900.,66.0,Other,3,12.918100077494719,77.66254940437776,0,0,1
608,FIR/2023/KA17/00010,735,3,2023-11-16,2023,11,under_investigation,Complainant robbed at Bava Path by 2 armed persons.,50.0,Other,5,14.15163204070658,76.2722817482207,0,0,0
609,FIR/2023/KA19/00003,793,23,2023-10-19,2023,10,under_investigation,FIR registered for Domestic Violence at Chaudhary Nagar.,,Male,2,12.50483717241208,75.63674843885536,0,0,0
610,FIR/2023/KA06/00020,332,16,2023-08-22,2023,8,chargesheeted,Victim lost Rs.409615 through online fraud/UPI scam.,74.0,Male,4,12.90519855496422,74.84072824624943,1,0,1
611,FIR/2024/KA05/00016,295,22,2024-02-02,2024,2,chargesheeted,FIR registered for POCSO Act at Dugar Zila.,41.0,Other,1,17.389644033819575,76.68649136858335,0,0,1
612,FIR/2022/KA09/00018,429,25,2022-12-15,2022,12,under_investigation,FIR registered for Arms Act at Shan Chowk.,49.0,Female,3,13.854592861579297,75.7027301562616,0,0,0
613,FIR/2022/KA01/00308,166,1,2022-07-27,2022,7,chargesheeted,Complaint received regarding theft of two-wheeler worth Rs.50098.,60.0,Male,2,12.900433567673806,77.57648750372567,0,0,1
614,FIR/2022/KA12/00015,559,31,2022-01-12,2022,1,closed,FIR registered for Criminal Intimidation at Deo Ganj.,61.0,Other,5,16.831216018775383,75.6600751163543,0,0,1
615,FIR/2022/KA01/00309,144,27,2022-10-27,2022,10,chargesheeted,FIR registered for Hurt/Grievous Hurt at Dutt Road.,46.0,Female,4,12.972969076068063,77.54861609691326,0,0,1
616,FIR/2023/KA05/00017,282,23,2023-03-26,2023,3,chargesheeted,FIR registered for Domestic Violence at Chander Road.,56.0,Other,3,17.197249699132925,76.95156311220306,0,0,1
617,FIR/2024/KA01/00310,68,11,2024-05-27,2024,5,under_investigation,FIR registered for Kidnapping & Abduction at Krishna Path.,22.0,Other,5,12.989611936018584,77.63112439018983,0,0,0
618,FIR/2024/KA05/00018,281,1,2024-10-17,2024,10,under_investigation,Complaint received regarding theft of cash worth Rs.34699.,34.0,Other,1,17.354438989022864,76.69932122789291,0,0,0
619,FIR/2022/KA01/00311,13,24,2022-04-11,2022,4,closed,FIR registered for NDPS Act at Ben Street.,64.0,Female,1,13.10659068806909,77.68411147607257,0,0,1
620,FIR/2023/KA28/00006,1057,12,2023-10-20,2023,10,chargesheeted,Accused cheated complainant of Rs.186322 through false promises.,56.0,Other,5,14.85320154346436,74.7379057453416,0,1,1
621,FIR/2024/KA01/00312,54,9,2024-08-05,2024,8,under_investigation,FIR registered for Assault on Women at Sanghvi Ganj.,32.0,Other,3,12.979746622524498,77.4787917340629,0,0,0
622,FIR/2023/KA31/00005,1138,12,2023-04-01,2023,4,pending_trial,Accused cheated complainant of Rs.410596 through false promises.,73.0,Female,1,12.034699838400535,76.97357061670397,0,1,1
623,FIR/2023/KA12/00016,552,29,2023-07-23,2023,7,under_investigation,FIR registered for Mischief at Kala Nagar.,25.0,Other,3,16.78805456383802,75.62262402548592,0,0,0
624,FIR/2024/KA01/00313,141,12,2024-01-08,2024,1,under_investigation,Accused cheated complainant of Rs.10268 through false promises.,66.0,Other,5,13.097648188795251,77.61690768384138,0,1,0
625,FIR/2023/KA01/00314,2,19,2023-12-08,2023,12,closed,FIR registered for Cyber Crime - Phishing at Kara Street.,36.0,Male,3,13.018596698568587,77.71846235807634,1,0,1
626,FIR/2023/KA14/00012,678,1,2023-04-10,2023,4,under_investigation,Complaint received regarding theft of laptop worth Rs.255977.,22.0,Female,5,15.338494438447634,74.981123207443,0,0,0
627,FIR/2022/KA01/00315,173,19,2022-06-28,2022,6,under_investigation,FIR registered for Cyber Crime - Phishing at Anand Nagar.,36.0,Other,2,12.950324767510944,77.65908240997138,1,0,0
628,FIR/2023/KA05/00019,316,17,2023-12-18,2023,12,chargesheeted,FIR registered for Cyber Crime - Identity Theft at Dara Path.,57.0,Female,3,17.171523843073476,76.78276296850335,1,0,1
629,FIR/2024/KA07/00005,358,21,2024-09-08,2024,9,under_investigation,FIR registered for Dowry Prohibition Act at Deo Marg.,70.0,Male,1,13.225726388033362,74.78929967756613,0,0,0
630,FIR/2023/KA01/00316,97,27,2023-11-25,2023,11,chargesheeted,FIR registered for Hurt/Grievous Hurt at Bobal Chowk.,35.0,Female,5,12.874906066353683,77.5561661540204,0,0,1
631,FIR/2023/KA01/00317,28,1,2023-02-02,2023,2,under_investigation,Complaint received regarding theft of cash worth Rs.206293.,,Female,4,13.118196789407616,77.5923119380577,0,0,0
632,FIR/2024/KA14/00013,660,22,2024-07-06,2024,7,chargesheeted,FIR registered for POCSO Act at Chaudry Zila.,,Female,1,15.418869160110694,75.00457912295256,0,0,1
633,FIR/2022/KA03/00009,214,12,2022-06-27,2022,6,pending_trial,Accused cheated complainant of Rs.118531 through false promises.,71.0,Other,4,12.387362691668615,76.68832750717486,0,1,1
634,FIR/2022/KA01/00318,118,12,2022-12-25,2022,12,registered,Accused cheated complainant of Rs.295085 through false promises.,61.0,Female,5,13.050687101475667,77.58412910212256,0,1,0
635,FIR/2024/KA01/00319,80,18,2024-10-25,2024,10,chargesheeted,FIR registered for Cyber Crime - Hacking at Raja Street.,33.0,Male,1,12.873907005230304,77.64217494928187,1,0,1
636,FIR/2024/KA31/00006,1145,33,2024-05-03,2024,5,pending_trial,FIR registered for Road Accident Death at Dhar Street.,20.0,Other,3,11.890760794677242,76.99692219774131,0,0,1
637,FIR/2024/KA01/00320,152,19,2024-11-26,2024,11,closed,FIR registered for Cyber Crime - Phishing at Wali Zila.,38.0,Female,2,13.065142347428418,77.71470666746232,1,0,1
638,FIR/2024/KA01/00321,43,12,2024-01-15,2024,1,registered,Accused cheated complainant of Rs.256767 through false promises.,55.0,Male,3,13.136026771329144,77.64162091482747,0,1,0
639,FIR/2023/KA01/00322,138,17,2023-02-15,2023,2,under_investigation,FIR registered for Cyber Crime - Identity Theft at Gala.,58.0,Male,2,13.017425567299469,77.51700112604141,1,0,0
640,FIR/2023/KA01/00323,67,12,2023-04-04,2023,4,chargesheeted,Accused cheated complainant of Rs.363844 through false promises.,20.0,Other,2,12.925165514712722,77.73566098255061,0,1,1
641,FIR/2024/KA01/00324,10,1,2024-05-09,2024,5,registered,Complaint received regarding theft of gold chain worth Rs.288346.,40.0,Male,1,13.113812517570201,77.54268730253668,0,0,0
642,FIR/2023/KA01/00325,98,16,2023-02-08,2023,2,under_investigation,Victim lost Rs.199699 through online fraud/UPI scam.,,Female,3,13.039321179288116,77.54300562166803,1,0,0
643,FIR/2023/KA27/00023,1022,6,2023-06-11,2023,6,pending_trial,FIR registered for Attempt to Murder at Chadha Ganj.,28.0,Female,1,16.144700905317517,75.6852795301313,0,0,1
644,FIR/2022/KA21/00014,863,28,2022-10-01,2022,10,under_investigation,FIR registered for Criminal Trespass at Dey Zila.,67.0,Other,5,13.287026685924259,78.19383360957147,0,0,0
645,FIR/2023/KA15/00005,702,13,2023-04-13,2023,4,closed,FIR registered for Criminal Breach of Trust at Rajagopalan Zila.,59.0,Male,1,15.533590006685113,75.71483477686614,0,1,1
646,FIR/2024/KA01/00326,48,1,2024-10-17,2024,10,pending_trial,Complaint received regarding theft of cash worth Rs.389801.,25.0,Other,1,12.971508080407718,77.61273791036261,0,0,1
647,FIR/2024/KA01/00327,179,12,2024-09-15,2024,9,under_investigation,Accused cheated complainant of Rs.443309 through false promises.,39.0,Male,3,12.864667628085083,77.44143765504724,0,1,0
648,FIR/2023/KA13/00013,624,2,2023-02-23,2023,2,under_investigation,FIR registered for House Breaking & Theft at Malhotra Ganj.,50.0,Male,3,16.197154197094246,77.42891274334286,0,0,0
649,FIR/2024/KA01/00328,49,24,2024-08-26,2024,8,under_investigation,FIR registered for NDPS Act at Kothari Zila.,33.0,Female,5,12.999549106115024,77.5906228265713,0,0,0
650,FIR/2022/KA28/00007,1053,1,2022-05-11,2022,5,under_investigation,Complaint received regarding theft of mobile phone worth Rs.219173.,27.0,Other,4,14.748420190647078,74.5740617990307,0,0,0
651,FIR/2022/KA01/00329,102,6,2022-03-15,2022,3,registered,FIR registered for Attempt to Murder at Mitra Nagar.,63.0,Female,1,12.988518918058592,77.57939002674826,0,0,0
652,FIR/2022/KA25/00007,952,5,2022-07-01,2022,7,chargesheeted,Dead body found at Vasa Ganj. Prima facie case of murder registered.,40.0,Male,4,17.80305614795975,77.4292513962903,0,0,1
653,FIR/2024/KA13/00014,614,13,2024-05-04,2024,5,under_investigation,FIR registered for Criminal Breach of Trust at Upadhyay.,20.0,Male,3,16.29752076223066,77.44987596899439,0,1,0
654,FIR/2022/KA01/00330,24,14,2022-11-15,2022,11,closed,FIR registered for Forgery at Ramanathan Ganj.,64.0,Male,5,13.013629673893245,77.7314118578493,0,1,1
655,FIR/2022/KA01/00331,23,30,2022-02-05,2022,2,closed,FIR registered for Extortion at Bhagat Road.,47.0,Female,3,12.86103248164103,77.66844368765143,0,0,1
656,FIR/2023/KA04/00021,246,12,2023-10-09,2023,10,pending_trial,Accused cheated complainant of Rs.126772 through false promises.,21.0,Other,5,15.898440065025923,74.46565612826045,0,1,1
657,FIR/2024/KA25/00008,939,1,2024-07-10,2024,7,under_investigation,Complaint received regarding theft of gold chain worth Rs.402043.,20.0,Other,2,17.916608506094676,77.52836524907563,0,0,0
658,FIR/2024/KA28/00008,1070,16,2024-10-11,2024,10,under_investigation,Victim lost Rs.91818 through online fraud/UPI scam.,49.0,Female,2,14.71731196652738,74.58284615284252,1,0,0
659,FIR/2022/KA01/00332,19,12,2022-05-20,2022,5,closed,Accused cheated complainant of Rs.354403 through false promises.,31.0,Other,5,13.06228858954598,77.4424750049882,0,1,1
660,FIR/2022/KA12/00017,566,31,2022-01-18,2022,1,chargesheeted,FIR registered for Criminal Intimidation at Arora Circle.,19.0,Female,2,16.793951500902,75.66788219092655,0,0,1
661,FIR/2023/KA10/00023,460,2,2023-07-24,2023,7,chargesheeted,FIR registered for House Breaking & Theft at Nadig Path.,25.0,Other,1,13.323555202526356,76.99055363793816,0,0,1
662,FIR/2023/KA01/00333,167,20,2023-05-03,2023,5,closed,FIR registered for Dowry Death at Ram Street.,69.0,Male,2,12.932796463608966,77.70178062862871,0,0,1
663,FIR/2022/KA01/00334,126,1,2022-09-11,2022,9,under_investigation,Complaint received regarding theft of cash worth Rs.357364.,38.0,Male,4,12.957050552117218,77.70197514745635,0,0,0
664,FIR/2024/KA01/00335,81,6,2024-09-11,2024,9,under_investigation,FIR registered for Attempt to Murder at Gera Path.,58.0,Male,2,12.88241098690675,77.7120963622766,0,0,0
665,FIR/2022/KA05/00020,290,16,2022-04-22,2022,4,under_investigation,Victim lost Rs.84394 through online fraud/UPI scam.,64.0,Female,3,17.401500677135996,76.86634690897914,1,0,0
666,FIR/2022/KA20/00012,836,23,2022-02-17,2022,2,closed,FIR registered for Domestic Violence at Bir Nagar.,,Other,5,12.431540878864165,77.02693860101809,0,0,1
667,FIR/2022/KA11/00020,532,16,2022-07-23,2022,7,under_investigation,Victim lost Rs.335839 through online fraud/UPI scam.,48.0,Other,2,15.231720586012631,77.02562567405269,1,0,0
668,FIR/2022/KA01/00336,165,14,2022-05-22,2022,5,chargesheeted,FIR registered for Forgery at Baral Ganj.,36.0,Male,2,12.989194696844494,77.57353280756688,0,1,1
669,FIR/2024/KA27/00024,1031,28,2024-05-14,2024,5,pending_trial,FIR registered for Criminal Trespass at Rao Nagar.,47.0,Female,1,16.15885514301758,75.70890357239271,0,0,1
670,FIR/2024/KA01/00337,166,12,2024-03-25,2024,3,closed,Accused cheated complainant of Rs.320127 through false promises.,19.0,Female,3,12.919403496118758,77.6064574245271,0,1,1
671,FIR/2023/KA04/00022,268,1,2023-07-02,2023,7,chargesheeted,Complaint received regarding theft of gold chain worth Rs.142156.,69.0,Female,4,15.805380180468052,74.60139974920472,0,0,1
672,FIR/2022/KA16/00013,710,13,2022-05-16,2022,5,chargesheeted,FIR registered for Criminal Breach of Trust at Ratti Marg.,44.0,Male,5,14.75698487902836,75.33551852392429,0,1,1
673,FIR/2022/KA14/00014,663,2,2022-11-04,2022,11,pending_trial,FIR registered for House Breaking & Theft at Yadav Zila.,52.0,Male,1,15.327772515112873,74.94433310842932,0,0,1
674,FIR/2024/KA01/00338,60,10,2024-12-11,2024,12,pending_trial,FIR registered for Sexual Harassment at Dua Circle.,41.0,Other,2,12.92056969187027,77.69334696209518,0,0,1
675,FIR/2024/KA03/00010,219,2,2024-07-28,2024,7,chargesheeted,FIR registered for House Breaking & Theft at Chacko Road.,39.0,Female,2,12.286352046800296,76.51458814990164,0,0,1
676,FIR/2022/KA22/00002,879,29,2022-01-02,2022,1,closed,FIR registered for Mischief at Brar Road.,20.0,Male,3,13.463031657414987,77.77494420956741,0,0,1
677,FIR/2024/KA01/00339,162,31,2024-12-08,2024,12,registered,FIR registered for Criminal Intimidation at Jani Circle.,26.0,Other,3,13.068471347790751,77.56712308327923,0,0,0
678,FIR/2023/KA01/00340,10,1,2023-09-24,2023,9,chargesheeted,Complaint received regarding theft of laptop worth Rs.15566.,52.0,Other,2,13.097357266976797,77.56168783167142,0,0,1
679,FIR/2023/KA25/00009,958,16,2023-07-07,2023,7,closed,Victim lost Rs.416446 through online fraud/UPI scam.,65.0,Male,3,17.97133098959914,77.39849366772714,1,0,1
680,FIR/2024/KA01/00341,38,21,2024-05-21,2024,5,chargesheeted,FIR registered for Dowry Prohibition Act at Bhatti.,,Female,5,12.982949316008613,77.45960391942086,0,0,1
681,FIR/2024/KA01/00342,137,26,2024-12-18,2024,12,chargesheeted,FIR registered for Riots at Sarkar Road.,41.0,Other,1,13.070409814120788,77.60918117953133,0,0,1
682,FIR/2023/KA01/00343,74,16,2023-01-13,2023,1,closed,Victim lost Rs.198893 through online fraud/UPI scam.,59.0,Female,3,12.912053850382353,77.47043355316347,1,0,1
683,FIR/2024/KA14/00015,675,17,2024-02-04,2024,2,chargesheeted,FIR registered for Cyber Crime - Identity Theft at Chadha Ganj.,23.0,Male,4,15.553743538816832,75.13234558630568,1,0,1
684,FIR/2024/KA15/00006,687,12,2024-12-27,2024,12,chargesheeted,Accused cheated complainant of Rs.35897 through false promises.,37.0,Other,3,15.50984893688971,75.6130783883986,0,1,1
685,FIR/2024/KA04/00023,247,2,2024-12-19,2024,12,chargesheeted,FIR registered for House Breaking & Theft at Bhakta Chowk.,68.0,Female,5,15.973541618654078,74.40901401134849,0,0,1
686,FIR/2024/KA14/00016,676,9,2024-04-11,2024,4,chargesheeted,FIR registered for Assault on Women at Gill Road.,45.0,Other,1,15.344111442016388,74.90343346823431,0,0,1
687,FIR/2024/KA25/00010,952,8,2024-03-17,2024,3,closed,Victim reported sexual assault incident at Arora Zila. Medical examination conducted.,25.0,Male,4,17.794986381084776,77.44464059646843,0,0,1
688,FIR/2022/KA01/00344,51,2,2022-09-16,2022,9,under_investigation,FIR registered for House Breaking & Theft at Apte Street.,,Male,4,12.968503772500464,77.59350471975337,0,0,0
689,FIR/2022/KA24/00006,923,19,2022-11-09,2022,11,chargesheeted,FIR registered for Cyber Crime - Phishing at Taneja Street.,28.0,Male,3,16.881248049623554,77.15085047365226,1,0,1
690,FIR/2022/KA01/00345,158,18,2022-10-23,2022,10,under_investigation,FIR registered for Cyber Crime - Hacking at Virk Path.,39.0,Other,2,13.002432528437966,77.45699925718803,1,0,0
691,FIR/2023/KA22/00003,887,27,2023-08-01,2023,8,under_investigation,FIR registered for Hurt/Grievous Hurt at Lad Circle.,,Male,3,13.521406585282469,77.8296277055372,0,0,0
692,FIR/2024/KA29/00010,1077,12,2024-02-18,2024,2,chargesheeted,Accused cheated complainant of Rs.37038 through false promises.,22.0,Female,5,14.43908172736753,75.86049829783106,0,1,1
693,FIR/2022/KA10/00024,478,19,2022-01-07,2022,1,under_investigation,FIR registered for Cyber Crime - Phishing at Luthra Street.,67.0,Female,3,13.311230491845672,77.1416139741836,1,0,0
694,FIR/2022/KA22/00004,886,12,2022-04-03,2022,4,chargesheeted,Accused cheated complainant of Rs.388075 through false promises.,34.0,Other,1,13.403083163513209,77.85642271205286,0,1,1
695,FIR/2023/KA01/00346,5,16,2023-11-25,2023,11,under_investigation,Victim lost Rs.409739 through online fraud/UPI scam.,65.0,Other,4,12.935828268428834,77.55946983142643,1,0,0
696,FIR/2022/KA11/00021,548,29,2022-04-07,2022,4,under_investigation,FIR registered for Mischief at Viswanathan Road.,73.0,Male,3,15.234877497132764,76.8300906827696,0,0,0
697,FIR/2024/KA12/00018,567,2,2024-03-17,2024,3,closed,FIR registered for House Breaking & Theft at Lall Zila.,50.0,Male,2,16.82466180540694,75.80989438206564,0,0,1
698,FIR/2024/KA17/00011,737,16,2024-07-23,2024,7,chargesheeted,Victim lost Rs.444693 through online fraud/UPI scam.,74.0,Other,2,14.112118404930508,76.53243659731393,1,0,1
699,FIR/2024/KA01/00347,113,13,2024-05-23,2024,5,under_investigation,FIR registered for Criminal Breach of Trust at Shah Chowk.,68.0,Female,1,13.02660420338552,77.59536853491619,0,1,0
700,FIR/2023/KA01/00348,165,11,2023-06-06,2023,6,registered,FIR registered for Kidnapping & Abduction at Parsa Circle.,40.0,Other,4,12.993251198427966,77.56068876090845,0,0,0
701,FIR/2022/KA17/00012,757,10,2022-04-13,2022,4,under_investigation,FIR registered for Sexual Harassment at Tata Nagar.,30.0,Male,5,14.081647627935068,76.4895723393609,0,0,0
702,FIR/2022/KA11/00022,538,27,2022-06-09,2022,6,chargesheeted,FIR registered for Hurt/Grievous Hurt at Ganesan.,,Female,4,15.131979760085796,77.06089651393589,0,0,1
703,FIR/2023/KA01/00349,87,1,2023-12-09,2023,12,under_investigation,Complaint received regarding theft of mobile phone worth Rs.304987.,48.0,Other,4,12.833761019411853,77.5529329366487,0,0,0
704,FIR/2024/KA01/00350,162,24,2024-11-25,2024,11,chargesheeted,FIR registered for NDPS Act at Chauhan Road.,,Other,2,13.06221758305746,77.57113830690065,0,0,1
705,FIR/2024/KA08/00013,399,11,2024-03-03,2024,3,under_investigation,FIR registered for Kidnapping & Abduction at D’Alia.,21.0,Female,1,13.168014612180258,76.10354512663204,0,0,0
706,FIR/2024/KA01/00351,169,34,2024-04-21,2024,4,chargesheeted,FIR registered for Immoral Traffic Act at Upadhyay Ganj.,28.0,Other,3,13.03827561798232,77.60879480646196,0,0,1
707,FIR/2023/KA01/00352,46,21,2023-07-14,2023,7,closed,FIR registered for Dowry Prohibition Act at Basu Nagar.,50.0,Male,3,13.017310748010571,77.45999795483436,0,0,1
708,FIR/2022/KA11/00023,502,1,2022-05-20,2022,5,under_investigation,Complaint received regarding theft of cash worth Rs.219565.,71.0,Male,3,15.204552525570083,76.82962339111117,0,0,0
709,FIR/2024/KA20/00013,828,3,2024-06-15,2024,6,chargesheeted,Complainant robbed at Sodhi Nagar by 4 armed persons.,,Male,2,12.618535015087133,77.02072535557576,0,0,1
710,FIR/2024/KA01/00353,101,19,2024-10-21,2024,10,pending_trial,FIR registered for Cyber Crime - Phishing at Rajagopal Path.,41.0,Female,1,13.015658935544336,77.5660354931551,1,0,1
711,FIR/2022/KA02/00007,200,9,2022-05-27,2022,5,chargesheeted,FIR registered for Assault on Women at Gola Street.,42.0,Other,3,13.15404716143768,77.53137004294832,0,0,1
712,FIR/2024/KA01/00354,12,9,2024-06-14,2024,6,under_investigation,FIR registered for Assault on Women at Saini Nagar.,36.0,Female,4,13.023553805733565,77.45794242642688,0,0,0
713,FIR/2024/KA27/00025,1017,29,2024-10-12,2024,10,under_investigation,FIR registered for Mischief at Nagy Ganj.,,Other,4,16.223704169065105,75.60871945218976,0,0,0
714,FIR/2022/KA14/00017,667,21,2022-12-14,2022,12,under_investigation,FIR registered for Dowry Prohibition Act at Saha Ganj.,50.0,Other,3,15.489722300019167,74.98741135982594,0,0,0
715,FIR/2023/KA25/00011,954,21,2023-05-07,2023,5,chargesheeted,FIR registered for Dowry Prohibition Act at Madan Path.,58.0,Male,4,17.837497611273303,77.39529483045143,0,0,1
716,FIR/2023/KA01/00355,40,13,2023-06-19,2023,6,under_investigation,FIR registered for Criminal Breach of Trust at Pradhan Zila.,24.0,Other,3,13.034298164063998,77.70897093208276,0,1,0
717,FIR/2023/KA20/00014,845,16,2023-07-16,2023,7,under_investigation,Victim lost Rs.103100 through online fraud/UPI scam.,47.0,Other,2,12.667380807083413,76.76492034845388,1,0,0
718,FIR/2023/KA29/00011,1094,1,2023-10-15,2023,10,chargesheeted,Complaint received regarding theft of laptop worth Rs.388230.,33.0,Female,3,14.330563676852309,75.99954430369525,0,0,1
719,FIR/2024/KA01/00356,16,24,2024-07-10,2024,7,registered,FIR registered for NDPS Act at Varty Ganj.,67.0,Female,5,13.012041005095327,77.60848120683696,0,0,0
720,FIR/2023/KA01/00357,101,28,2023-09-06,2023,9,pending_trial,FIR registered for Criminal Trespass at Rattan Nagar.,54.0,Male,2,13.007107256770238,77.5598487768111,0,0,1
721,FIR/2024/KA25/00012,961,24,2024-01-03,2024,1,under_investigation,FIR registered for NDPS Act at Shroff Zila.,28.0,Female,1,17.877708344063844,77.5710462614235,0,0,0
722,FIR/2024/KA01/00358,7,15,2024-03-10,2024,3,under_investigation,FIR registered for Counterfeiting at Mukhopadhyay Road.,64.0,Male,2,12.912349543056056,77.52302073584687,0,1,0
723,FIR/2023/KA01/00359,110,27,2023-06-01,2023,6,chargesheeted,FIR registered for Hurt/Grievous Hurt at Chadha Path.,43.0,Other,2,13.10895532183847,77.63599147401723,0,0,1
724,FIR/2024/KA21/00015,863,1,2024-08-23,2024,8,under_investigation,Complaint received regarding theft of mobile phone worth Rs.208200.,26.0,Female,3,13.291608851613043,78.19811164304578,0,0,0
725,FIR/2022/KA04/00024,260,1,2022-12-28,2022,12,under_investigation,Complaint received regarding theft of laptop worth Rs.285030.,60.0,Other,5,15.874677850791244,74.45580352515714,0,0,0
726,FIR/2023/KA01/00360,5,13,2023-03-25,2023,3,under_investigation,FIR registered for Criminal Breach of Trust at Manne Ganj.,66.0,Female,1,12.953279090741061,77.56488619601177,0,1,0
727,FIR/2023/KA06/00021,346,9,2023-04-02,2023,4,under_investigation,FIR registered for Assault on Women at Modi.,29.0,Female,2,12.887427564967838,74.84214862062886,0,0,0
728,FIR/2024/KA12/00019,586,1,2024-08-02,2024,8,under_investigation,Complaint received regarding theft of laptop worth Rs.99119.,51.0,Male,4,16.857642157453373,75.83689047472801,0,0,0
729,FIR/2023/KA20/00015,821,21,2023-12-04,2023,12,chargesheeted,FIR registered for Dowry Prohibition Act at Pillay Chowk.,26.0,Other,5,12.37313761141774,76.88668468263208,0,0,1
730,FIR/2022/KA24/00007,918,2,2022-08-21,2022,8,pending_trial,FIR registered for House Breaking & Theft at Tak.,34.0,Other,1,16.653826441891887,77.03807973580771,0,0,1
731,FIR/2022/KA01/00361,86,27,2022-08-17,2022,8,under_investigation,FIR registered for Hurt/Grievous Hurt at Korpal Ganj.,41.0,Male,2,13.091208380316754,77.62062146514928,0,0,0
732,FIR/2024/KA06/00022,320,31,2024-07-28,2024,7,chargesheeted,FIR registered for Criminal Intimidation at Ahuja Street.,63.0,Other,3,12.888098521976382,74.76573640437368,0,0,1
733,FIR/2024/KA03/00011,225,1,2024-12-28,2024,12,chargesheeted,Complaint received regarding theft of mobile phone worth Rs.248669.,,Female,4,12.386649164837026,76.58981863739662,0,0,1
734,FIR/2022/KA06/00023,347,1,2022-11-12,2022,11,under_investigation,Complaint received regarding theft of gold chain worth Rs.358892.,19.0,Other,3,12.833651127213132,74.71712741447195,0,0,0
735,FIR/2024/KA25/00013,959,21,2024-01-15,2024,1,under_investigation,FIR registered for Dowry Prohibition Act at Nayak Nagar.,20.0,Other,4,17.890270068709622,77.6565488743822,0,0,0
736,FIR/2023/KA22/00005,878,17,2023-02-05,2023,2,chargesheeted,FIR registered for Cyber Crime - Identity Theft at Puri Nagar.,47.0,Other,5,13.45795302816736,77.6057628563856,1,0,1
737,FIR/2023/KA01/00362,155,9,2023-12-27,2023,12,chargesheeted,FIR registered for Assault on Women at Chawla Road.,20.0,Male,5,12.913528733307068,77.65927057932558,0,0,1
738,FIR/2024/KA14/00018,640,18,2024-02-13,2024,2,chargesheeted,FIR registered for Cyber Crime - Hacking at Wagle Ganj.,19.0,Male,3,15.608092758341341,75.10209939659158,1,0,1
739,FIR/2024/KA01/00363,159,18,2024-02-27,2024,2,pending_trial,FIR registered for Cyber Crime - Hacking at Saini Ganj.,37.0,Other,5,12.854828305117085,77.74458493863314,1,0,1
740,FIR/2022/KA06/00024,335,22,2022-12-26,2022,12,registered,FIR registered for POCSO Act at Bhasin Chowk.,45.0,Female,2,13.039458152440298,74.8508865856226,0,0,0
741,FIR/2023/KA02/00008,199,1,2023-10-13,2023,10,pending_trial,Complaint received regarding theft of gold chain worth Rs.147962.,19.0,Female,2,13.237452746398882,77.51008064901373,0,0,1
742,FIR/2024/KA01/00364,175,19,2024-11-11,2024,11,under_investigation,FIR registered for Cyber Crime - Phishing at Bassi Zila.,57.0,Female,5,12.892453999060583,77.48398256658076,1,0,0
743,FIR/2023/KA06/00025,349,24,2023-11-20,2023,11,under_investigation,FIR registered for NDPS Act at Venkatesh Ganj.,38.0,Female,4,12.773190145076141,74.97944923955875,0,0,0
744,FIR/2022/KA09/00019,424,1,2022-08-07,2022,8,chargesheeted,Complaint received regarding theft of two-wheeler worth Rs.357838.,20.0,Other,5,13.844639944344106,75.55833236253648,0,0,1
745,FIR/2022/KA01/00365,130,13,2022-09-12,2022,9,under_investigation,FIR registered for Criminal Breach of Trust at Chad Chowk.,38.0,Female,4,12.888500582722873,77.53110950790433,0,1,0
746,FIR/2024/KA01/00366,51,8,2024-03-20,2024,3,under_investigation,Victim reported sexual assault incident at Chandran. Medical examination conducted.,36.0,Other,4,12.968261209592676,77.57971837343679,0,0,0
747,FIR/2022/KA01/00367,119,14,2022-09-05,2022,9,under_investigation,FIR registered for Forgery at Deol Circle.,25.0,Other,3,13.02424889753988,77.54615870072475,0,1,0
748,FIR/2022/KA08/00014,379,8,2022-12-13,2022,12,chargesheeted,Victim reported sexual assault incident at Borde Marg. Medical examination conducted.,56.0,Female,3,12.993617986868852,76.000028026402,0,0,1
749,FIR/2022/KA03/00012,212,1,2022-11-22,2022,11,pending_trial,Complaint received regarding theft of gold chain worth Rs.268352.,43.0,Female,4,12.291630336987655,76.80281801312108,0,0,1
750,FIR/2022/KA01/00368,79,1,2022-03-28,2022,3,under_investigation,Complaint received regarding theft of gold chain worth Rs.6749.,59.0,Male,1,12.863568136956976,77.5352511696531,0,0,0
751,FIR/2023/KA01/00369,122,27,2023-07-14,2023,7,under_investigation,FIR registered for Hurt/Grievous Hurt at Manne Ganj.,57.0,Other,1,13.112972726803596,77.60927291978811,0,0,0
752,FIR/2024/KA02/00009,200,9,2024-01-11,2024,1,chargesheeted,FIR registered for Assault on Women at Murty Road.,41.0,Male,5,13.182267499219263,77.55191764179438,0,0,1
753,FIR/2023/KA01/00370,143,1,2023-09-17,2023,9,closed,Complaint received regarding theft of two-wheeler worth Rs.245002.,33.0,Male,4,12.977595635493039,77.47654042738431,0,0,1
754,FIR/2023/KA01/00371,41,10,2023-06-05,2023,6,under_investigation,FIR registered for Sexual Harassment at Sethi Path.,61.0,Other,4,13.102918533115949,77.58341114227416,0,0,0
755,FIR/2024/KA21/00016,866,14,2024-08-17,2024,8,chargesheeted,FIR registered for Forgery at Kaur Road.,28.0,Male,4,13.198141850529455,78.14807569086233,0,1,1
756,FIR/2022/KA30/00007,1128,1,2022-12-02,2022,12,chargesheeted,Complaint received regarding theft of laptop worth Rs.459590.,22.0,Female,3,15.343476281538718,76.38124765786344,0,0,1
757,FIR/2023/KA01/00372,142,12,2023-12-25,2023,12,chargesheeted,Accused cheated complainant of Rs.379742 through false promises.,70.0,Other,1,13.012218522850175,77.46571986946378,0,1,1
758,FIR/2023/KA25/00014,955,23,2023-12-25,2023,12,registered,FIR registered for Domestic Violence at Cherian Street.,25.0,Male,2,17.983643815320043,77.53451661700666,0,0,0
759,FIR/2024/KA01/00373,111,27,2024-10-25,2024,10,closed,FIR registered for Hurt/Grievous Hurt at Sengupta Street.,27.0,Male,4,13.060121399367484,77.51964702816261,0,0,1
760,FIR/2024/KA17/00013,742,1,2024-11-23,2024,11,registered,Complaint received regarding theft of laptop worth Rs.399528.,39.0,Female,4,14.185219448532157,76.33196104632817,0,0,0
761,FIR/2022/KA01/00374,19,6,2022-05-19,2022,5,under_investigation,FIR registered for Attempt to Murder at Dara Marg.,36.0,Male,2,13.067300823757545,77.46392257732806,0,0,0
762,FIR/2022/KA07/00006,359,22,2022-12-10,2022,12,under_investigation,FIR registered for POCSO Act at Parmar Circle.,46.0,Other,3,13.205429651507774,74.80782194609043,0,0,0
763,FIR/2023/KA01/00375,138,13,2023-03-05,2023,3,chargesheeted,FIR registered for Criminal Breach of Trust at Seth Ganj.,,Male,5,12.994694262692798,77.5141313909681,0,1,1
764,FIR/2024/KA01/00376,44,12,2024-05-12,2024,5,chargesheeted,Accused cheated complainant of Rs.217779 through false promises.,28.0,Female,2,12.960531417024079,77.51901581159375,0,1,1
765,FIR/2023/KA01/00377,26,1,2023-09-12,2023,9,under_investigation,Complaint received regarding theft of laptop worth Rs.344936.,48.0,Male,4,12.851620344260892,77.4580643038311,0,0,0
766,FIR/2024/KA27/00026,1024,21,2024-02-11,2024,2,under_investigation,FIR registered for Dowry Prohibition Act at Dugar Zila.,67.0,Other,1,16.329410866484686,75.83300705855166,0,0,0
767,FIR/2022/KA01/00378,130,18,2022-08-19,2022,8,pending_trial,FIR registered for Cyber Crime - Hacking at Baria Road.,41.0,Other,1,12.903257648934126,77.51006860080959,1,0,1
768,FIR/2023/KA09/00020,428,32,2023-06-17,2023,6,registered,FIR registered for Missing Person at Narang Ganj.,21.0,Female,5,14.013306951836578,75.61909868982174,0,0,0
769,FIR/2022/KA21/00017,865,23,2022-12-06,2022,12,chargesheeted,FIR registered for Domestic Violence at Chand Street.,56.0,Female,5,13.191391062291192,78.13955441798151,0,0,1
770,FIR/2023/KA25/00015,944,1,2023-12-27,2023,12,pending_trial,Complaint received regarding theft of two-wheeler worth Rs.278970.,,Male,2,17.961889095640206,77.39445981750073,0,0,1
771,FIR/2023/KA01/00379,51,1,2023-08-04,2023,8,chargesheeted,Complaint received regarding theft of mobile phone worth Rs.172173.,25.0,Female,1,12.947715432201086,77.56870203634642,0,0,1
772,FIR/2023/KA01/00380,106,14,2023-10-07,2023,10,chargesheeted,FIR registered for Forgery at Mistry Nagar.,73.0,Male,4,13.031966834565946,77.53145195058016,0,1,1
773,FIR/2023/KA01/00381,16,1,2023-11-20,2023,11,closed,Complaint received regarding theft of mobile phone worth Rs.136988.,49.0,Other,2,13.009156575972586,77.626670186269,0,0,1
774,FIR/2024/KA01/00382,124,23,2024-05-21,2024,5,under_investigation,FIR registered for Domestic Violence at Ravel Nagar.,53.0,Other,3,13.026909868882191,77.72542680233562,0,0,0
775,FIR/2023/KA20/00016,808,22,2023-03-16,2023,3,registered,FIR registered for POCSO Act at Krish Chowk.,22.0,Female,3,12.500986719053415,77.03338419564152,0,0,0
776,FIR/2023/KA10/00025,484,8,2023-06-21,2023,6,chargesheeted,Victim reported sexual assault incident at Shere Zila. Medical examination conducted.,31.0,Female,5,13.35665735274983,77.02991982069372,0,0,1
777,FIR/2024/KA14/00019,668,13,2024-08-04,2024,8,chargesheeted,FIR registered for Criminal Breach of Trust at Dey Zila.,30.0,Female,2,15.382191291376456,75.03986592917973,0,1,1
778,FIR/2024/KA17/00014,744,28,2024-03-11,2024,3,pending_trial,FIR registered for Criminal Trespass at Arora Zila.,35.0,Male,3,14.232776266957739,76.308053501477,0,0,1
779,FIR/2023/KA01/00383,155,9,2023-05-12,2023,5,under_investigation,FIR registered for Assault on Women at Kapadia Nagar.,38.0,Female,3,12.891466916507271,77.64949968824037,0,0,0
780,FIR/2024/KA01/00384,134,18,2024-07-01,2024,7,closed,FIR registered for Cyber Crime - Hacking at Hora Street.,69.0,Male,4,13.103733943975152,77.600603184943,1,0,1
781,FIR/2022/KA11/00024,504,12,2022-12-07,2022,12,under_investigation,Accused cheated complainant of Rs.159558 through false promises.,,Female,4,15.204694405309102,76.84558389047713,0,1,0
782,FIR/2024/KA01/00385,155,1,2024-04-26,2024,4,under_investigation,Complaint received regarding theft of cash worth Rs.235740.,33.0,Male,3,12.903368965964223,77.67141776629295,0,0,0
783,FIR/2022/KA01/00386,125,2,2022-10-16,2022,10,pending_trial,FIR registered for House Breaking & Theft at Bains Zila.,63.0,Female,2,13.039380704506318,77.58164019371763,0,0,1
784,FIR/2023/KA09/00021,447,19,2023-07-02,2023,7,under_investigation,FIR registered for Cyber Crime - Phishing at Hora Zila.,36.0,Male,4,13.847606389353528,75.61560004833234,1,0,0
785,FIR/2023/KA01/00387,26,12,2023-06-25,2023,6,closed,Accused cheated complainant of Rs.463201 through false promises.,54.0,Male,5,12.819255206343609,77.46730406675096,0,1,1
786,FIR/2023/KA10/00026,489,18,2023-10-18,2023,10,closed,FIR registered for Cyber Crime - Hacking at Narula Zila.,26.0,Male,3,13.441680005546758,77.22160518450865,1,0,1
787,FIR/2023/KA01/00388,79,31,2023-08-24,2023,8,closed,FIR registered for Criminal Intimidation at Basak Zila.,41.0,Female,2,12.875340752089095,77.53728941242261,0,0,1
788,FIR/2023/KA11/00025,504,1,2023-05-20,2023,5,closed,Complaint received regarding theft of mobile phone worth Rs.78541.,45.0,Female,4,15.223590879995356,76.85645197782529,0,0,1
789,FIR/2024/KA01/00389,10,16,2024-01-17,2024,1,under_investigation,Victim lost Rs.234222 through online fraud/UPI scam.,73.0,Female,5,13.113215378819302,77.56115261877947,1,0,0
790,FIR/2022/KA01/00390,138,1,2022-11-03,2022,11,closed,Complaint received regarding theft of cash worth Rs.53309.,69.0,Other,1,13.005533009650021,77.50949987182868,0,0,1
791,FIR/2022/KA01/00391,140,2,2022-11-07,2022,11,closed,FIR registered for House Breaking & Theft at Raja Nagar.,74.0,Other,2,12.9489127479179,77.4770340314696,0,0,1
792,FIR/2023/KA13/00015,608,13,2023-11-19,2023,11,under_investigation,FIR registered for Criminal Breach of Trust at Gera Marg.,43.0,Other,3,16.1805041582655,77.22339790571056,0,1,0
793,FIR/2024/KA25/00016,939,1,2024-01-01,2024,1,under_investigation,Complaint received regarding theft of laptop worth Rs.83902.,55.0,Other,3,17.92068157099967,77.54337950802368,0,0,0
794,FIR/2023/KA01/00392,113,29,2023-04-25,2023,4,closed,FIR registered for Mischief at Maharaj Street.,27.0,Male,3,13.011551468832046,77.57900097962018,0,0,1
795,FIR/2023/KA17/00015,753,31,2023-10-28,2023,10,registered,FIR registered for Criminal Intimidation at Sehgal Road.,38.0,Female,2,14.129015681735755,76.27414705709091,0,0,0
796,FIR/2023/KA28/00009,1064,12,2023-03-14,2023,3,pending_trial,Accused cheated complainant of Rs.495892 through false promises.,19.0,Male,4,14.918134403975653,74.81496254783556,0,1,1
797,FIR/2022/KA01/00393,123,16,2022-01-15,2022,1,closed,Victim lost Rs.204447 through online fraud/UPI scam.,43.0,Male,2,13.10768034944287,77.48461668776277,1,0,1
798,FIR/2024/KA05/00021,280,16,2024-02-03,2024,2,pending_trial,Victim lost Rs.483823 through online fraud/UPI scam.,31.0,Male,4,17.219131680030838,76.8843396140702,1,0,1
799,FIR/2023/KA17/00016,768,12,2023-06-14,2023,6,under_investigation,Accused cheated complainant of Rs.424320 through false promises.,50.0,Male,4,14.055636818414467,76.3034021653195,0,1,0
800,FIR/2022/KA01/00394,93,2,2022-07-13,2022,7,pending_trial,FIR registered for House Breaking & Theft at Chahal Nagar.,71.0,Male,4,13.098656623908463,77.69390507350585,0,0,1
801,FIR/2024/KA01/00395,123,8,2024-04-23,2024,4,under_investigation,Victim reported sexual assault incident at Rajagopal Road. Medical examination conducted.,,Female,3,13.078655779681187,77.49490459233361,0,0,0
802,FIR/2023/KA05/00022,286,11,2023-03-19,2023,3,registered,FIR registered for Kidnapping & Abduction at Saini Street.,66.0,Male,1,17.427464179519884,76.74259302386831,0,0,0
803,FIR/2024/KA01/00396,50,13,2024-12-22,2024,12,under_investigation,FIR registered for Criminal Breach of Trust at Vora Ganj.,29.0,Other,2,12.95339666683287,77.48531078698107,0,1,0
804,FIR/2024/KA01/00397,176,12,2024-03-12,2024,3,closed,Accused cheated complainant of Rs.417382 through false promises.,,Male,3,13.024795171875391,77.49698936485868,0,1,1
805,FIR/2023/KA22/00006,881,19,2023-05-20,2023,5,under_investigation,FIR registered for Cyber Crime - Phishing at Parmer Marg.,20.0,Other,2,13.444608077351944,77.64393497800215,1,0,0
806,FIR/2023/KA08/00015,398,2,2023-07-25,2023,7,chargesheeted,FIR registered for House Breaking & Theft at Sundaram Chowk.,40.0,Male,1,12.962176315142928,76.2148740289985,0,0,1
807,FIR/2023/KA01/00398,15,14,2023-08-15,2023,8,pending_trial,FIR registered for Forgery at Thakkar Path.,69.0,Other,1,12.920638235299421,77.64443247923528,0,1,1
808,FIR/2024/KA01/00399,82,15,2024-05-05,2024,5,under_investigation,FIR registered for Counterfeiting at Rama Path.,65.0,Other,2,12.93370631906179,77.52819336122948,0,1,0
809,FIR/2024/KA12/00020,552,16,2024-03-08,2024,3,chargesheeted,Victim lost Rs.381055 through online fraud/UPI scam.,57.0,Male,2,16.78303193614372,75.6162840702435,1,0,1
810,FIR/2022/KA01/00400,47,26,2022-11-10,2022,11,under_investigation,FIR registered for Riots at Nagar Nagar.,26.0,Female,4,13.074481827936292,77.45166583997064,0,0,0
811,FIR/2024/KA14/00020,678,8,2024-12-28,2024,12,registered,Victim reported sexual assault incident at Kanda. Medical examination conducted.,29.0,Male,2,15.355645226021444,74.98632816369425,0,0,0
812,FIR/2023/KA27/00027,1028,2,2023-04-06,2023,4,under_investigation,FIR registered for House Breaking & Theft at Mand Nagar.,40.0,Male,5,16.19661127420786,75.74672395131172,0,0,0
813,FIR/2024/KA29/00012,1101,14,2024-08-20,2024,8,under_investigation,FIR registered for Forgery at Sodhi Nagar.,50.0,Female,3,14.40974342821113,76.05105477591208,0,1,0
814,FIR/2023/KA06/00026,330,12,2023-06-26,2023,6,closed,Accused cheated complainant of Rs.244241 through false promises.,39.0,Other,3,12.90639971082865,74.7696498897827,0,1,1
815,FIR/2023/KA01/00401,73,25,2023-11-01,2023,11,pending_trial,FIR registered for Arms Act at Kaul.,71.0,Male,1,12.845596590781897,77.50037453732297,0,0,1
816,FIR/2023/KA02/00010,195,14,2023-06-10,2023,6,chargesheeted,FIR registered for Forgery at Chaudhry Street.,50.0,Male,4,13.365674064831392,77.67677297098403,0,1,1
817,FIR/2023/KA21/00018,847,31,2023-09-07,2023,9,under_investigation,FIR registered for Criminal Intimidation at Khosla Ganj.,65.0,Female,5,13.285620451976518,78.23323884767905,0,0,0
818,FIR/2023/KA17/00017,755,25,2023-09-17,2023,9,registered,FIR registered for Arms Act at Walla Road.,51.0,Male,3,14.187746991887849,76.41237187603261,0,0,0
819,FIR/2022/KA28/00010,1052,2,2022-11-21,2022,11,closed,FIR registered for House Breaking & Theft at Kanda Nagar.,57.0,Female,2,14.656372855199608,74.76107527058444,0,0,1
820,FIR/2024/KA20/00017,824,12,2024-07-10,2024,7,under_investigation,Accused cheated complainant of Rs.225863 through false promises.,26.0,Other,3,12.527797144502543,77.01032016964041,0,1,0
821,FIR/2024/KA24/00008,920,1,2024-09-22,2024,9,under_investigation,Complaint received regarding theft of cash worth Rs.316419.,,Female,2,16.802481662695687,77.06717365005119,0,0,0
822,FIR/2024/KA01/00402,161,16,2024-04-13,2024,4,closed,Victim lost Rs.209996 through online fraud/UPI scam.,40.0,Male,2,13.129776293755606,77.51667371485843,1,0,1
823,FIR/2023/KA27/00028,995,1,2023-07-04,2023,7,chargesheeted,Complaint received regarding theft of cash worth Rs.357487.,27.0,Other,3,16.293375383810364,75.74918376146745,0,0,1
824,FIR/2024/KA11/00026,504,23,2024-02-17,2024,2,under_investigation,FIR registered for Domestic Violence at Bala Path.,46.0,Female,1,15.213317379223499,76.84758642794084,0,0,0
825,FIR/2023/KA01/00403,49,9,2023-03-03,2023,3,closed,FIR registered for Assault on Women at Dhar Path.,20.0,Female,3,12.977426502903848,77.5850620273796,0,0,1
826,FIR/2022/KA16/00014,706,8,2022-10-06,2022,10,closed,Victim reported sexual assault incident at Guha. Medical examination conducted.,24.0,Male,5,14.8099023774745,75.43819040272264,0,0,1
827,FIR/2024/KA28/00011,1055,1,2024-04-28,2024,4,closed,Complaint received regarding theft of laptop worth Rs.443676.,58.0,Male,3,14.734886999995963,74.66260770537492,0,0,1
828,FIR/2023/KA10/00027,489,27,2023-05-21,2023,5,chargesheeted,FIR registered for Hurt/Grievous Hurt at Swaminathan Street.,23.0,Male,1,13.431915824753162,77.226577950353,0,0,1
829,FIR/2024/KA01/00404,6,24,2024-10-16,2024,10,under_investigation,FIR registered for NDPS Act at Chana Nagar.,67.0,Other,4,12.825976830412936,77.69984248105074,0,0,0
830,FIR/2024/KA12/00021,581,1,2024-07-20,2024,7,chargesheeted,Complaint received regarding theft of laptop worth Rs.27073.,68.0,Other,1,16.97762102098528,75.68554593454513,0,0,1
831,FIR/2024/KA13/00016,631,21,2024-04-12,2024,4,chargesheeted,FIR registered for Dowry Prohibition Act at Kanda.,20.0,Female,4,16.21962632133339,77.21821379690154,0,0,1
832,FIR/2022/KA20/00018,809,18,2022-09-02,2022,9,pending_trial,FIR registered for Cyber Crime - Hacking at Vyas Nagar.,29.0,Male,3,12.436883168015324,76.76974578771382,1,0,1
833,FIR/2023/KA01/00405,175,1,2023-01-24,2023,1,chargesheeted,Complaint received regarding theft of gold chain worth Rs.193003.,33.0,Female,4,12.890723392083585,77.47344649612589,0,0,1
834,FIR/2023/KA01/00406,146,1,2023-12-21,2023,12,under_investigation,Complaint received regarding theft of two-wheeler worth Rs.114775.,66.0,Female,2,12.841203793832015,77.62069185438516,0,0,0
835,FIR/2024/KA01/00407,40,27,2024-06-12,2024,6,chargesheeted,FIR registered for Hurt/Grievous Hurt at Oak Street.,64.0,Male,4,13.012041973800002,77.72854270772203,0,0,1
836,FIR/2023/KA01/00408,26,4,2023-03-25,2023,3,under_investigation,FIR registered for Dacoity at Naik Street.,69.0,Female,3,12.84592583385444,77.49586733339804,0,0,0
837,FIR/2023/KA01/00409,108,1,2023-06-01,2023,6,under_investigation,Complaint received regarding theft of cash worth Rs.167805.,52.0,Male,4,12.948856839177976,77.54835741401392,0,0,0
838,FIR/2022/KA14/00021,678,22,2022-02-03,2022,2,chargesheeted,FIR registered for POCSO Act at Dhar Street.,39.0,Other,3,15.34613026957662,74.9897633330306,0,0,1
839,FIR/2023/KA01/00410,27,12,2023-02-28,2023,2,pending_trial,Accused cheated complainant of Rs.326608 through false promises.,32.0,Female,1,13.01558014371657,77.60972347261344,0,1,1
840,FIR/2024/KA01/00411,84,8,2024-05-01,2024,5,chargesheeted,Victim reported sexual assault incident at Bora Path. Medical examination conducted.,69.0,Male,2,12.96760073417115,77.56265320804829,0,0,1
841,FIR/2024/KA27/00029,1001,12,2024-01-28,2024,1,chargesheeted,Accused cheated complainant of Rs.222330 through false promises.,72.0,Other,5,16.253248673388974,75.71498627457207,0,1,1
842,FIR/2022/KA01/00412,116,14,2022-07-24,2022,7,under_investigation,FIR registered for Forgery at Chaudhuri.,41.0,Male,3,13.048555764439188,77.62952061793891,0,1,0
843,FIR/2023/KA09/00022,437,34,2023-12-05,2023,12,under_investigation,FIR registered for Immoral Traffic Act at Mittal Path.,,Other,4,13.89198739655825,75.64339130485179,0,0,0
844,FIR/2022/KA01/00413,129,19,2022-10-08,2022,10,chargesheeted,FIR registered for Cyber Crime - Phishing at Deshpande Path.,54.0,Male,4,12.971731237629257,77.51625931785937,1,0,1
845,FIR/2023/KA23/00007,907,16,2023-07-03,2023,7,pending_trial,Victim lost Rs.16594 through online fraud/UPI scam.,21.0,Female,4,12.770918085931035,77.20615820490163,1,0,1
846,FIR/2022/KA06/00027,325,19,2022-11-12,2022,11,registered,FIR registered for Cyber Crime - Phishing at Nadig Chowk.,64.0,Male,5,12.892706392654071,74.79914271278416,1,0,0
847,FIR/2024/KA10/00028,497,5,2024-03-13,2024,3,under_investigation,Dead body found at Parikh Street. Prima facie case of murder registered.,54.0,Other,4,13.388165322742909,77.04769650453882,0,0,0
848,FIR/2023/KA17/00018,745,27,2023-11-19,2023,11,under_investigation,FIR registered for Hurt/Grievous Hurt at Gill Ganj.,40.0,Other,1,14.23697583681004,76.29179953582366,0,0,0
849,FIR/2024/KA03/00013,221,1,2024-02-17,2024,2,under_investigation,Complaint received regarding theft of two-wheeler worth Rs.389070.,56.0,Male,2,12.377396502203883,76.80062604717271,0,0,0
850,FIR/2023/KA01/00414,98,14,2023-12-04,2023,12,under_investigation,FIR registered for Forgery at Datta Road.,42.0,Other,4,13.039138380134363,77.54367581348532,0,1,0
851,FIR/2022/KA01/00415,48,19,2022-02-10,2022,2,under_investigation,FIR registered for Cyber Crime - Phishing at Agarwal Street.,29.0,Female,4,12.955248291761707,77.60041802739192,1,0,0
852,FIR/2022/KA13/00017,594,9,2022-11-21,2022,11,under_investigation,FIR registered for Assault on Women at Raman.,19.0,Other,1,16.268199404912572,77.45883684802948,0,0,0
853,FIR/2022/KA02/00011,195,1,2022-06-04,2022,6,under_investigation,Complaint received regarding theft of cash worth Rs.11594.,37.0,Male,5,13.355407588091028,77.67572234496564,0,0,0
854,FIR/2024/KA11/00027,531,1,2024-03-07,2024,3,chargesheeted,Complaint received regarding theft of laptop worth Rs.100308.,24.0,Other,2,15.175110732211044,76.89911340046814,0,0,1
855,FIR/2024/KA01/00416,2,5,2024-08-23,2024,8,closed,Dead body found at Kant. Prima facie case of murder registered.,46.0,Male,5,13.006160971250322,77.71375759388836,0,0,1
856,FIR/2023/KA01/00417,114,1,2023-02-26,2023,2,pending_trial,Complaint received regarding theft of gold chain worth Rs.61505.,55.0,Other,2,13.076416224086916,77.49541304197776,0,0,1
857,FIR/2023/KA01/00418,97,28,2023-10-05,2023,10,pending_trial,FIR registered for Criminal Trespass at Dhaliwal Chowk.,53.0,Female,4,12.897299444020145,77.54982720320442,0,0,1
858,FIR/2023/KA14/00022,668,29,2023-02-11,2023,2,under_investigation,FIR registered for Mischief at Brahmbhatt Path.,43.0,Male,3,15.350441967400018,75.05475482530484,0,0,0
859,FIR/2024/KA25/00017,959,12,2024-08-26,2024,8,closed,Accused cheated complainant of Rs.56789 through false promises.,38.0,Other,5,17.903328471702995,77.6744640272856,0,1,1
860,FIR/2023/KA01/00419,33,22,2023-07-25,2023,7,chargesheeted,FIR registered for POCSO Act at Ganesh Path.,66.0,Male,3,12.871292891210299,77.62924276799328,0,0,1
861,FIR/2024/KA01/00420,140,19,2024-07-13,2024,7,under_investigation,FIR registered for Cyber Crime - Phishing at Nayak Zila.,48.0,Other,4,12.935130903292183,77.5138044943416,1,0,0
862,FIR/2024/KA01/00421,2,2,2024-05-25,2024,5,chargesheeted,FIR registered for House Breaking & Theft at Apte Chowk.,23.0,Female,5,13.03452405543693,77.71510499641764,0,0,1
863,FIR/2024/KA10/00029,476,20,2024-03-21,2024,3,under_investigation,FIR registered for Dowry Death at Kadakia Road.,,Female,4,13.419619560432364,77.12536748447948,0,0,0
864,FIR/2023/KA27/00030,1040,22,2023-01-27,2023,1,closed,FIR registered for POCSO Act at Bir Ganj.,61.0,Other,1,16.195283484052688,75.69834602938212,0,0,1
865,FIR/2024/KA01/00422,38,26,2024-03-08,2024,3,chargesheeted,FIR registered for Riots at Kunda Path.,54.0,Other,5,12.972430708380829,77.48511045354243,0,0,1
866,FIR/2024/KA01/00423,18,11,2024-04-23,2024,4,under_investigation,FIR registered for Kidnapping & Abduction at Agarwal Zila.,71.0,Female,2,13.033083419772957,77.62474788845192,0,0,0
867,FIR/2023/KA01/00424,180,12,2023-06-27,2023,6,under_investigation,Accused cheated complainant of Rs.79275 through false promises.,34.0,Female,5,12.843661897146625,77.47704151249283,0,1,0
868,FIR/2023/KA01/00425,75,12,2023-05-07,2023,5,pending_trial,Accused cheated complainant of Rs.219540 through false promises.,44.0,Female,3,12.88262936980065,77.68230286063263,0,1,1
869,FIR/2023/KA01/00426,19,25,2023-08-09,2023,8,chargesheeted,FIR registered for Arms Act at Sachdev Street.,62.0,Male,1,13.057597882203812,77.4459921360666,0,0,1
870,FIR/2022/KA17/00019,744,28,2022-08-03,2022,8,under_investigation,FIR registered for Criminal Trespass at Radhakrishnan Chowk.,63.0,Other,4,14.225289271380502,76.28526155835911,0,0,0
871,FIR/2024/KA10/00030,464,13,2024-10-09,2024,10,under_investigation,FIR registered for Criminal Breach of Trust at Prashad Path.,53.0,Female,2,13.439707601199098,77.12003333853212,0,1,0
872,FIR/2023/KA01/00427,78,21,2023-08-16,2023,8,under_investigation,FIR registered for Dowry Prohibition Act at Srinivas Zila.,66.0,Other,1,13.074708073817954,77.528552833074,0,0,0
873,FIR/2024/KA01/00428,106,1,2024-08-24,2024,8,under_investigation,Complaint received regarding theft of cash worth Rs.408243.,50.0,Male,2,13.029867406292295,77.52541031589533,0,0,0
874,FIR/2024/KA12/00022,578,9,2024-01-05,2024,1,under_investigation,FIR registered for Assault on Women at Seth Street.,30.0,Other,1,16.794842474576246,75.61792290069569,0,0,0
875,FIR/2022/KA01/00429,142,23,2022-05-17,2022,5,registered,FIR registered for Domestic Violence at Bandi Zila.,64.0,Female,1,13.035353492510477,77.45255931529768,0,0,0
876,FIR/2023/KA23/00008,912,9,2023-04-20,2023,4,chargesheeted,FIR registered for Assault on Women at Bahri Road.,38.0,Male,1,12.622869513141493,77.13473396673098,0,0,1
877,FIR/2023/KA01/00430,21,1,2023-09-01,2023,9,chargesheeted,Complaint received regarding theft of two-wheeler worth Rs.384626.,27.0,Male,2,12.971990064309244,77.640110838127,0,0,1
878,FIR/2022/KA01/00431,96,27,2022-01-27,2022,1,under_investigation,FIR registered for Hurt/Grievous Hurt at Borah Zila.,20.0,Other,5,13.050717960505187,77.7119515051527,0,0,0
879,FIR/2022/KA01/00432,136,10,2022-08-19,2022,8,chargesheeted,FIR registered for Sexual Harassment at Garde Path.,65.0,Male,4,12.931632340067518,77.66444885014228,0,0,1
880,FIR/2023/KA01/00433,45,12,2023-11-15,2023,11,chargesheeted,Accused cheated complainant of Rs.243143 through false promises.,36.0,Other,2,13.016614587540916,77.50917207109568,0,1,1
881,FIR/2023/KA01/00434,145,16,2023-05-06,2023,5,under_investigation,Victim lost Rs.231354 through online fraud/UPI scam.,47.0,Female,5,13.121028345925268,77.59056857472152,1,0,0
882,FIR/2024/KA01/00435,4,13,2024-03-27,2024,3,chargesheeted,FIR registered for Criminal Breach of Trust at Subramanian Path.,44.0,Female,4,12.8273167155348,77.49978871420225,0,1,1
883,FIR/2023/KA03/00014,218,21,2023-06-11,2023,6,under_investigation,FIR registered for Dowry Prohibition Act at Sankar Nagar.,63.0,Male,5,12.255981077509643,76.57175424543658,0,0,0
884,FIR/2023/KA14/00023,640,25,2023-11-26,2023,11,chargesheeted,FIR registered for Arms Act at Saraf Street.,37.0,Male,4,15.584882259596297,75.07673800727046,0,0,1
885,FIR/2022/KA29/00013,1092,1,2022-11-15,2022,11,under_investigation,Complaint received regarding theft of cash worth Rs.221068.,39.0,Other,2,14.454652058445063,75.84302887905189,0,0,0
886,FIR/2022/KA13/00018,633,27,2022-07-06,2022,7,pending_trial,FIR registered for Hurt/Grievous Hurt at Narula Zila.,60.0,Male,3,16.15092230220806,77.39103520666222,0,0,1
887,FIR/2023/KA01/00436,96,1,2023-03-21,2023,3,under_investigation,Complaint received regarding theft of two-wheeler worth Rs.84001.,33.0,Other,2,13.0782658107896,77.70546439951259,0,0,0
888,FIR/2023/KA14/00024,638,16,2023-10-25,2023,10,chargesheeted,Victim lost Rs.359517 through online fraud/UPI scam.,23.0,Male,1,15.534294871551946,75.0162815496869,1,0,1
889,FIR/2023/KA01/00437,134,1,2023-06-28,2023,6,under_investigation,Complaint received regarding theft of gold chain worth Rs.111434.,37.0,Male,3,13.097981267439021,77.61244400131113,0,0,0
890,FIR/2024/KA09/00023,449,34,2024-08-16,2024,8,under_investigation,FIR registered for Immoral Traffic Act at Khanna Road.,53.0,Male,2,13.964050269806142,75.61902761872419,0,0,0
891,FIR/2024/KA01/00438,9,30,2024-10-14,2024,10,under_investigation,FIR registered for Extortion at Bawa Zila.,35.0,Other,2,12.920000989083219,77.46418976359885,0,0,0
892,FIR/2023/KA14/00025,652,13,2023-03-15,2023,3,under_investigation,FIR registered for Criminal Breach of Trust at Swaminathan Marg.,48.0,Male,1,15.511755014894522,74.92721292207966,0,1,0
893,FIR/2022/KA01/00439,109,1,2022-06-15,2022,6,chargesheeted,Complaint received regarding theft of two-wheeler worth Rs.239531.,60.0,Other,3,12.894576154502086,77.66359161195095,0,0,1
894,FIR/2024/KA01/00440,89,14,2024-06-03,2024,6,under_investigation,FIR registered for Forgery at Aggarwal Path.,25.0,Other,2,12.870901004420466,77.67146294335257,0,1,0
895,FIR/2024/KA01/00441,170,1,2024-12-26,2024,12,pending_trial,Complaint received regarding theft of mobile phone worth Rs.190971.,,Other,4,12.984096072214442,77.65276163913633,0,0,1
896,FIR/2024/KA27/00031,1025,26,2024-05-07,2024,5,chargesheeted,FIR registered for Riots at Srinivasan Road.,75.0,Male,1,16.05851720464528,75.77712159540351,0,0,1
897,FIR/2022/KA04/00025,266,15,2022-05-15,2022,5,pending_trial,FIR registered for Counterfeiting at Chatterjee Ganj.,66.0,Other,4,15.994944420879438,74.38324375456503,0,1,1
898,FIR/2022/KA01/00442,132,3,2022-01-05,2022,1,closed,Complainant robbed at Jhaveri Nagar by 1 armed persons.,30.0,Female,4,13.029061885404344,77.47168053132674,0,0,1
899,FIR/2024/KA01/00443,51,19,2024-05-23,2024,5,under_investigation,FIR registered for Cyber Crime - Phishing at Manne Street.,39.0,Male,3,12.957438684278246,77.58680230597713,1,0,0
900,FIR/2024/KA05/00023,313,2,2024-08-10,2024,8,under_investigation,FIR registered for House Breaking & Theft at Solanki Zila.,38.0,Other,1,17.332850298341143,76.91160703317446,0,0,0
901,FIR/2024/KA09/00024,428,12,2024-02-08,2024,2,registered,Accused cheated complainant of Rs.39057 through false promises.,33.0,Male,1,13.992774809756252,75.60984888892523,0,1,0
902,FIR/2024/KA01/00444,94,10,2024-06-28,2024,6,pending_trial,FIR registered for Sexual Harassment at Sinha Marg.,39.0,Other,1,13.036485607322328,77.5416096566277,0,0,1
903,FIR/2024/KA01/00445,105,13,2024-03-07,2024,3,pending_trial,FIR registered for Criminal Breach of Trust at Lanka Chowk.,23.0,Male,4,13.054374709189178,77.4930340298788,0,1,1
904,FIR/2022/KA11/00028,532,1,2022-01-23,2022,1,registered,Complaint received regarding theft of gold chain worth Rs.332916.,30.0,Other,4,15.220823313010417,76.99944059520448,0,0,0
905,FIR/2023/KA01/00446,3,19,2023-05-24,2023,5,chargesheeted,FIR registered for Cyber Crime - Phishing at Prabhakar Street.,23.0,Male,2,12.821665463798015,77.4878360659393,1,0,1
906,FIR/2023/KA01/00447,49,15,2023-10-07,2023,10,chargesheeted,FIR registered for Counterfeiting at Pingle Marg.,66.0,Male,2,12.988699718915491,77.59984261617527,0,1,1
907,FIR/2024/KA01/00448,87,16,2024-05-20,2024,5,under_investigation,Victim lost Rs.119430 through online fraud/UPI scam.,40.0,Other,2,12.835371033800776,77.56018868669109,1,0,0
908,FIR/2024/KA01/00449,28,8,2024-11-09,2024,11,under_investigation,Victim reported sexual assault incident at Lall Nagar. Medical examination conducted.,,Female,1,13.12522981553997,77.6160421404418,0,0,0
909,FIR/2023/KA01/00450,165,16,2023-02-22,2023,2,closed,Victim lost Rs.11290 through online fraud/UPI scam.,67.0,Female,5,13.01182782202938,77.54093215250957,1,0,1
910,FIR/2023/KA01/00451,16,2,2023-05-24,2023,5,closed,FIR registered for House Breaking & Theft at Kara Road.,37.0,Female,3,13.01784767600128,77.6371377741799,0,0,1
911,FIR/2024/KA01/00452,76,1,2024-04-19,2024,4,under_investigation,Complaint received regarding theft of gold chain worth Rs.219817.,38.0,Female,4,13.131503293263403,77.68530570304041,0,0,0
912,FIR/2024/KA29/00014,1102,27,2024-03-05,2024,3,closed,FIR registered for Hurt/Grievous Hurt at Chatterjee Street.,68.0,Female,4,14.439859485355331,76.03740372149962,0,0,1
913,FIR/2022/KA01/00453,87,15,2022-07-12,2022,7,registered,FIR registered for Counterfeiting at Padmanabhan Zila.,19.0,Female,4,12.820144993098882,77.54748760872536,0,1,0
914,FIR/2024/KA27/00032,1041,31,2024-01-16,2024,1,under_investigation,FIR registered for Criminal Intimidation at Sachdev Circle.,49.0,Other,4,16.036355249704812,75.76457523563921,0,0,0
915,FIR/2022/KA29/00015,1102,17,2022-03-16,2022,3,pending_trial,FIR registered for Cyber Crime - Identity Theft at Karan.,,Female,4,14.424581706079877,76.01777511180829,1,0,1
916,FIR/2022/KA01/00454,157,18,2022-09-16,2022,9,closed,FIR registered for Cyber Crime - Hacking at Bhat Circle.,58.0,Male,3,12.93097936141068,77.58047530272606,1,0,1
917,FIR/2022/KA08/00016,401,31,2022-07-20,2022,7,under_investigation,FIR registered for Criminal Intimidation at Virk Marg.,41.0,Other,2,12.856855701601186,76.20157322821996,0,0,0
918,FIR/2024/KA14/00026,675,30,2024-02-01,2024,2,chargesheeted,FIR registered for Extortion at Wason Marg.,62.0,Male,3,15.554438857121628,75.14947859915152,0,0,1
919,FIR/2024/KA28/00012,1062,16,2024-08-26,2024,8,under_investigation,Victim lost Rs.307629 through online fraud/UPI scam.,75.0,Male,3,14.878889804922308,74.7788219984145,1,0,0
920,FIR/2023/KA13/00019,610,2,2023-04-23,2023,4,chargesheeted,FIR registered for House Breaking & Theft at Mistry Chowk.,48.0,Male,3,16.336668418650845,77.27446830637697,0,0,1
921,FIR/2024/KA11/00029,547,5,2024-03-20,2024,3,under_investigation,Dead body found at Rana Zila. Prima facie case of murder registered.,75.0,Other,3,15.244107017882314,76.87967705912538,0,0,0
922,FIR/2023/KA10/00031,476,2,2023-04-26,2023,4,closed,FIR registered for House Breaking & Theft at Thakkar Nagar.,32.0,Other,1,13.425178575111678,77.1197934712114,0,0,1
923,FIR/2022/KA13/00020,635,16,2022-08-18,2022,8,under_investigation,Victim lost Rs.172790 through online fraud/UPI scam.,56.0,Other,2,16.170230457681036,77.38819166310245,1,0,0
924,FIR/2024/KA01/00455,4,11,2024-10-20,2024,10,under_investigation,FIR registered for Kidnapping & Abduction at Din.,50.0,Female,2,12.841189372185234,77.50117065302844,0,0,0
925,FIR/2022/KA01/00456,82,19,2022-01-10,2022,1,under_investigation,FIR registered for Cyber Crime - Phishing at Sen Zila.,,Other,4,12.931821386886307,77.52620157923359,1,0,0
926,FIR/2024/KA01/00457,116,28,2024-03-15,2024,3,chargesheeted,FIR registered for Criminal Trespass at Ganesh Street.,24.0,Female,4,13.037978977992827,77.65469086926322,0,0,1
927,FIR/2022/KA01/00458,35,12,2022-08-10,2022,8,under_investigation,Accused cheated complainant of Rs.174242 through false promises.,73.0,Female,5,13.106734060600049,77.70700011365749,0,1,0
928,FIR/2022/KA01/00459,173,21,2022-12-13,2022,12,chargesheeted,FIR registered for Dowry Prohibition Act at Basak Street.,38.0,Other,1,12.954995839096936,77.66134156645083,0,0,1
929,FIR/2024/KA01/00460,104,12,2024-10-02,2024,10,closed,Accused cheated complainant of Rs.383943 through false promises.,22.0,Male,2,13.083363128696794,77.59267126930217,0,1,1
930,FIR/2024/KA30/00008,1129,1,2024-12-08,2024,12,under_investigation,Complaint received regarding theft of gold chain worth Rs.192213.,,Female,1,15.364186228061365,76.47492345523922,0,0,0
931,FIR/2024/KA01/00461,134,12,2024-09-14,2024,9,chargesheeted,Accused cheated complainant of Rs.369163 through false promises.,23.0,Male,4,13.079414418268696,77.63033456292993,0,1,1
932,FIR/2023/KA26/00004,978,35,2023-05-08,2023,5,under_investigation,FIR registered for SC/ST Atrocities Act at Bhavsar Path.,62.0,Male,4,15.374116793283635,76.03335603615812,0,0,0
933,FIR/2022/KA01/00462,129,26,2022-04-05,2022,4,pending_trial,FIR registered for Riots at Rama Zila.,66.0,Other,4,12.947749229253247,77.526995467021,0,0,1
934,FIR/2024/KA05/00024,294,11,2024-08-01,2024,8,chargesheeted,FIR registered for Kidnapping & Abduction at Ranganathan Circle.,,Other,1,17.403021464373797,76.94770356741914,0,0,1
935,FIR/2024/KA01/00463,87,2,2024-01-12,2024,1,chargesheeted,FIR registered for House Breaking & Theft at Nanda Circle.,71.0,Male,4,12.822660133239346,77.55544419932107,0,0,1
936,FIR/2022/KA01/00464,37,16,2022-11-24,2022,11,chargesheeted,Victim lost Rs.296641 through online fraud/UPI scam.,28.0,Male,5,13.06135112907126,77.52468489736911,1,0,1
937,FIR/2022/KA01/00465,14,1,2022-05-13,2022,5,under_investigation,Complaint received regarding theft of gold chain worth Rs.241794.,59.0,Other,5,12.915792666631964,77.62348860244776,0,0,0
938,FIR/2024/KA21/00019,849,9,2024-02-02,2024,2,under_investigation,FIR registered for Assault on Women at Virk.,54.0,Other,3,13.02969418793206,78.04783325331877,0,0,0
939,FIR/2023/KA06/00028,318,12,2023-10-27,2023,10,under_investigation,Accused cheated complainant of Rs.33504 through false promises.,74.0,Female,2,12.961746975336496,74.71927206261623,0,1,0
940,FIR/2023/KA03/00015,212,24,2023-04-27,2023,4,under_investigation,FIR registered for NDPS Act at Doctor Marg.,42.0,Other,3,12.29849437335641,76.78146617565066,0,0,0
941,FIR/2024/KA01/00466,127,29,2024-03-16,2024,3,chargesheeted,FIR registered for Mischief at Chaudhry Street.,,Male,1,12.883454255944967,77.70781906960119,0,0,1
942,FIR/2024/KA24/00009,919,12,2024-01-09,2024,1,pending_trial,Accused cheated complainant of Rs.238339 through false promises.,28.0,Male,1,16.78283099058989,77.2672178846327,0,1,1
943,FIR/2022/KA01/00467,171,16,2022-07-24,2022,7,closed,Victim lost Rs.151789 through online fraud/UPI scam.,37.0,Male,1,12.84159800458939,77.50158802618674,1,0,1
944,FIR/2023/KA06/00029,334,2,2023-04-04,2023,4,pending_trial,FIR registered for House Breaking & Theft at Roy Path.,25.0,Male,2,12.84916478309804,74.84296760022991,0,0,1
945,FIR/2022/KA20/00019,826,3,2022-12-18,2022,12,under_investigation,Complainant robbed at Rajagopal Road by 4 armed persons.,,Other,2,12.64299602298485,76.85968055740916,0,0,0
946,FIR/2023/KA01/00468,25,33,2023-07-01,2023,7,registered,FIR registered for Road Accident Death at Solanki Chowk.,18.0,Other,1,13.127062401097003,77.50447715529486,0,0,0
947,FIR/2024/KA01/00469,147,27,2024-05-23,2024,5,under_investigation,FIR registered for Hurt/Grievous Hurt at Gera Nagar.,,Female,2,12.83157874003794,77.72970556508469,0,0,0
948,FIR/2024/KA01/00470,120,22,2024-01-21,2024,1,registered,FIR registered for POCSO Act at Rau Road.,62.0,Female,2,13.027039772946493,77.45596403861312,0,0,0
949,FIR/2024/KA10/00032,461,2,2024-05-12,2024,5,under_investigation,FIR registered for House Breaking & Theft at Ratti Street.,41.0,Other,3,13.315192944113917,77.1372436806045,0,0,0
950,FIR/2023/KA04/00026,257,9,2023-06-24,2023,6,chargesheeted,FIR registered for Assault on Women at Randhawa Nagar.,40.0,Female,2,15.78130509926911,74.59834636914296,0,0,1
951,FIR/2024/KA01/00471,14,1,2024-08-22,2024,8,chargesheeted,Complaint received regarding theft of gold chain worth Rs.231341.,74.0,Male,3,12.921980763022026,77.64112356562691,0,0,1
952,FIR/2023/KA01/00472,1,12,2023-08-25,2023,8,chargesheeted,Accused cheated complainant of Rs.471480 through false promises.,73.0,Other,2,13.048016701921716,77.51967644166061,0,1,1
953,FIR/2022/KA01/00473,20,34,2022-12-06,2022,12,closed,FIR registered for Immoral Traffic Act at Pradhan Road.,43.0,Male,4,12.9314649206123,77.54454215733165,0,0,1
954,FIR/2022/KA01/00474,110,9,2022-09-02,2022,9,chargesheeted,FIR registered for Assault on Women at Nazareth Nagar.,60.0,Male,2,13.099802427591131,77.64076296976438,0,0,1
955,FIR/2024/KA01/00475,1,23,2024-08-04,2024,8,under_investigation,FIR registered for Domestic Violence at Mukhopadhyay Road.,70.0,Female,2,13.047145777332524,77.5280610526042,0,0,0
956,FIR/2024/KA01/00476,81,21,2024-12-25,2024,12,pending_trial,FIR registered for Dowry Prohibition Act at Swamy Road.,62.0,Male,1,12.912663341411589,77.73581921850983,0,0,1
957,FIR/2023/KA20/00020,814,12,2023-02-16,2023,2,under_investigation,Accused cheated complainant of Rs.369347 through false promises.,43.0,Female,2,12.672396675305322,76.79478648901735,0,1,0
958,FIR/2024/KA01/00477,117,23,2024-04-01,2024,4,registered,FIR registered for Domestic Violence at Mital Street.,67.0,Other,1,12.848486873946378,77.45656797444697,0,0,0
959,FIR/2024/KA01/00478,66,12,2024-02-14,2024,2,pending_trial,Accused cheated complainant of Rs.10540 through false promises.,41.0,Male,3,12.874487955215471,77.62669863185725,0,1,1
960,FIR/2024/KA16/00015,711,31,2024-08-21,2024,8,chargesheeted,FIR registered for Criminal Intimidation at Saha Road.,49.0,Female,3,14.79618461280864,75.40262626011275,0,0,1
961,FIR/2024/KA01/00479,141,17,2024-07-25,2024,7,chargesheeted,FIR registered for Cyber Crime - Identity Theft at Chakraborty.,61.0,Female,1,13.11101569179686,77.62334773041185,1,0,1
962,FIR/2024/KA01/00480,29,16,2024-02-16,2024,2,under_investigation,Victim lost Rs.48497 through online fraud/UPI scam.,63.0,Other,1,12.823231447899536,77.67077908886425,1,0,0
963,FIR/2023/KA01/00481,60,26,2023-04-20,2023,4,pending_trial,FIR registered for Riots at Ray Ganj.,63.0,Female,2,12.905709690143409,77.66361915042326,0,0,1
964,FIR/2022/KA28/00013,1043,1,2022-11-05,2022,11,chargesheeted,Complaint received regarding theft of mobile phone worth Rs.495491.,,Male,4,14.839354645927289,74.63578299826602,0,0,1
965,FIR/2024/KA07/00007,352,9,2024-09-21,2024,9,chargesheeted,FIR registered for Assault on Women at Bhalla Path.,49.0,Male,4,13.354132579029784,74.63508184735484,0,0,1
966,FIR/2023/KA13/00021,613,1,2023-05-20,2023,5,under_investigation,Complaint received regarding theft of mobile phone worth Rs.365084.,22.0,Male,4,16.173796898078752,77.44548569999127,0,0,0
967,FIR/2024/KA02/00012,187,12,2024-12-26,2024,12,chargesheeted,Accused cheated complainant of Rs.409992 through false promises.,,Male,2,13.194154816422452,77.61115932541644,0,1,1
968,FIR/2024/KA17/00020,755,22,2024-08-08,2024,8,chargesheeted,FIR registered for POCSO Act at Raval Circle.,65.0,Other,5,14.182344128068834,76.40500182643709,0,0,1
969,FIR/2024/KA01/00482,166,32,2024-12-14,2024,12,registered,FIR registered for Missing Person at Viswanathan Street.,24.0,Female,4,12.900445474437387,77.58831664500393,0,0,0
970,FIR/2022/KA12/00023,563,28,2022-12-14,2022,12,registered,FIR registered for Criminal Trespass at Balakrishnan.,50.0,Male,2,16.94959643509487,75.81039381288623,0,0,0
971,FIR/2023/KA16/00016,712,2,2023-10-06,2023,10,chargesheeted,FIR registered for House Breaking & Theft at Hans Street.,48.0,Male,2,14.87706082044138,75.24741699307718,0,0,1
972,FIR/2024/KA01/00483,121,34,2024-01-08,2024,1,under_investigation,FIR registered for Immoral Traffic Act at Bhardwaj Ganj.,,Male,5,13.098763483697224,77.66263610332244,0,0,0
973,FIR/2023/KA11/00030,522,23,2023-11-09,2023,11,chargesheeted,FIR registered for Domestic Violence at Bali Ganj.,33.0,Female,2,15.131530680469524,76.79641138209864,0,0,1
974,FIR/2023/KA27/00033,1033,14,2023-08-07,2023,8,under_investigation,FIR registered for Forgery at Bedi Chowk.,26.0,Other,2,16.097289418975983,75.57483076067952,0,1,0
975,FIR/2024/KA01/00484,59,26,2024-09-03,2024,9,chargesheeted,FIR registered for Riots at Issac Path.,41.0,Male,3,13.088588658584735,77.50408583797308,0,0,1
976,FIR/2024/KA01/00485,138,1,2024-01-28,2024,1,under_investigation,Complaint received regarding theft of laptop worth Rs.19504.,41.0,Female,4,13.006833460485808,77.52543941704724,0,0,0
977,FIR/2024/KA01/00486,5,22,2024-12-05,2024,12,chargesheeted,FIR registered for POCSO Act at Tiwari Chowk.,66.0,Other,2,12.937109624176676,77.58021333961761,0,0,1
978,FIR/2024/KA01/00487,157,3,2024-08-25,2024,8,registered,Complainant robbed at Dasgupta Marg by 4 armed persons.,,Male,2,12.936677722906053,77.55471094192599,0,0,0
979,FIR/2024/KA16/00017,733,16,2024-05-13,2024,5,under_investigation,Victim lost Rs.164119 through online fraud/UPI scam.,72.0,Female,5,14.851754500414042,75.513664708307,1,0,0
980,FIR/2024/KA01/00488,19,16,2024-12-19,2024,12,chargesheeted,Victim lost Rs.319227 through online fraud/UPI scam.,23.0,Other,4,13.07110306602812,77.46269056456572,1,0,1
981,FIR/2024/KA20/00021,841,2,2024-10-21,2024,10,registered,FIR registered for House Breaking & Theft at Sehgal.,56.0,Other,2,12.414224065319663,76.88553843281964,0,0,0
982,FIR/2022/KA05/00025,279,12,2022-04-19,2022,4,under_investigation,Accused cheated complainant of Rs.105582 through false promises.,44.0,Female,3,17.294769420365288,76.82410238494488,0,1,0
983,FIR/2023/KA21/00020,846,2,2023-04-25,2023,4,chargesheeted,FIR registered for House Breaking & Theft at Palla.,61.0,Female,5,13.036387127705915,77.98987957944907,0,0,1
984,FIR/2024/KA01/00489,105,29,2024-08-19,2024,8,chargesheeted,FIR registered for Mischief at Gade Path.,31.0,Other,3,13.030034113348268,77.50961009339237,0,0,1
985,FIR/2024/KA15/00007,683,6,2024-08-12,2024,8,under_investigation,FIR registered for Attempt to Murder at Chana Road.,47.0,Other,3,15.401044596703626,75.67634835028078,0,0,0
986,FIR/2024/KA05/00026,304,27,2024-05-04,2024,5,pending_trial,FIR registered for Hurt/Grievous Hurt at Bala Road.,,Female,4,17.305919422634705,76.90346615013273,0,0,1
987,FIR/2022/KA01/00490,5,21,2022-10-27,2022,10,under_investigation,FIR registered for Dowry Prohibition Act at Bawa Marg.,45.0,Other,4,12.951266870977664,77.57841772619449,0,0,0
988,FIR/2023/KA05/00027,274,9,2023-07-11,2023,7,under_investigation,FIR registered for Assault on Women at Kala Street.,21.0,Male,1,17.184398240876277,76.69740362798572,0,0,0
989,FIR/2023/KA01/00491,127,19,2023-05-05,2023,5,closed,FIR registered for Cyber Crime - Phishing at Kar Ganj.,54.0,Male,1,12.853804281630516,77.72212145045339,1,0,1
990,FIR/2022/KA12/00024,569,12,2022-12-09,2022,12,under_investigation,Accused cheated complainant of Rs.125842 through false promises.,54.0,Female,5,16.96467805755018,75.71664049326984,0,1,0
991,FIR/2023/KA14/00027,658,9,2023-01-18,2023,1,chargesheeted,FIR registered for Assault on Women at Varghese Marg.,57.0,Male,2,15.591858110036386,75.01224924435417,0,0,1
992,FIR/2022/KA11/00031,500,10,2022-05-26,2022,5,chargesheeted,FIR registered for Sexual Harassment at Andra Nagar.,47.0,Other,2,15.291458407103761,77.02949002132783,0,0,1
993,FIR/2024/KA01/00492,135,35,2024-05-04,2024,5,registered,FIR registered for SC/ST Atrocities Act at Deo Chowk.,32.0,Male,1,13.082138384563573,77.61507232275751,0,0,0
994,FIR/2022/KA10/00033,482,19,2022-03-24,2022,3,closed,FIR registered for Cyber Crime - Phishing at Anand Street.,,Female,2,13.475802252164279,77.21229079307695,1,0,1
995,FIR/2022/KA01/00493,151,24,2022-09-11,2022,9,under_investigation,FIR registered for NDPS Act at Krishnan Ganj.,56.0,Male,3,12.989148629427271,77.71681427815705,0,0,0
996,FIR/2023/KA01/00494,100,8,2023-12-22,2023,12,under_investigation,Victim reported sexual assault incident at Mody. Medical examination conducted.,43.0,Female,2,13.121317351399266,77.51410810416189,0,0,0
997,FIR/2023/KA29/00016,1100,1,2023-07-20,2023,7,closed,Complaint received regarding theft of mobile phone worth Rs.364919.,22.0,Female,1,14.419543795137542,75.96160836600146,0,0,1
998,FIR/2022/KA01/00495,65,20,2022-07-01,2022,7,chargesheeted,FIR registered for Dowry Death at Palla Marg.,,Female,3,12.970080273446657,77.45632779014004,0,0,1
999,FIR/2024/KA01/00496,145,24,2024-05-16,2024,5,under_investigation,FIR registered for NDPS Act at Krishnan Chowk.,42.0,Female,1,13.117389409644538,77.55466790005204,0,0,0
1000,FIR/2023/KA01/00497,152,11,2023-03-03,2023,3,chargesheeted,FIR registered for Kidnapping & Abduction at Shukla Ganj.,,Female,4,13.053351173562154,77.71968136154106,0,0,1
1001,FIR/2023/KA01/00498,95,2,2023-07-09,2023,7,closed,FIR registered for House Breaking & Theft at Verma Road.,51.0,Male,2,12.903202404364428,77.69441378597479,0,0,1
1002,FIR/2024/KA01/00499,97,9,2024-10-21,2024,10,closed,FIR registered for Assault on Women at Ranganathan.,75.0,Male,2,12.860226272491374,77.5615326854015,0,0,1
1003,FIR/2022/KA29/00017,1079,18,2022-10-23,2022,10,registered,FIR registered for Cyber Crime - Hacking at Chaudry.,67.0,Female,5,14.455671411278049,76.0327613398327,1,0,0
1004,FIR/2023/KA01/00500,28,35,2023-03-18,2023,3,pending_trial,FIR registered for SC/ST Atrocities Act at Vaidya Nagar.,28.0,Female,5,13.13296823062179,77.60337052349249,0,0,1
1005,FIR/2024/KA01/00501,34,18,2024-01-13,2024,1,under_investigation,FIR registered for Cyber Crime - Hacking at Mandal Path.,33.0,Other,3,13.007245580123174,77.48162308209801,1,0,0
1006,FIR/2022/KA10/00034,453,8,2022-04-15,2022,4,under_investigation,Victim reported sexual assault incident at Chokshi Road. Medical examination conducted.,56.0,Male,1,13.359625251952595,77.12458517010134,0,0,0
1007,FIR/2024/KA29/00018,1073,6,2024-05-15,2024,5,chargesheeted,FIR registered for Attempt to Murder at Bhatt Chowk.,64.0,Female,5,14.372289808560046,75.95187313015343,0,0,1
1008,FIR/2023/KA11/00032,530,18,2023-09-12,2023,9,closed,FIR registered for Cyber Crime - Hacking at Malhotra Path.,51.0,Female,2,15.276734101928332,76.91484406794973,1,0,1
1009,FIR/2024/KA01/00502,98,18,2024-01-07,2024,1,registered,FIR registered for Cyber Crime - Hacking at Malhotra Path.,75.0,Female,4,13.048635768870447,77.54488893664022,1,0,0
1010,FIR/2022/KA27/00034,1033,1,2022-06-16,2022,6,under_investigation,Complaint received regarding theft of mobile phone worth Rs.118020.,66.0,Male,4,16.097449887146006,75.60373197208463,0,0,0
1011,FIR/2024/KA27/00035,1029,24,2024-12-05,2024,12,chargesheeted,FIR registered for NDPS Act at Doctor Ganj.,75.0,Male,4,16.08456579812872,75.67661356743787,0,0,1
1012,FIR/2024/KA01/00503,73,17,2024-12-15,2024,12,under_investigation,FIR registered for Cyber Crime - Identity Theft at Khosla Circle.,21.0,Male,2,12.85945955467511,77.5254558690454,1,0,0
1013,FIR/2022/KA10/00035,493,12,2022-05-12,2022,5,registered,Accused cheated complainant of Rs.481783 through false promises.,73.0,Female,1,13.301115458646164,77.17678797537431,0,1,0
1014,FIR/2023/KA06/00030,320,6,2023-09-18,2023,9,chargesheeted,FIR registered for Attempt to Murder at Dey Path.,37.0,Other,2,12.880636247388393,74.73727510916578,0,0,1
1015,FIR/2024/KA28/00014,1056,12,2024-12-23,2024,12,chargesheeted,Accused cheated complainant of Rs.17941 through false promises.,41.0,Male,4,14.734657482159507,74.6656914469767,0,1,1
1016,FIR/2024/KA01/00504,68,21,2024-08-12,2024,8,chargesheeted,FIR registered for Dowry Prohibition Act at Lad Road.,55.0,Male,4,13.010295699234817,77.62775032706513,0,0,1
1017,FIR/2023/KA01/00505,37,1,2023-09-02,2023,9,chargesheeted,Complaint received regarding theft of cash worth Rs.387030.,27.0,Female,3,13.077524650464735,77.53444845838078,0,0,1
1018,FIR/2024/KA01/00506,34,24,2024-12-21,2024,12,under_investigation,FIR registered for NDPS Act at Banik Marg.,,Female,3,13.000066976246666,77.47212766598774,0,0,0
1019,FIR/2023/KA01/00507,156,6,2023-05-01,2023,5,pending_trial,FIR registered for Attempt to Murder at Gupta.,70.0,Male,4,13.003605238855418,77.47112291526939,0,0,1
1020,FIR/2023/KA12/00025,554,1,2023-04-01,2023,4,pending_trial,Complaint received regarding theft of two-wheeler worth Rs.455279.,48.0,Male,2,16.688597264612657,75.77730689076019,0,0,1
1021,FIR/2022/KA08/00017,384,19,2022-11-16,2022,11,under_investigation,FIR registered for Cyber Crime - Phishing at Soni Circle.,41.0,Female,3,13.144205738221219,76.014728014387,1,0,0
1022,FIR/2022/KA11/00033,541,1,2022-12-11,2022,12,chargesheeted,Complaint received regarding theft of gold chain worth Rs.281147.,71.0,Other,5,15.10898693122703,77.00749458459657,0,0,1
1023,FIR/2022/KA22/00007,874,24,2022-10-25,2022,10,closed,FIR registered for NDPS Act at Garde Road.,35.0,Female,5,13.401855757976913,77.64487044578681,0,0,1
1024,FIR/2022/KA01/00508,90,3,2022-07-02,2022,7,pending_trial,Complainant robbed at Golla Circle by 3 armed persons.,27.0,Other,2,13.021577527778469,77.47972410232185,0,0,1
1025,FIR/2023/KA01/00509,89,1,2023-04-15,2023,4,pending_trial,Complaint received regarding theft of mobile phone worth Rs.370628.,43.0,Female,5,12.845686525351013,77.66188016810253,0,0,1
1026,FIR/2024/KA12/00026,569,18,2024-03-20,2024,3,chargesheeted,FIR registered for Cyber Crime - Hacking at Dave Chowk.,21.0,Female,4,16.98313843339305,75.71334783770128,1,0,1
1027,FIR/2024/KA01/00510,30,35,2024-08-01,2024,8,under_investigation,FIR registered for SC/ST Atrocities Act at Goswami Road.,74.0,Female,4,13.05039992895592,77.67139270788613,0,0,0
1028,FIR/2024/KA16/00018,707,27,2024-04-10,2024,4,under_investigation,FIR registered for Hurt/Grievous Hurt at Chakraborty Path.,55.0,Female,1,14.8489433933188,75.45157241031295,0,0,0
1029,FIR/2023/KA04/00027,266,2,2023-12-01,2023,12,under_investigation,FIR registered for House Breaking & Theft at Pant Ganj.,68.0,Other,2,16.008241490837623,74.37001049045253,0,0,0
1030,FIR/2023/KA12/00027,585,24,2023-03-02,2023,3,under_investigation,FIR registered for NDPS Act at Mohanty Ganj.,23.0,Male,2,16.79487518907242,75.66715766955208,0,0,0
1031,FIR/2024/KA01/00511,25,12,2024-01-19,2024,1,under_investigation,Accused cheated complainant of Rs.327103 through false promises.,30.0,Male,4,13.133765636881316,77.4857144035779,0,1,0
1032,FIR/2022/KA06/00031,323,16,2022-05-19,2022,5,under_investigation,Victim lost Rs.42582 through online fraud/UPI scam.,47.0,Other,3,12.832026761657794,74.91562500668834,1,0,0
1033,FIR/2024/KA01/00512,133,30,2024-09-04,2024,9,chargesheeted,FIR registered for Extortion at Menon.,,Female,2,12.969173350858409,77.47569083158628,0,0,1
1034,FIR/2024/KA14/00028,665,13,2024-06-17,2024,6,under_investigation,FIR registered for Criminal Breach of Trust at Dalal Chowk.,72.0,Female,3,15.462894891403401,74.95554847047899,0,1,0
1035,FIR/2023/KA01/00513,90,22,2023-12-05,2023,12,registered,FIR registered for POCSO Act at Bera Chowk.,46.0,Male,2,13.01670878921361,77.48226501044678,0,0,0
1036,FIR/2024/KA01/00514,159,19,2024-06-23,2024,6,under_investigation,FIR registered for Cyber Crime - Phishing at Bobal.,25.0,Other,5,12.862437218220851,77.72493784006019,1,0,0
1037,FIR/2023/KA01/00515,23,27,2023-12-07,2023,12,closed,FIR registered for Hurt/Grievous Hurt at Hayer Chowk.,40.0,Male,1,12.84474418049035,77.68221970331491,0,0,1
1038,FIR/2023/KA01/00516,160,1,2023-05-13,2023,5,under_investigation,Complaint received regarding theft of laptop worth Rs.248009.,73.0,Female,4,12.944838130165989,77.48357332736721,0,0,0
1039,FIR/2023/KA01/00517,181,1,2023-12-14,2023,12,chargesheeted,Complaint received regarding theft of cash worth Rs.460152.,,Male,3,12.856116041362887,77.70461376817141,0,0,1
1040,FIR/2024/KA27/00036,997,1,2024-06-05,2024,6,registered,Complaint received regarding theft of two-wheeler worth Rs.130841.,30.0,Other,2,16.170228807760253,75.79126039767637,0,0,0
1041,FIR/2022/KA01/00518,147,19,2022-11-12,2022,11,chargesheeted,FIR registered for Cyber Crime - Phishing at Dora Nagar.,,Female,5,12.830254529132326,77.71769823369017,1,0,1
1042,FIR/2022/KA01/00519,58,2,2022-11-22,2022,11,closed,FIR registered for House Breaking & Theft at Iyer Street.,55.0,Other,5,12.859359440545003,77.60108047347195,0,0,1
1043,FIR/2024/KA01/00520,67,21,2024-12-26,2024,12,registered,FIR registered for Dowry Prohibition Act at Rout Path.,66.0,Female,1,12.934112426816883,77.70779559606915,0,0,0
1044,FIR/2022/KA16/00019,727,22,2022-10-21,2022,10,pending_trial,FIR registered for POCSO Act at Shankar.,74.0,Other,5,14.683572809456317,75.34696318191706,0,0,1
1045,FIR/2022/KA01/00521,104,9,2022-10-08,2022,10,chargesheeted,FIR registered for Assault on Women at Mutti Street.,60.0,Other,3,13.095065503137995,77.58630740076481,0,0,1
1046,FIR/2023/KA03/00016,208,16,2023-04-02,2023,4,under_investigation,Victim lost Rs.130294 through online fraud/UPI scam.,,Male,1,12.257888647097614,76.6813853882382,1,0,0
1047,FIR/2024/KA01/00522,127,27,2024-09-14,2024,9,registered,FIR registered for Hurt/Grievous Hurt at Natarajan Chowk.,55.0,Male,5,12.875798543436156,77.69455028553404,0,0,0
1048,FIR/2024/KA01/00523,111,32,2024-02-28,2024,2,under_investigation,FIR registered for Missing Person at Munshi Street.,59.0,Male,1,13.079121361627312,77.51894907565331,0,0,0
1049,FIR/2023/KA01/00524,118,11,2023-11-08,2023,11,pending_trial,FIR registered for Kidnapping & Abduction at Agrawal Nagar.,64.0,Female,2,13.058445286703918,77.58809743469271,0,0,1
1050,FIR/2022/KA27/00037,1022,29,2022-07-06,2022,7,pending_trial,FIR registered for Mischief at Mahal Chowk.,66.0,Female,3,16.172981403289292,75.70693929973693,0,0,1
1051,FIR/2023/KA01/00525,141,16,2023-11-03,2023,11,registered,Victim lost Rs.462819 through online fraud/UPI scam.,18.0,Male,1,13.126963594813567,77.61661406085398,1,0,0
1052,FIR/2024/KA01/00526,70,28,2024-05-06,2024,5,under_investigation,FIR registered for Criminal Trespass at Dutt.,71.0,Other,4,13.036889183910995,77.51545567487692,0,0,0
1053,FIR/2024/KA18/00004,780,28,2024-10-09,2024,10,closed,FIR registered for Criminal Trespass at Chakrabarti Chowk.,42.0,Male,5,13.361466628715716,75.64969760972566,0,0,1
1054,FIR/2022/KA01/00527,158,18,2022-10-26,2022,10,pending_trial,FIR registered for Cyber Crime - Hacking at Saraf Street.,28.0,Other,5,13.003629817652788,77.46804054141995,1,0,1
1055,FIR/2024/KA10/00036,485,2,2024-11-12,2024,11,registered,FIR registered for House Breaking & Theft at Raval Marg.,50.0,Female,2,13.228754920519275,77.14455100334379,0,0,0
1056,FIR/2022/KA01/00528,83,1,2022-08-25,2022,8,chargesheeted,Complaint received regarding theft of mobile phone worth Rs.395411.,67.0,Female,5,12.871679560662823,77.73403002405377,0,0,1
1057,FIR/2024/KA01/00529,1,23,2024-11-12,2024,11,under_investigation,FIR registered for Domestic Violence at Agrawal Marg.,54.0,Female,1,13.063571495793038,77.53542480203811,0,0,0
1058,FIR/2022/KA03/00017,207,2,2022-11-11,2022,11,under_investigation,FIR registered for House Breaking & Theft at Walla Nagar.,,Male,5,12.390893567179146,76.79076200603572,0,0,0
1059,FIR/2024/KA01/00530,7,2,2024-10-05,2024,10,chargesheeted,FIR registered for House Breaking & Theft at Prakash Ganj.,69.0,Male,3,12.894802502997893,77.51067726153224,0,0,1
1060,FIR/2022/KA01/00531,87,11,2022-07-10,2022,7,registered,FIR registered for Kidnapping & Abduction at Nagy Nagar.,26.0,Other,3,12.84677673405897,77.57396622977764,0,0,0
1061,FIR/2023/KA01/00532,80,16,2023-05-11,2023,5,closed,Victim lost Rs.283377 through online fraud/UPI scam.,,Female,3,12.87895383517609,77.61591691130653,1,0,1
1062,FIR/2023/KA01/00533,88,1,2023-05-11,2023,5,under_investigation,Complaint received regarding theft of mobile phone worth Rs.460870.,56.0,Other,1,12.828069286480837,77.53574929061897,0,0,0
1063,FIR/2024/KA01/00534,84,3,2024-05-25,2024,5,under_investigation,Complainant robbed at Kara Ganj by 2 armed persons.,23.0,Male,1,12.978164595903245,77.58656468769904,0,0,0
1064,FIR/2023/KA08/00018,390,16,2023-09-25,2023,9,chargesheeted,Victim lost Rs.430500 through online fraud/UPI scam.,60.0,Female,1,13.007593032508984,75.95786707723461,1,0,1
1065,FIR/2024/KA01/00535,154,16,2024-01-10,2024,1,pending_trial,Victim lost Rs.53741 through online fraud/UPI scam.,21.0,Male,1,13.019876598787839,77.48518684203181,1,0,1
1066,FIR/2023/KA11/00034,524,2,2023-01-04,2023,1,closed,FIR registered for House Breaking & Theft at Thakur Marg.,24.0,Female,2,15.10810615418257,76.90786861881084,0,0,1
1067,FIR/2024/KA01/00536,148,29,2024-04-03,2024,4,under_investigation,FIR registered for Mischief at Mohan.,19.0,Female,2,13.1156339461854,77.48947445684522,0,0,0
1068,FIR/2023/KA04/00028,246,1,2023-12-27,2023,12,closed,Complaint received regarding theft of cash worth Rs.130088.,,Other,3,15.885615630170184,74.47165705096062,0,0,1
1069,FIR/2022/KA01/00537,43,10,2022-04-16,2022,4,chargesheeted,FIR registered for Sexual Harassment at Misra Nagar.,42.0,Male,5,13.111853252234539,77.62501142046634,0,0,1
1070,FIR/2023/KA11/00035,510,2,2023-10-14,2023,10,pending_trial,FIR registered for House Breaking & Theft at Shah Road.,74.0,Male,4,15.251980971392255,76.8024482368169,0,0,1
1071,FIR/2023/KA24/00010,928,2,2023-01-04,2023,1,under_investigation,FIR registered for House Breaking & Theft at Viswanathan Circle.,54.0,Male,5,16.81990008942198,77.22812295092082,0,0,0
1072,FIR/2024/KA01/00538,151,1,2024-03-23,2024,3,registered,Complaint received regarding theft of two-wheeler worth Rs.395531.,61.0,Female,2,13.021976795767467,77.72478196283085,0,0,0
1073,FIR/2023/KA01/00539,25,14,2023-02-19,2023,2,registered,FIR registered for Forgery at Oommen Street.,18.0,Female,1,13.114452279472331,77.48398298015128,0,1,0
1074,FIR/2022/KA08/00019,413,22,2022-03-24,2022,3,chargesheeted,FIR registered for POCSO Act at Parmer Chowk.,44.0,Female,5,13.01366958112045,76.22122947089694,0,0,1
1075,FIR/2023/KA01/00540,4,23,2023-04-28,2023,4,chargesheeted,FIR registered for Domestic Violence at Gala Ganj.,60.0,Other,2,12.82915753332499,77.52221672037753,0,0,1
1076,FIR/2024/KA18/00005,775,27,2024-07-02,2024,7,under_investigation,FIR registered for Hurt/Grievous Hurt at Bahl Marg.,,Male,4,13.228629279826484,75.9050885951535,0,0,0
1077,FIR/2024/KA01/00541,174,10,2024-02-10,2024,2,under_investigation,FIR registered for Sexual Harassment at Kapur Ganj.,48.0,Other,1,12.961183378020296,77.53050071914839,0,0,0
1078,FIR/2024/KA01/00542,162,2,2024-11-08,2024,11,chargesheeted,FIR registered for House Breaking & Theft at Kakar Street.,35.0,Male,4,13.042814626304068,77.60025426161644,0,0,1
1079,FIR/2022/KA22/00008,888,13,2022-01-25,2022,1,under_investigation,FIR registered for Criminal Breach of Trust at Thaman Nagar.,53.0,Other,2,13.507339975946568,77.6100347067603,0,1,0
1080,FIR/2024/KA01/00543,140,27,2024-09-09,2024,9,chargesheeted,FIR registered for Hurt/Grievous Hurt at Dasgupta Street.,19.0,Male,5,12.961181165262701,77.47839776609028,0,0,1
1081,FIR/2024/KA01/00544,73,1,2024-05-09,2024,5,closed,Complaint received regarding theft of cash worth Rs.453711.,51.0,Male,2,12.861922860678783,77.50164106707444,0,0,1
1082,FIR/2024/KA01/00545,140,16,2024-12-25,2024,12,chargesheeted,Victim lost Rs.183937 through online fraud/UPI scam.,29.0,Male,3,12.951730230697441,77.49110694710397,1,0,1
1083,FIR/2022/KA01/00546,24,19,2022-12-26,2022,12,under_investigation,FIR registered for Cyber Crime - Phishing at Bava Circle.,56.0,Other,5,12.991251500206975,77.70914386057325,1,0,0
1084,FIR/2023/KA01/00547,135,27,2023-10-07,2023,10,closed,FIR registered for Hurt/Grievous Hurt at Bava.,66.0,Male,5,13.079134167350396,77.60641010728276,0,0,1
1085,FIR/2023/KA31/00007,1141,16,2023-09-01,2023,9,chargesheeted,Victim lost Rs.301306 through online fraud/UPI scam.,73.0,Male,2,11.980152315042366,76.81071522857164,1,0,1
1086,FIR/2023/KA01/00548,79,11,2023-12-03,2023,12,under_investigation,FIR registered for Kidnapping & Abduction at D’Alia Nagar.,31.0,Male,3,12.852108247383063,77.51938526156488,0,0,0
1087,FIR/2023/KA01/00549,25,12,2023-10-14,2023,10,under_investigation,Accused cheated complainant of Rs.342127 through false promises.,23.0,Female,2,13.125268961427325,77.4698404062764,0,1,0
1088,FIR/2024/KA12/00028,553,21,2024-05-26,2024,5,chargesheeted,FIR registered for Dowry Prohibition Act at Dasgupta Marg.,52.0,Male,1,16.77994412866415,75.84080497796853,0,0,1
1089,FIR/2024/KA01/00550,3,3,2024-04-26,2024,4,under_investigation,Complainant robbed at Krishnan Circle by 1 armed persons.,32.0,Other,3,12.811138716476888,77.48056416332058,0,0,0
1090,FIR/2024/KA01/00551,174,1,2024-06-25,2024,6,chargesheeted,Complaint received regarding theft of two-wheeler worth Rs.19103.,54.0,Male,3,12.945425785019657,77.54947956100564,0,0,1
1091,FIR/2022/KA14/00029,638,16,2022-04-24,2022,4,registered,Victim lost Rs.107684 through online fraud/UPI scam.,36.0,Female,1,15.523954450825174,74.99052800707467,1,0,0
1092,FIR/2024/KA13/00022,626,17,2024-03-02,2024,3,under_investigation,FIR registered for Cyber Crime - Identity Theft at Salvi Road.,45.0,Male,1,16.101932786733734,77.20954875484375,1,0,0
1093,FIR/2023/KA13/00023,600,27,2023-07-01,2023,7,under_investigation,FIR registered for Hurt/Grievous Hurt at Venkatesh Zila.,75.0,Female,1,16.27947409238327,77.20630737300843,0,0,0
1094,FIR/2024/KA01/00552,51,21,2024-02-05,2024,2,under_investigation,FIR registered for Dowry Prohibition Act at Devan Road.,51.0,Other,5,12.964027145503147,77.58594163211951,0,0,0
1095,FIR/2022/KA12/00029,584,2,2022-10-19,2022,10,pending_trial,FIR registered for House Breaking & Theft at Cheema Marg.,45.0,Male,5,16.8688776011785,75.77380703158735,0,0,1
1096,FIR/2024/KA23/00009,912,24,2024-06-09,2024,6,chargesheeted,FIR registered for NDPS Act at Dalal Circle.,67.0,Other,4,12.632568902785726,77.15332598970527,0,0,1
1097,FIR/2024/KA13/00024,612,18,2024-02-26,2024,2,chargesheeted,FIR registered for Cyber Crime - Hacking at Comar Road.,43.0,Other,5,16.155880958999163,77.37815517394948,1,0,1
1098,FIR/2024/KA23/00010,908,17,2024-01-17,2024,1,under_investigation,FIR registered for Cyber Crime - Identity Theft at Tank Zila.,21.0,Other,5,12.676131820474987,77.19661191722915,1,0,0
1099,FIR/2024/KA01/00553,57,14,2024-09-18,2024,9,under_investigation,FIR registered for Forgery at Iyengar Ganj.,39.0,Other,2,13.085532404304715,77.71705974249379,0,1,0
1100,FIR/2023/KA01/00554,98,2,2023-08-28,2023,8,closed,FIR registered for House Breaking & Theft at Virk Road.,23.0,Other,2,13.058591601871235,77.53280140924541,0,0,1
1101,FIR/2023/KA01/00555,87,3,2023-12-21,2023,12,chargesheeted,Complainant robbed at Parmar Ganj by 2 armed persons.,72.0,Female,1,12.815473244965755,77.53445618461491,0,0,1
1102,FIR/2022/KA25/00018,955,16,2022-01-25,2022,1,chargesheeted,Victim lost Rs.457400 through online fraud/UPI scam.,,Male,5,17.953003527867146,77.53171725606538,1,0,1
1103,FIR/2023/KA01/00556,28,22,2023-08-26,2023,8,under_investigation,FIR registered for POCSO Act at Baral Street.,,Other,5,13.101469650552996,77.58932501006639,0,0,0
1104,FIR/2024/KA17/00021,743,21,2024-06-11,2024,6,under_investigation,FIR registered for Dowry Prohibition Act at Taneja Circle.,34.0,Male,1,14.19906100933217,76.44446074451744,0,0,0
1105,FIR/2022/KA01/00557,98,22,2022-11-19,2022,11,chargesheeted,FIR registered for POCSO Act at Srivastava Ganj.,70.0,Female,5,13.05846419853625,77.53164239331927,0,0,1
1106,FIR/2023/KA27/00038,1019,19,2023-07-16,2023,7,registered,FIR registered for Cyber Crime - Phishing at Keer Path.,,Male,1,16.25005948455062,75.64997371085286,1,0,0
1107,FIR/2024/KA01/00558,97,2,2024-07-12,2024,7,chargesheeted,FIR registered for House Breaking & Theft at Arya Nagar.,43.0,Female,5,12.864456693208396,77.53959789596858,0,0,1
1108,FIR/2022/KA01/00559,79,18,2022-05-17,2022,5,under_investigation,FIR registered for Cyber Crime - Hacking at Choudhry Zila.,70.0,Male,5,12.863247021150112,77.51080192614762,1,0,0
1109,FIR/2024/KA10/00037,470,27,2024-12-02,2024,12,chargesheeted,FIR registered for Hurt/Grievous Hurt at Tak.,56.0,Other,5,13.35784594614568,77.05396008285551,0,0,1
1110,FIR/2022/KA13/00025,616,2,2022-01-25,2022,1,chargesheeted,FIR registered for House Breaking & Theft at Chana Street.,,Female,1,16.14436854398847,77.23371505311957,0,0,1
1111,FIR/2023/KA11/00036,519,12,2023-05-27,2023,5,chargesheeted,Accused cheated complainant of Rs.484846 through false promises.,64.0,Female,2,15.128973106785192,76.84752467087246,0,1,1
1112,FIR/2022/KA01/00560,12,6,2022-04-17,2022,4,under_investigation,FIR registered for Attempt to Murder at Kunda Zila.,33.0,Male,1,13.018632038202,77.4543503057985,0,0,0
1113,FIR/2023/KA22/00009,878,5,2023-11-10,2023,11,chargesheeted,Dead body found at Shan Ganj. Prima facie case of murder registered.,28.0,Male,2,13.48336684458989,77.6029991781965,0,0,1
1114,FIR/2023/KA01/00561,14,21,2023-03-12,2023,3,chargesheeted,FIR registered for Dowry Prohibition Act at Lalla Road.,67.0,Female,1,12.903470611371947,77.61693615436495,0,0,1
1115,FIR/2023/KA24/00011,934,29,2023-07-10,2023,7,pending_trial,FIR registered for Mischief at Bedi Chowk.,41.0,Female,1,16.71979356350281,77.00336936062058,0,0,1
1116,FIR/2024/KA25/00019,941,7,2024-12-22,2024,12,under_investigation,FIR registered for Culpable Homicide at Ghosh Zila.,73.0,Other,1,17.826574574963512,77.66321828202523,0,0,0
1117,FIR/2023/KA20/00022,807,5,2023-05-14,2023,5,closed,Dead body found at Mannan Nagar. Prima facie case of murder registered.,64.0,Male,3,12.47620673569229,76.96700724676137,0,0,1
1118,FIR/2024/KA01/00562,25,1,2024-09-06,2024,9,closed,Complaint received regarding theft of gold chain worth Rs.178828.,71.0,Other,1,13.127745111394482,77.47969716029093,0,0,1
1119,FIR/2024/KA01/00563,118,24,2024-05-22,2024,5,chargesheeted,FIR registered for NDPS Act at D’Alia Marg.,31.0,Female,2,13.065288023077432,77.57153368368958,0,0,1
1120,FIR/2022/KA20/00023,832,7,2022-06-23,2022,6,under_investigation,FIR registered for Culpable Homicide at Bath Zila.,23.0,Male,5,12.654625756431045,77.02836700074376,0,0,0
1121,FIR/2022/KA01/00564,15,12,2022-02-18,2022,2,registered,Accused cheated complainant of Rs.131403 through false promises.,30.0,Female,2,12.913569278485832,77.65141412935633,0,1,0
1122,FIR/2024/KA01/00565,9,11,2024-04-02,2024,4,closed,FIR registered for Kidnapping & Abduction at Narasimhan Street.,66.0,Other,5,12.900822655992984,77.47610303913338,0,0,1
1123,FIR/2024/KA05/00028,297,9,2024-07-04,2024,7,chargesheeted,FIR registered for Assault on Women at Sarma Path.,64.0,Other,1,17.182173877710675,76.69593015247796,0,0,1
1124,FIR/2024/KA01/00566,84,1,2024-01-26,2024,1,registered,Complaint received regarding theft of mobile phone worth Rs.180420.,26.0,Other,5,13.00407705918131,77.56268143344748,0,0,0
1125,FIR/2022/KA08/00020,404,25,2022-07-11,2022,7,chargesheeted,FIR registered for Arms Act at Pradhan Zila.,56.0,Male,4,13.066705884721241,76.21060625083119,0,0,1
1126,FIR/2023/KA18/00006,778,19,2023-11-07,2023,11,under_investigation,FIR registered for Cyber Crime - Phishing at Goswami Path.,21.0,Male,3,13.380501656283053,75.74608854449892,1,0,0
1127,FIR/2023/KA08/00021,406,28,2023-09-21,2023,9,closed,FIR registered for Criminal Trespass at Rattan Zila.,43.0,Other,4,13.065732011629004,76.21033704589873,0,0,1
1128,FIR/2024/KA06/00032,317,31,2024-03-25,2024,3,pending_trial,FIR registered for Criminal Intimidation at Shan Marg.,56.0,Other,5,12.851962292821378,74.69743769544175,0,0,1
1129,FIR/2023/KA01/00567,159,22,2023-05-11,2023,5,under_investigation,FIR registered for POCSO Act at Rajan Road.,62.0,Other,3,12.83846409804764,77.73428020129278,0,0,0
1130,FIR/2024/KA01/00568,83,18,2024-12-02,2024,12,closed,FIR registered for Cyber Crime - Hacking at Sama Chowk.,43.0,Female,4,12.879497515481095,77.74828928575849,1,0,1
1131,FIR/2023/KA27/00039,1000,10,2023-09-23,2023,9,under_investigation,FIR registered for Sexual Harassment at Chowdhury Street.,30.0,Male,5,16.22859249330377,75.69171188401562,0,0,0
1132,FIR/2024/KA01/00569,76,31,2024-07-20,2024,7,under_investigation,FIR registered for Criminal Intimidation at Bhargava Street.,22.0,Female,2,13.100753829840418,77.67375032618749,0,0,0
1133,FIR/2024/KA10/00038,454,27,2024-04-09,2024,4,closed,FIR registered for Hurt/Grievous Hurt at Chawla Street.,29.0,Female,5,13.265878947286303,77.02951813156874,0,0,1
1134,FIR/2023/KA06/00033,337,1,2023-08-14,2023,8,closed,Complaint received regarding theft of two-wheeler worth Rs.330676.,71.0,Female,3,12.894221533809642,74.7112076736023,0,0,1
1135,FIR/2023/KA10/00039,486,21,2023-04-10,2023,4,closed,FIR registered for Dowry Prohibition Act at Sarma.,39.0,Female,2,13.304032475294242,77.20418227166722,0,0,1
1136,FIR/2023/KA27/00040,1023,2,2023-09-24,2023,9,closed,FIR registered for House Breaking & Theft at Raghavan Street.,59.0,Female,5,16.131646293466847,75.72748401353839,0,0,1
1137,FIR/2024/KA11/00037,508,22,2024-11-12,2024,11,chargesheeted,FIR registered for POCSO Act at Balakrishnan Path.,54.0,Other,1,15.282041460991307,77.02635057661476,0,0,1
1138,FIR/2024/KA01/00570,99,2,2024-03-01,2024,3,chargesheeted,FIR registered for House Breaking & Theft at Subramanian Street.,56.0,Other,5,13.12089602284628,77.61050349846742,0,0,1
1139,FIR/2024/KA06/00034,347,2,2024-10-19,2024,10,closed,FIR registered for House Breaking & Theft at Chowdhury Chowk.,,Other,3,12.832309241956967,74.73419323038237,0,0,1
1140,FIR/2024/KA01/00571,164,21,2024-10-13,2024,10,chargesheeted,FIR registered for Dowry Prohibition Act at Sastry Marg.,24.0,Female,1,12.916169980081927,77.59533453638578,0,0,1
1141,FIR/2024/KA01/00572,61,1,2024-10-20,2024,10,closed,Complaint received regarding theft of two-wheeler worth Rs.96815.,71.0,Male,3,13.041798124571946,77.67480275120006,0,0,1
1142,FIR/2024/KA07/00008,376,22,2024-07-13,2024,7,chargesheeted,FIR registered for POCSO Act at Murthy Road.,48.0,Male,4,13.289349578823362,74.83297425986594,0,0,1
1143,FIR/2023/KA15/00008,702,15,2023-07-01,2023,7,chargesheeted,FIR registered for Counterfeiting at Vohra Nagar.,64.0,Male,5,15.519514242948413,75.68817312348025,0,1,1
1144,FIR/2022/KA01/00573,176,12,2022-11-20,2022,11,pending_trial,Accused cheated complainant of Rs.476084 through false promises.,53.0,Male,3,13.041769544255695,77.51795203185769,0,1,1
1145,FIR/2024/KA05/00029,306,8,2024-07-22,2024,7,under_investigation,Victim reported sexual assault incident at Venkataraman Path. Medical examination conducted.,53.0,Male,4,17.211289485294788,76.70761788766542,0,0,0
1146,FIR/2023/KA06/00035,321,18,2023-11-05,2023,11,chargesheeted,FIR registered for Cyber Crime - Hacking at Chandran Circle.,40.0,Female,1,13.01408945684207,74.86494328422086,1,0,1
1147,FIR/2023/KA01/00574,19,1,2023-09-16,2023,9,closed,Complaint received regarding theft of mobile phone worth Rs.357327.,69.0,Other,3,13.054954280673758,77.48059996455402,0,0,1
1148,FIR/2024/KA01/00575,31,18,2024-02-09,2024,2,closed,FIR registered for Cyber Crime - Hacking at Pal Chowk.,68.0,Female,5,12.942906058228624,77.59667675608843,1,0,1
1149,FIR/2022/KA22/00010,889,21,2022-01-27,2022,1,pending_trial,FIR registered for Dowry Prohibition Act at Dixit Marg.,,Other,5,13.323564925856708,77.83251591924194,0,0,1
1150,FIR/2022/KA20/00024,842,29,2022-07-03,2022,7,pending_trial,FIR registered for Mischief at Bhagat Circle.,22.0,Male,2,12.496976550061907,76.9871356392735,0,0,1
1151,FIR/2024/KA12/00030,576,9,2024-01-02,2024,1,pending_trial,FIR registered for Assault on Women at Dugar Nagar.,35.0,Male,3,16.742401480897946,75.76536951202019,0,0,1
1152,FIR/2024/KA31/00008,1141,1,2024-12-11,2024,12,registered,Complaint received regarding theft of laptop worth Rs.410617.,51.0,Male,5,11.999445948452983,76.81499892868469,0,0,0
1153,FIR/2023/KA08/00022,402,34,2023-11-05,2023,11,registered,FIR registered for Immoral Traffic Act at Gandhi Chowk.,75.0,Female,4,13.052038797765384,75.96855903813467,0,0,0
1154,FIR/2023/KA20/00025,812,1,2023-03-02,2023,3,chargesheeted,Complaint received regarding theft of laptop worth Rs.469223.,66.0,Female,2,12.667846480392813,76.76892201932294,0,0,1
1155,FIR/2024/KA01/00576,25,34,2024-09-26,2024,9,under_investigation,FIR registered for Immoral Traffic Act at Khosla Path.,21.0,Male,5,13.128769212843801,77.49017192768656,0,0,0
1156,FIR/2022/KA20/00026,822,33,2022-05-01,2022,5,under_investigation,FIR registered for Road Accident Death at Mall Path.,,Male,2,12.420345657699903,76.7735315240501,0,0,0
1157,FIR/2022/KA01/00577,139,1,2022-03-11,2022,3,under_investigation,Complaint received regarding theft of two-wheeler worth Rs.111230.,43.0,Male,4,12.969080416615238,77.54442303316792,0,0,0
1158,FIR/2022/KA01/00578,83,13,2022-01-07,2022,1,closed,FIR registered for Criminal Breach of Trust at Radhakrishnan Ganj.,,Male,1,12.856039181965537,77.72729384280298,0,1,1
1159,FIR/2022/KA01/00579,37,2,2022-07-08,2022,7,closed,FIR registered for House Breaking & Theft at Keer Marg.,54.0,Female,4,13.05595056853008,77.52558414880643,0,0,1
1160,FIR/2024/KA29/00019,1087,25,2024-02-22,2024,2,chargesheeted,FIR registered for Arms Act at Sharaf Zila.,28.0,Other,3,14.458214425036445,75.98253691303313,0,0,1
1161,FIR/2024/KA01/00580,158,8,2024-05-17,2024,5,registered,Victim reported sexual assault incident at Sem Chowk. Medical examination conducted.,21.0,Male,4,13.004058612633838,77.43840103743649,0,0,0
1162,FIR/2022/KA01/00581,117,9,2022-02-13,2022,2,chargesheeted,FIR registered for Assault on Women at Tara Zila.,65.0,Female,5,12.852618727724066,77.4459299329877,0,0,1
1163,FIR/2023/KA01/00582,47,6,2023-01-27,2023,1,under_investigation,FIR registered for Attempt to Murder at Mutti Chowk.,55.0,Other,2,13.06358451844438,77.4535924157749,0,0,0
1164,FIR/2022/KA10/00040,485,1,2022-09-14,2022,9,under_investigation,Complaint received regarding theft of cash worth Rs.183330.,61.0,Other,4,13.231408580568635,77.136748820082,0,0,0
1165,FIR/2023/KA16/00020,716,2,2023-04-28,2023,4,closed,FIR registered for House Breaking & Theft at Chauhan Nagar.,29.0,Other,3,14.903764006696807,75.50551785091213,0,0,1
1166,FIR/2022/KA20/00027,845,2,2022-10-25,2022,10,chargesheeted,FIR registered for House Breaking & Theft at Sachar Marg.,25.0,Female,4,12.6653034618431,76.76346637362626,0,0,1
1167,FIR/2023/KA01/00583,174,9,2023-08-08,2023,8,pending_trial,FIR registered for Assault on Women at Acharya Nagar.,18.0,Female,1,12.95276867324633,77.52233217908226,0,0,1
1168,FIR/2023/KA16/00021,705,1,2023-11-27,2023,11,under_investigation,Complaint received regarding theft of two-wheeler worth Rs.334868.,28.0,Male,4,14.806933884961085,75.33885020589342,0,0,0
1169,FIR/2024/KA01/00584,182,2,2024-01-25,2024,1,under_investigation,FIR registered for House Breaking & Theft at Jhaveri Circle.,43.0,Other,2,12.834579585840958,77.53081549829773,0,0,0
1170,FIR/2022/KA01/00585,99,14,2022-03-03,2022,3,pending_trial,FIR registered for Forgery at Om Chowk.,66.0,Other,1,13.118246056561063,77.60683538015502,0,1,1
1171,FIR/2024/KA01/00586,165,9,2024-11-09,2024,11,under_investigation,FIR registered for Assault on Women at Bhagat Path.,73.0,Male,2,12.989774963239483,77.57504044034128,0,0,0
1172,FIR/2023/KA01/00587,21,12,2023-06-26,2023,6,registered,Accused cheated complainant of Rs.367698 through false promises.,52.0,Female,5,13.000424042363228,77.6500048521114,0,1,0
1173,FIR/2024/KA12/00031,557,17,2024-05-21,2024,5,under_investigation,FIR registered for Cyber Crime - Identity Theft at Solanki Path.,36.0,Female,4,16.699845633874922,75.78246339608916,1,0,0
1174,FIR/2023/KA14/00030,646,28,2023-01-23,2023,1,chargesheeted,FIR registered for Criminal Trespass at Sethi Path.,52.0,Female,4,15.346273847320797,74.9364895499406,0,0,1
1175,FIR/2024/KA04/00029,255,28,2024-11-06,2024,11,registered,FIR registered for Criminal Trespass at Chatterjee Zila.,22.0,Other,1,15.967996349016374,74.58774068793981,0,0,0
1176,FIR/2022/KA23/00011,909,12,2022-08-16,2022,8,chargesheeted,Accused cheated complainant of Rs.206575 through false promises.,54.0,Female,5,12.65173304318766,77.35784845124587,0,1,1
1177,FIR/2023/KA01/00588,176,24,2023-03-11,2023,3,chargesheeted,FIR registered for NDPS Act at Pant Path.,52.0,Female,5,13.008675185035287,77.50780397834319,0,0,1
1178,FIR/2023/KA01/00589,174,27,2023-11-21,2023,11,closed,FIR registered for Hurt/Grievous Hurt at Vig Road.,60.0,Female,4,12.952961567641642,77.54136856636114,0,0,1
1179,FIR/2023/KA20/00028,835,12,2023-11-15,2023,11,chargesheeted,Accused cheated complainant of Rs.357851 through false promises.,75.0,Other,2,12.414168163231633,76.88766125951757,0,1,1
1180,FIR/2022/KA01/00590,163,25,2022-06-09,2022,6,under_investigation,FIR registered for Arms Act at Gala Nagar.,30.0,Male,3,12.91517773686529,77.70456949675648,0,0,0
1181,FIR/2022/KA01/00591,71,35,2022-03-21,2022,3,under_investigation,FIR registered for SC/ST Atrocities Act at Dey Chowk.,71.0,Male,2,13.017097283530378,77.59782771559303,0,0,0
1182,FIR/2023/KA05/00030,299,17,2023-10-04,2023,10,under_investigation,FIR registered for Cyber Crime - Identity Theft at Chhabra Marg.,38.0,Male,5,17.28771592831525,76.99158483365505,1,0,0
1183,FIR/2023/KA09/00025,445,3,2023-08-06,2023,8,pending_trial,Complainant robbed at Hayre Road by 2 armed persons.,28.0,Female,5,14.049187085072855,75.49352490712211,0,0,1
1184,FIR/2022/KA01/00592,134,21,2022-06-17,2022,6,chargesheeted,FIR registered for Dowry Prohibition Act at Dara Ganj.,50.0,Male,5,13.10147661150623,77.61459325711805,0,0,1
1185,FIR/2022/KA05/00031,303,2,2022-01-21,2022,1,chargesheeted,FIR registered for House Breaking & Theft at Kale Marg.,,Female,4,17.43884612962106,76.7954111900108,0,0,1
1186,FIR/2024/KA01/00593,79,2,2024-05-08,2024,5,registered,FIR registered for House Breaking & Theft at Halder Chowk.,75.0,Other,5,12.85121438569877,77.54242288476217,0,0,0
1187,FIR/2024/KA01/00594,103,33,2024-08-20,2024,8,chargesheeted,FIR registered for Road Accident Death at Chokshi Path.,35.0,Male,1,12.892166512763806,77.44632343464069,0,0,1
1188,FIR/2023/KA05/00032,304,1,2023-05-03,2023,5,under_investigation,Complaint received regarding theft of laptop worth Rs.61372.,30.0,Male,2,17.31688629885504,76.87847640483432,0,0,0
1189,FIR/2022/KA15/00009,686,12,2022-04-27,2022,4,under_investigation,Accused cheated complainant of Rs.56054 through false promises.,46.0,Female,1,15.333943270433844,75.70575283196455,0,1,0
1190,FIR/2024/KA05/00033,284,28,2024-03-23,2024,3,closed,FIR registered for Criminal Trespass at Shankar Chowk.,,Female,2,17.278018318984667,76.98557475054157,0,0,1
1191,FIR/2022/KA01/00595,63,21,2022-02-23,2022,2,chargesheeted,FIR registered for Dowry Prohibition Act at Thaman.,71.0,Male,4,12.819414061109924,77.6597604636541,0,0,1
1192,FIR/2022/KA01/00596,79,29,2022-04-28,2022,4,chargesheeted,FIR registered for Mischief at Tara Street.,74.0,Male,3,12.87053026351866,77.54564271417135,0,0,1
1193,FIR/2024/KA01/00597,95,1,2024-07-14,2024,7,registered,Complaint received regarding theft of gold chain worth Rs.458002.,46.0,Other,4,12.879511523292855,77.70407970733964,0,0,0
1194,FIR/2024/KA14/00031,675,19,2024-03-16,2024,3,chargesheeted,FIR registered for Cyber Crime - Phishing at Sant Nagar.,39.0,Other,5,15.545962584910791,75.12795339044708,1,0,1
1195,FIR/2023/KA01/00598,55,13,2023-06-26,2023,6,chargesheeted,FIR registered for Criminal Breach of Trust at Subramanian.,37.0,Other,1,12.915247375815326,77.73407671539461,0,1,1
1196,FIR/2024/KA01/00599,34,14,2024-07-11,2024,7,registered,FIR registered for Forgery at Goel Circle.,,Female,3,13.00985760152363,77.4939052531045,0,1,0
1197,FIR/2022/KA01/00600,15,9,2022-04-03,2022,4,pending_trial,FIR registered for Assault on Women at Ghose.,73.0,Female,1,12.916514756925336,77.63861206375049,0,0,1
1198,FIR/2023/KA01/00601,86,30,2023-08-02,2023,8,chargesheeted,FIR registered for Extortion at Chawla Street.,36.0,Female,3,13.086023884896223,77.62034467573956,0,0,1
1199,FIR/2022/KA01/00602,168,25,2022-07-13,2022,7,chargesheeted,FIR registered for Arms Act at Nagy Marg.,62.0,Male,4,12.986297174351593,77.6050808731289,0,0,1
1200,FIR/2023/KA01/00603,175,12,2023-08-24,2023,8,pending_trial,Accused cheated complainant of Rs.83488 through false promises.,72.0,Other,2,12.896144644131908,77.4719825305761,0,1,1
1201,FIR/2023/KA31/00009,1149,25,2023-02-17,2023,2,under_investigation,FIR registered for Arms Act at Kothari Marg.,30.0,Male,2,11.91727124375444,76.98896350432356,0,0,0
1202,FIR/2022/KA17/00022,755,2,2022-11-01,2022,11,chargesheeted,FIR registered for House Breaking & Theft at Rao Road.,18.0,Male,5,14.19118693934851,76.39565161485336,0,0,1
1203,FIR/2023/KA01/00604,74,10,2023-03-07,2023,3,chargesheeted,FIR registered for Sexual Harassment at Menon Path.,67.0,Female,4,12.927050252019098,77.44872067561852,0,0,1
1204,FIR/2023/KA08/00023,387,32,2023-08-06,2023,8,closed,FIR registered for Missing Person at Deol Chowk.,65.0,Female,5,12.957914381158837,75.97527833405009,0,0,1
1205,FIR/2022/KA01/00605,180,1,2022-07-05,2022,7,closed,Complaint received regarding theft of mobile phone worth Rs.175621.,50.0,Other,4,12.830551511322156,77.46726511452776,0,0,1
1206,FIR/2024/KA05/00034,277,12,2024-04-24,2024,4,under_investigation,Accused cheated complainant of Rs.293030 through false promises.,25.0,Other,4,17.389402959740913,76.72894366945918,0,1,0
1207,FIR/2023/KA01/00606,58,1,2023-04-07,2023,4,chargesheeted,Complaint received regarding theft of two-wheeler worth Rs.490383.,19.0,Female,2,12.858394754485127,77.59335792284298,0,0,1
1208,FIR/2024/KA01/00607,86,1,2024-10-20,2024,10,under_investigation,Complaint received regarding theft of laptop worth Rs.467190.,64.0,Female,3,13.078268884106478,77.62276006946712,0,0,0
1209,FIR/2023/KA01/00608,41,18,2023-11-10,2023,11,under_investigation,FIR registered for Cyber Crime - Hacking at Kadakia Ganj.,38.0,Other,3,13.091428810006425,77.56132184706942,1,0,0
1210,FIR/2024/KA01/00609,63,12,2024-10-28,2024,10,closed,Accused cheated complainant of Rs.172878 through false promises.,25.0,Female,4,12.84862959736814,77.68062125377665,0,1,1
1211,FIR/2022/KA01/00610,141,24,2022-04-06,2022,4,closed,FIR registered for NDPS Act at Deo Path.,34.0,Female,5,13.128247538521133,77.61583423830763,0,0,1
1212,FIR/2024/KA14/00032,638,3,2024-10-23,2024,10,chargesheeted,Complainant robbed at Thakur Street by 4 armed persons.,72.0,Other,4,15.497595523258566,75.00434472838161,0,0,1
1213,FIR/2023/KA05/00035,296,33,2023-08-03,2023,8,under_investigation,FIR registered for Road Accident Death at Naidu Circle.,49.0,Other,1,17.29615148777745,76.7250057460249,0,0,0
1214,FIR/2024/KA01/00611,24,1,2024-06-05,2024,6,chargesheeted,Complaint received regarding theft of cash worth Rs.484713.,19.0,Other,1,12.982364651726614,77.70851929089652,0,0,1
1215,FIR/2022/KA04/00030,233,26,2022-12-26,2022,12,chargesheeted,FIR registered for Riots at Srinivasan Circle.,74.0,Male,3,15.99974587052268,74.44685581716305,0,0,1
1216,FIR/2024/KA01/00612,124,1,2024-11-15,2024,11,chargesheeted,Complaint received regarding theft of cash worth Rs.457787.,31.0,Other,3,13.02856691617606,77.73526257073947,0,0,1
1217,FIR/2022/KA10/00041,478,33,2022-04-21,2022,4,chargesheeted,FIR registered for Road Accident Death at Mangal Circle.,35.0,Female,2,13.32568778644295,77.1417662737137,0,0,1
1218,FIR/2023/KA08/00024,380,21,2023-10-28,2023,10,closed,FIR registered for Dowry Prohibition Act at Arya Marg.,,Male,2,12.913600264618385,76.02402164494448,0,0,1
1219,FIR/2024/KA20/00029,813,35,2024-02-01,2024,2,closed,FIR registered for SC/ST Atrocities Act at Chhabra Circle.,23.0,Female,2,12.531025749581929,76.98862118810864,0,0,1
1220,FIR/2023/KA12/00032,579,8,2023-12-17,2023,12,under_investigation,Victim reported sexual assault incident at Raj Nagar. Medical examination conducted.,54.0,Female,4,16.777704912676576,75.72756594112441,0,0,0
1221,FIR/2024/KA28/00015,1069,1,2024-08-03,2024,8,chargesheeted,Complaint received regarding theft of mobile phone worth Rs.81118.,,Male,2,14.670959383775486,74.57839418201198,0,0,1
1222,FIR/2024/KA11/00038,530,19,2024-11-23,2024,11,pending_trial,FIR registered for Cyber Crime - Phishing at Iyengar Nagar.,,Other,1,15.261245355838033,76.9101582822617,1,0,1
1223,FIR/2022/KA01/00613,112,10,2022-02-05,2022,2,pending_trial,FIR registered for Sexual Harassment at Dyal Road.,64.0,Female,5,13.005993079585325,77.65830809645864,0,0,1
1224,FIR/2023/KA01/00614,159,6,2023-04-20,2023,4,closed,FIR registered for Attempt to Murder at Krishna Road.,45.0,Female,3,12.841598076300189,77.71337236272561,0,0,1
1225,FIR/2022/KA18/00007,770,33,2022-03-15,2022,3,chargesheeted,FIR registered for Road Accident Death at Bhatia Street.,68.0,Female,2,13.298126346992165,75.8451620173727,0,0,1
1226,FIR/2022/KA01/00615,134,33,2022-09-22,2022,9,under_investigation,FIR registered for Road Accident Death at Jani Road.,54.0,Other,3,13.112331353658746,77.60582912313733,0,0,0
1227,FIR/2023/KA01/00616,34,2,2023-05-13,2023,5,under_investigation,FIR registered for House Breaking & Theft at Bali Circle.,40.0,Other,4,13.017876842487507,77.473092702966,0,0,0
1228,FIR/2023/KA01/00617,54,20,2023-12-24,2023,12,chargesheeted,FIR registered for Dowry Death at Sethi Path.,62.0,Other,4,12.995425745788898,77.49770951944386,0,0,1
1229,FIR/2023/KA01/00618,180,5,2023-04-15,2023,4,under_investigation,Dead body found at Kapur Zila. Prima facie case of murder registered.,53.0,Female,5,12.829922624350598,77.4532358063305,0,0,0
1230,FIR/2024/KA10/00042,470,24,2024-03-07,2024,3,closed,FIR registered for NDPS Act at Ramachandran Circle.,67.0,Male,1,13.345078833107381,77.05903109825628,0,0,1
1231,FIR/2024/KA05/00036,313,30,2024-01-14,2024,1,under_investigation,FIR registered for Extortion at Vaidya Ganj.,49.0,Female,1,17.33858407347651,76.93124299102806,0,0,0
1232,FIR/2022/KA13/00026,609,1,2022-08-24,2022,8,chargesheeted,Complaint received regarding theft of mobile phone worth Rs.231084.,19.0,Female,2,16.126911504234336,77.37360943606801,0,0,1
1233,FIR/2023/KA01/00619,77,21,2023-09-21,2023,9,pending_trial,FIR registered for Dowry Prohibition Act at Ram Marg.,73.0,Male,1,13.055604476297022,77.54282726888395,0,0,1
1234,FIR/2024/KA01/00620,145,29,2024-05-02,2024,5,under_investigation,FIR registered for Mischief at Munshi Marg.,43.0,Female,5,13.123529262210015,77.57666254735955,0,0,0
1235,FIR/2024/KA25/00020,958,9,2024-06-14,2024,6,closed,FIR registered for Assault on Women at Bhagat Circle.,55.0,Other,3,17.975247791953635,77.4073938043004,0,0,1
1236,FIR/2022/KA01/00621,98,2,2022-03-08,2022,3,under_investigation,FIR registered for House Breaking & Theft at Krishnamurthy Nagar.,18.0,Male,1,13.055795656053125,77.56071027496436,0,0,0
1237,FIR/2024/KA01/00622,123,12,2024-09-04,2024,9,registered,Accused cheated complainant of Rs.427626 through false promises.,24.0,Female,4,13.087887799648835,77.49873638505804,0,1,0
1238,FIR/2023/KA01/00623,43,23,2023-08-06,2023,8,under_investigation,FIR registered for Domestic Violence at Pillai Ganj.,69.0,Other,3,13.11805544834477,77.62548828569481,0,0,0
1239,FIR/2023/KA01/00624,104,14,2023-01-28,2023,1,chargesheeted,FIR registered for Forgery at Hegde.,30.0,Other,1,13.095616473331024,77.59020265779547,0,1,1
1240,FIR/2022/KA06/00036,342,12,2022-01-15,2022,1,chargesheeted,Accused cheated complainant of Rs.46789 through false promises.,36.0,Female,5,12.96297550067292,74.93374632504828,0,1,1
1241,FIR/2024/KA01/00625,42,16,2024-04-26,2024,4,under_investigation,Victim lost Rs.374132 through online fraud/UPI scam.,,Other,4,13.035449034489671,77.65282766766889,1,0,0
1242,FIR/2024/KA01/00626,124,23,2024-09-22,2024,9,under_investigation,FIR registered for Domestic Violence at Grover Zila.,49.0,Male,2,13.0066928549632,77.7211866671894,0,0,0
1243,FIR/2023/KA27/00041,1005,27,2023-04-22,2023,4,closed,FIR registered for Hurt/Grievous Hurt at Varkey Street.,69.0,Female,3,16.175532228468143,75.74428346018409,0,0,1
1244,FIR/2023/KA10/00043,464,30,2023-07-27,2023,7,under_investigation,FIR registered for Extortion at Purohit Zila.,71.0,Male,4,13.435382224007155,77.08251423552484,0,0,0
1245,FIR/2024/KA01/00627,118,1,2024-05-13,2024,5,under_investigation,Complaint received regarding theft of mobile phone worth Rs.167844.,19.0,Male,1,13.034170102178255,77.58476557147672,0,0,0
1246,FIR/2023/KA15/00010,697,1,2023-11-15,2023,11,under_investigation,Complaint received regarding theft of gold chain worth Rs.24582.,34.0,Other,2,15.447512119493089,75.5348720640998,0,0,0
1247,FIR/2024/KA01/00628,167,1,2024-02-27,2024,2,chargesheeted,Complaint received regarding theft of gold chain worth Rs.306029.,60.0,Other,1,12.916368636343138,77.69558082285806,0,0,1
1248,FIR/2023/KA01/00629,77,1,2023-05-20,2023,5,chargesheeted,Complaint received regarding theft of mobile phone worth Rs.428536.,56.0,Female,4,13.078064034517203,77.5355815167053,0,0,1
1249,FIR/2024/KA12/00033,579,1,2024-08-21,2024,8,under_investigation,Complaint received regarding theft of mobile phone worth Rs.109157.,61.0,Male,4,16.789687849950724,75.72235668058809,0,0,0
1250,FIR/2022/KA04/00031,246,1,2022-05-04,2022,5,under_investigation,Complaint received regarding theft of laptop worth Rs.57206.,36.0,Male,4,15.881743675126021,74.45310996498162,0,0,0
1251,FIR/2024/KA05/00037,299,9,2024-04-27,2024,4,under_investigation,FIR registered for Assault on Women at Dube Nagar.,62.0,Other,5,17.281060853644703,76.98600255754293,0,0,0
1252,FIR/2022/KA17/00023,737,31,2022-02-20,2022,2,chargesheeted,FIR registered for Criminal Intimidation at Behl Path.,45.0,Other,2,14.074956278046114,76.5133077389912,0,0,1
1253,FIR/2023/KA29/00020,1081,12,2023-09-15,2023,9,closed,Accused cheated complainant of Rs.447630 through false promises.,44.0,Male,2,14.412472238087581,75.94367255397852,0,1,1
1254,FIR/2024/KA01/00630,19,1,2024-11-26,2024,11,chargesheeted,Complaint received regarding theft of gold chain worth Rs.54848.,61.0,Other,5,13.054956498615073,77.46519995765796,0,0,1
1255,FIR/2023/KA01/00631,165,3,2023-10-15,2023,10,pending_trial,Complainant robbed at Nadkarni Zila by 4 armed persons.,64.0,Other,5,13.009738426991596,77.57688028768305,0,0,1
1256,FIR/2023/KA01/00632,91,17,2023-11-17,2023,11,registered,FIR registered for Cyber Crime - Identity Theft at Kannan Circle.,37.0,Other,2,13.100890652929614,77.6726417155843,1,0,0
1257,FIR/2023/KA17/00024,747,27,2023-06-17,2023,6,chargesheeted,FIR registered for Hurt/Grievous Hurt at Verma Street.,41.0,Female,1,14.27848099016755,76.25030357935545,0,0,1
1258,FIR/2024/KA01/00633,126,12,2024-01-09,2024,1,chargesheeted,Accused cheated complainant of Rs.253673 through false promises.,23.0,Male,2,12.968242996272155,77.67717612135611,0,1,1
1259,FIR/2022/KA01/00634,118,3,2022-10-13,2022,10,under_investigation,Complainant robbed at Sagar Street by 2 armed persons.,49.0,Other,5,13.042963644666035,77.56783897743223,0,0,0
1260,FIR/2024/KA01/00635,168,14,2024-11-14,2024,11,chargesheeted,FIR registered for Forgery at Yadav Circle.,43.0,Other,4,12.994920337079105,77.5815890150275,0,1,1
1261,FIR/2024/KA01/00636,80,12,2024-01-19,2024,1,under_investigation,Accused cheated complainant of Rs.140607 through false promises.,45.0,Male,3,12.879764986150509,77.63464521906579,0,1,0
1262,FIR/2023/KA17/00025,747,12,2023-09-21,2023,9,under_investigation,Accused cheated complainant of Rs.153959 through false promises.,42.0,Female,1,14.28807822750372,76.26624457986743,0,1,0
1263,FIR/2022/KA01/00637,109,33,2022-11-22,2022,11,chargesheeted,FIR registered for Road Accident Death at Narula Ganj.,44.0,Other,3,12.892555464141436,77.63913158422605,0,0,1
1264,FIR/2023/KA27/00042,1009,22,2023-09-08,2023,9,chargesheeted,FIR registered for POCSO Act at Patel Path.,50.0,Female,2,16.23255239713262,75.80711860990696,0,0,1
1265,FIR/2023/KA01/00638,12,14,2023-09-11,2023,9,under_investigation,FIR registered for Forgery at Kamdar Road.,33.0,Other,4,13.023980689267223,77.46021547601087,0,1,0
1266,FIR/2024/KA01/00639,58,21,2024-01-17,2024,1,pending_trial,FIR registered for Dowry Prohibition Act at Wali.,50.0,Male,5,12.853136517577747,77.58772832946535,0,0,1
1267,FIR/2022/KA05/00038,292,23,2022-05-13,2022,5,chargesheeted,FIR registered for Domestic Violence at Andra Chowk.,57.0,Male,1,17.190762987318113,76.80736107189188,0,0,1
1268,FIR/2023/KA01/00640,150,1,2023-02-19,2023,2,closed,Complaint received regarding theft of two-wheeler worth Rs.192562.,73.0,Male,4,12.871307418572142,77.64297275180813,0,0,1
1269,FIR/2022/KA27/00043,1018,21,2022-12-14,2022,12,closed,FIR registered for Dowry Prohibition Act at Khosla Chowk.,,Female,3,16.333711750979138,75.73479282234163,0,0,1
1270,FIR/2023/KA01/00641,128,16,2023-06-25,2023,6,closed,Victim lost Rs.482107 through online fraud/UPI scam.,35.0,Female,4,12.881557782415324,77.62088077324923,1,0,1
1271,FIR/2023/KA17/00026,768,27,2023-02-14,2023,2,under_investigation,FIR registered for Hurt/Grievous Hurt at Nagi Nagar.,35.0,Male,5,14.071646634761473,76.32200611762595,0,0,0
1272,FIR/2022/KA01/00642,134,6,2022-08-25,2022,8,closed,FIR registered for Attempt to Murder at Comar Marg.,56.0,Other,5,13.1031723264435,77.6250434768315,0,0,1
1273,FIR/2024/KA01/00643,128,12,2024-09-18,2024,9,pending_trial,Accused cheated complainant of Rs.459190 through false promises.,53.0,Male,1,12.88663194365204,77.63361203857197,0,1,1
1274,FIR/2023/KA10/00044,465,1,2023-07-17,2023,7,closed,Complaint received regarding theft of mobile phone worth Rs.417759.,57.0,Male,4,13.347596603930631,77.25889339718944,0,0,1
1275,FIR/2024/KA01/00644,66,2,2024-09-14,2024,9,chargesheeted,FIR registered for House Breaking & Theft at Varughese Nagar.,55.0,Female,5,12.879329084643944,77.61557563147709,0,0,1
1276,FIR/2022/KA01/00645,16,12,2022-09-13,2022,9,chargesheeted,Accused cheated complainant of Rs.176613 through false promises.,38.0,Other,1,13.000436839222704,77.63188688420641,0,1,1
1277,FIR/2022/KA22/00011,879,16,2022-12-20,2022,12,chargesheeted,Victim lost Rs.447928 through online fraud/UPI scam.,33.0,Other,4,13.486539152839294,77.7675235373056,1,0,1
1278,FIR/2024/KA01/00646,181,23,2024-02-03,2024,2,chargesheeted,FIR registered for Domestic Violence at Bassi Chowk.,56.0,Other,5,12.871784156174567,77.6934236614653,0,0,1
1279,FIR/2024/KA01/00647,80,29,2024-06-08,2024,6,under_investigation,FIR registered for Mischief at Hans Road.,56.0,Male,4,12.882099325162315,77.61683706905006,0,0,0
1280,FIR/2024/KA26/00005,973,19,2024-10-21,2024,10,chargesheeted,FIR registered for Cyber Crime - Phishing at Varkey Path.,55.0,Female,2,15.305263332285081,76.03061233788452,1,0,1
1281,FIR/2023/KA01/00648,145,24,2023-07-22,2023,7,closed,FIR registered for NDPS Act at Char Zila.,44.0,Male,3,13.11852811680764,77.5615542319246,0,0,1
1282,FIR/2024/KA10/00045,490,12,2024-01-27,2024,1,closed,Accused cheated complainant of Rs.170018 through false promises.,49.0,Female,3,13.410621718263526,77.14390036816502,0,1,1
1283,FIR/2024/KA17/00027,749,2,2024-08-26,2024,8,pending_trial,FIR registered for House Breaking & Theft at Amble Circle.,69.0,Other,1,14.199951058433907,76.37371266543133,0,0,1
1284,FIR/2023/KA04/00032,259,28,2023-06-09,2023,6,closed,FIR registered for Criminal Trespass at Kade Zila.,29.0,Female,3,15.91198093683469,74.37090169609105,0,0,1
1285,FIR/2022/KA01/00649,136,32,2022-07-21,2022,7,under_investigation,FIR registered for Missing Person at Samra Ganj.,18.0,Other,4,12.913538565631264,77.65811252209426,0,0,0
1286,FIR/2023/KA20/00030,806,14,2023-03-05,2023,3,under_investigation,FIR registered for Forgery at Jha Zila.,48.0,Female,4,12.546399462368193,76.97839020967879,0,1,0
1287,FIR/2023/KA01/00650,111,17,2023-02-13,2023,2,registered,FIR registered for Cyber Crime - Identity Theft at Saran Circle.,24.0,Male,3,13.088146757003669,77.54983347362929,1,0,0
1288,FIR/2022/KA01/00651,15,8,2022-05-18,2022,5,closed,Victim reported sexual assault incident at Dube Zila. Medical examination conducted.,52.0,Male,1,12.927164413156513,77.6463038150643,0,0,1
1289,FIR/2023/KA29/00021,1097,15,2023-07-16,2023,7,chargesheeted,FIR registered for Counterfeiting at Sharaf Nagar.,29.0,Other,5,14.341670141985706,75.96069159682587,0,1,1
1290,FIR/2024/KA12/00034,562,11,2024-01-26,2024,1,under_investigation,FIR registered for Kidnapping & Abduction at Barad Path.,72.0,Male,4,16.819620587583564,75.69328587444082,0,0,0
1291,FIR/2023/KA16/00022,708,35,2023-03-02,2023,3,under_investigation,FIR registered for SC/ST Atrocities Act at Borah Zila.,45.0,Female,5,14.863466849143585,75.51868793509452,0,0,0
1292,FIR/2024/KA14/00033,657,6,2024-09-02,2024,9,chargesheeted,FIR registered for Attempt to Murder at Gokhale Nagar.,34.0,Other,2,15.532993517928576,75.01931323604529,0,0,1
1293,FIR/2024/KA01/00652,10,18,2024-09-23,2024,9,closed,FIR registered for Cyber Crime - Hacking at Bobal Road.,66.0,Female,1,13.094792421277708,77.57594290999808,1,0,1
1294,FIR/2024/KA11/00039,504,1,2024-05-10,2024,5,chargesheeted,Complaint received regarding theft of gold chain worth Rs.346944.,27.0,Male,1,15.19612314640115,76.8609635733919,0,0,1
1295,FIR/2022/KA01/00653,65,19,2022-03-23,2022,3,pending_trial,FIR registered for Cyber Crime - Phishing at Reddy Road.,57.0,Other,1,12.978968004631993,77.47771081544708,1,0,1
1296,FIR/2023/KA01/00654,111,16,2023-07-25,2023,7,under_investigation,Victim lost Rs.343199 through online fraud/UPI scam.,19.0,Male,5,13.07327383839998,77.54316531982664,1,0,0
1297,FIR/2023/KA01/00655,58,2,2023-02-16,2023,2,under_investigation,FIR registered for House Breaking & Theft at Sant Marg.,22.0,Other,4,12.889985647781055,77.6033600626755,0,0,0
1298,FIR/2022/KA13/00027,610,30,2022-05-11,2022,5,chargesheeted,FIR registered for Extortion at Badal Path.,68.0,Male,3,16.344997464323438,77.29076665273122,0,0,1
1299,FIR/2022/KA01/00656,141,1,2022-03-09,2022,3,chargesheeted,Complaint received regarding theft of two-wheeler worth Rs.178551.,18.0,Male,1,13.11640508865223,77.61344321537942,0,0,1
1300,FIR/2022/KA10/00046,470,18,2022-07-15,2022,7,chargesheeted,FIR registered for Cyber Crime - Hacking at Ahuja Circle.,40.0,Male,3,13.349609104179857,77.07642859070671,1,0,1
1301,FIR/2024/KA01/00657,84,1,2024-06-09,2024,6,under_investigation,Complaint received regarding theft of mobile phone worth Rs.437984.,74.0,Female,1,12.98610845747458,77.57768764321705,0,0,0
1302,FIR/2022/KA29/00022,1090,1,2022-08-23,2022,8,closed,Complaint received regarding theft of mobile phone worth Rs.13162.,56.0,Male,2,14.466515234892515,75.9890177995548,0,0,1
1303,FIR/2023/KA21/00021,853,33,2023-09-22,2023,9,under_investigation,FIR registered for Road Accident Death at Parmar Zila.,54.0,Other,4,13.13380887966416,78.06867275158241,0,0,0
1304,FIR/2023/KA01/00658,19,1,2023-03-25,2023,3,chargesheeted,Complaint received regarding theft of mobile phone worth Rs.165471.,62.0,Male,4,13.036280165116501,77.47497082695622,0,0,1
1305,FIR/2023/KA01/00659,141,1,2023-11-05,2023,11,under_investigation,Complaint received regarding theft of two-wheeler worth Rs.24099.,56.0,Other,4,13.124235904022166,77.5918381819207,0,0,0
1306,FIR/2023/KA01/00660,5,26,2023-03-07,2023,3,closed,FIR registered for Riots at Chadha.,33.0,Male,5,12.959149951220276,77.56540091504377,0,0,1
1307,FIR/2023/KA01/00661,15,17,2023-02-21,2023,2,chargesheeted,FIR registered for Cyber Crime - Identity Theft at Sarma Road.,28.0,Other,2,12.947517217395188,77.6463362441291,1,0,1
1308,FIR/2022/KA29/00023,1089,16,2022-09-02,2022,9,chargesheeted,Victim lost Rs.489506 through online fraud/UPI scam.,25.0,Male,1,14.335160113260125,75.91133777776186,1,0,1
1309,FIR/2024/KA11/00040,534,8,2024-01-01,2024,1,registered,Victim reported sexual assault incident at Som Nagar. Medical examination conducted.,25.0,Male,1,15.14736892738571,76.93510716348983,0,0,0
1310,FIR/2022/KA01/00662,135,16,2022-11-28,2022,11,chargesheeted,Victim lost Rs.379795 through online fraud/UPI scam.,53.0,Male,3,13.0733710332522,77.6126556358514,1,0,1
1311,FIR/2024/KA01/00663,153,27,2024-02-10,2024,2,registered,FIR registered for Hurt/Grievous Hurt at Deshpande Ganj.,59.0,Male,1,13.10385130536602,77.62754368594055,0,0,0
1312,FIR/2024/KA01/00664,81,3,2024-08-09,2024,8,under_investigation,Complainant robbed at Merchant Marg by 2 armed persons.,37.0,Female,5,12.889591689070242,77.72409924848786,0,0,0
1313,FIR/2023/KA27/00044,1003,1,2023-02-02,2023,2,registered,Complaint received regarding theft of mobile phone worth Rs.244622.,18.0,Female,3,16.106233336422868,75.80867287507527,0,0,0
1314,FIR/2022/KA01/00665,122,29,2022-10-13,2022,10,chargesheeted,FIR registered for Mischief at Apte Path.,20.0,Female,4,13.127887764354016,77.60672467846523,0,0,1
1315,FIR/2022/KA01/00666,76,24,2022-07-09,2022,7,under_investigation,FIR registered for NDPS Act at Dhaliwal Circle.,37.0,Male,1,13.124919186264254,77.70240236482891,0,0,0
1316,FIR/2023/KA01/00667,177,13,2023-04-10,2023,4,registered,FIR registered for Criminal Breach of Trust at Barman Zila.,57.0,Other,3,13.049873036975209,77.73635935109388,0,1,0
1317,FIR/2022/KA01/00668,142,16,2022-09-20,2022,9,registered,Victim lost Rs.403568 through online fraud/UPI scam.,53.0,Male,3,13.02265844367171,77.46490082585905,1,0,0
1318,FIR/2024/KA05/00039,305,27,2024-12-19,2024,12,chargesheeted,FIR registered for Hurt/Grievous Hurt at Chada Circle.,68.0,Male,5,17.375109193672877,76.82391796136321,0,0,1
1319,FIR/2022/KA01/00669,56,2,2022-09-17,2022,9,closed,FIR registered for House Breaking & Theft at Kade Road.,61.0,Other,4,13.089653571266641,77.45687891399791,0,0,1
1320,FIR/2024/KA01/00670,130,12,2024-01-12,2024,1,closed,Accused cheated complainant of Rs.99691 through false promises.,22.0,Other,4,12.923189687345818,77.5070499452535,0,1,1
1321,FIR/2023/KA01/00671,21,1,2023-10-08,2023,10,under_investigation,Complaint received regarding theft of mobile phone worth Rs.74573.,66.0,Female,4,13.005724805097637,77.6652163895961,0,0,0
1322,FIR/2024/KA11/00041,517,2,2024-10-18,2024,10,closed,FIR registered for House Breaking & Theft at Dyal Street.,23.0,Other,1,15.148016097170236,77.07218395600168,0,0,1
1323,FIR/2024/KA01/00672,94,29,2024-10-12,2024,10,pending_trial,FIR registered for Mischief at Kant Street.,50.0,Female,1,13.030405825779516,77.55763972609412,0,0,1
1324,FIR/2023/KA01/00673,107,3,2023-12-03,2023,12,chargesheeted,Complainant robbed at Krishnan by 3 armed persons.,29.0,Male,1,12.860660426662735,77.72650338612782,0,0,1
1325,FIR/2024/KA01/00674,87,21,2024-11-18,2024,11,under_investigation,FIR registered for Dowry Prohibition Act at Contractor Ganj.,45.0,Female,2,12.820657751553568,77.55812134162397,0,0,0
1326,FIR/2023/KA10/00047,484,27,2023-08-11,2023,8,chargesheeted,FIR registered for Hurt/Grievous Hurt at Bhagat Street.,74.0,Female,3,13.355098041776015,77.00453861399497,0,0,1
1327,FIR/2023/KA01/00675,57,24,2023-09-12,2023,9,chargesheeted,FIR registered for NDPS Act at Shenoy Circle.,67.0,Other,2,13.052523445806061,77.73841811438153,0,0,1
1328,FIR/2022/KA10/00048,482,8,2022-03-28,2022,3,closed,Victim reported sexual assault incident at Bora Circle. Medical examination conducted.,19.0,Other,1,13.443064773240126,77.20860193754302,0,0,1
1329,FIR/2024/KA30/00009,1127,2,2024-12-11,2024,12,under_investigation,FIR registered for House Breaking & Theft at Bhavsar Road.,26.0,Female,4,15.455832178878792,76.48295994731133,0,0,0
1330,FIR/2024/KA29/00024,1095,27,2024-09-20,2024,9,under_investigation,FIR registered for Hurt/Grievous Hurt at Chaudhari Road.,,Other,5,14.412541728776729,75.79219689221365,0,0,0
1331,FIR/2023/KA05/00040,313,28,2023-12-15,2023,12,under_investigation,FIR registered for Criminal Trespass at Sur Ganj.,52.0,Female,1,17.351188812983604,76.90882269815133,0,0,0
1332,FIR/2023/KA01/00676,168,19,2023-06-18,2023,6,chargesheeted,FIR registered for Cyber Crime - Phishing at Parikh Path.,18.0,Other,2,13.00209062022633,77.61502434319522,1,0,1
1333,FIR/2023/KA01/00677,154,10,2023-02-27,2023,2,chargesheeted,FIR registered for Sexual Harassment at Keer Street.,,Male,3,13.025200510692539,77.4800766185221,0,0,1
1334,FIR/2024/KA20/00031,818,2,2024-08-02,2024,8,closed,FIR registered for House Breaking & Theft at Mane Zila.,,Male,4,12.545840937440964,76.79495041709956,0,0,1
1335,FIR/2023/KA11/00042,505,27,2023-01-16,2023,1,under_investigation,FIR registered for Hurt/Grievous Hurt at Boase.,38.0,Other,3,15.137792133679726,76.96861738907292,0,0,0
1336,FIR/2024/KA14/00034,650,1,2024-10-17,2024,10,chargesheeted,Complaint received regarding theft of cash worth Rs.296154.,44.0,Female,2,15.603235117419567,75.05945114168065,0,0,1
1337,FIR/2024/KA01/00678,15,29,2024-08-25,2024,8,under_investigation,FIR registered for Mischief at Seshadri Chowk.,30.0,Female,5,12.911486698398715,77.66172086125019,0,0,0
1338,FIR/2024/KA01/00679,106,3,2024-12-25,2024,12,registered,Complainant robbed at Mohan Path by 1 armed persons.,67.0,Other,5,13.017002267613702,77.5510440946505,0,0,0
1339,FIR/2022/KA01/00680,91,28,2022-02-15,2022,2,closed,FIR registered for Criminal Trespass at Dua.,51.0,Male,3,13.129316284500597,77.67388735728356,0,0,1
1340,FIR/2024/KA01/00681,46,34,2024-09-02,2024,9,under_investigation,FIR registered for Immoral Traffic Act at Patla.,,Female,4,13.02170224550804,77.4641801475696,0,0,0
1341,FIR/2024/KA20/00032,811,10,2024-12-09,2024,12,closed,FIR registered for Sexual Harassment at Sangha Path.,29.0,Female,2,12.508610003202302,76.87158589048796,0,0,1
1342,FIR/2024/KA06/00037,339,18,2024-11-28,2024,11,under_investigation,FIR registered for Cyber Crime - Hacking at Agrawal Street.,21.0,Female,4,12.971147479346723,74.87336851694266,1,0,0
1343,FIR/2022/KA05/00041,309,12,2022-07-12,2022,7,chargesheeted,Accused cheated complainant of Rs.189779 through false promises.,43.0,Male,2,17.407367841868034,76.95389546134301,0,1,1
1344,FIR/2024/KA13/00028,630,3,2024-01-20,2024,1,registered,Complainant robbed at Sarin Ganj by 3 armed persons.,49.0,Other,3,16.272419794813263,77.25379429647724,0,0,0
1345,FIR/2024/KA01/00682,84,19,2024-10-04,2024,10,closed,FIR registered for Cyber Crime - Phishing at Parsa Road.,50.0,Female,1,12.991145080768788,77.58037312267969,1,0,1
1346,FIR/2022/KA01/00683,79,1,2022-03-11,2022,3,closed,Complaint received regarding theft of laptop worth Rs.362552.,,Other,2,12.854961603564812,77.51007872029916,0,0,1
1347,FIR/2022/KA07/00009,365,28,2022-12-20,2022,12,under_investigation,FIR registered for Criminal Trespass at Shere Chowk.,23.0,Other,2,13.459516435683444,74.82945075246843,0,0,0
1348,FIR/2023/KA12/00035,571,10,2023-11-05,2023,11,under_investigation,FIR registered for Sexual Harassment at Parmer Chowk.,21.0,Male,2,16.948737263651395,75.59812086216725,0,0,0
1349,FIR/2023/KA27/00045,1000,10,2023-12-02,2023,12,registered,FIR registered for Sexual Harassment at Sur Road.,29.0,Female,5,16.203580186803386,75.70260766061527,0,0,0
1350,FIR/2022/KA01/00684,5,1,2022-10-11,2022,10,registered,Complaint received regarding theft of gold chain worth Rs.27977.,,Female,2,12.961236992367606,77.57791082360642,0,0,0
1351,FIR/2023/KA01/00685,10,19,2023-09-02,2023,9,pending_trial,FIR registered for Cyber Crime - Phishing at Bumb Street.,32.0,Other,1,13.095460779881991,77.57746268686792,1,0,1
1352,FIR/2023/KA04/00033,273,2,2023-05-22,2023,5,chargesheeted,FIR registered for House Breaking & Theft at Dey Road.,75.0,Other,1,15.952636167814921,74.43228539226902,0,0,1
1353,FIR/2022/KA10/00049,472,15,2022-01-07,2022,1,under_investigation,FIR registered for Counterfeiting at Hegde Circle.,,Other,3,13.38294643982763,77.15070729125006,0,1,0
1354,FIR/2023/KA23/00012,912,17,2023-04-21,2023,4,under_investigation,FIR registered for Cyber Crime - Identity Theft at Bose Road.,40.0,Female,2,12.63185110261041,77.14577798739836,1,0,0
1355,FIR/2022/KA01/00686,180,1,2022-06-05,2022,6,registered,Complaint received regarding theft of laptop worth Rs.42047.,,Female,5,12.852877808688167,77.44147992885999,0,0,0
1356,FIR/2024/KA07/00010,350,10,2024-01-13,2024,1,chargesheeted,FIR registered for Sexual Harassment at Balasubramanian Circle.,63.0,Female,4,13.359634717345502,74.71857675651296,0,0,1
1357,FIR/2024/KA01/00687,146,2,2024-04-16,2024,4,chargesheeted,FIR registered for House Breaking & Theft at Ravel.,54.0,Female,3,12.830657126613525,77.62495320617847,0,0,1
1358,FIR/2024/KA01/00688,106,16,2024-06-28,2024,6,under_investigation,Victim lost Rs.210851 through online fraud/UPI scam.,66.0,Male,3,13.013994669328705,77.53237864830277,1,0,0
1359,FIR/2024/KA25/00021,940,27,2024-11-12,2024,11,closed,FIR registered for Hurt/Grievous Hurt at Lad Nagar.,38.0,Female,2,18.07789575787948,77.47016579571661,0,0,1
1360,FIR/2023/KA10/00050,493,35,2023-02-15,2023,2,chargesheeted,FIR registered for SC/ST Atrocities Act at Zacharia Circle.,60.0,Other,2,13.285939405448579,77.1714498943979,0,0,1
1361,FIR/2022/KA01/00689,1,8,2022-06-28,2022,6,under_investigation,Victim reported sexual assault incident at Dixit Chowk. Medical examination conducted.,59.0,Female,1,13.038311779753055,77.49829274397338,0,0,0
1362,FIR/2023/KA10/00051,470,19,2023-09-18,2023,9,pending_trial,FIR registered for Cyber Crime - Phishing at Ramanathan Path.,,Male,1,13.35480604362982,77.05751987234424,1,0,1
1363,FIR/2023/KA01/00690,6,23,2023-03-20,2023,3,pending_trial,FIR registered for Domestic Violence at Mannan Ganj.,47.0,Female,5,12.825809342011794,77.70562686237402,0,0,1
1364,FIR/2023/KA10/00052,474,16,2023-08-11,2023,8,closed,Victim lost Rs.50994 through online fraud/UPI scam.,55.0,Female,3,13.287281483810437,76.97613704834191,1,0,1
1365,FIR/2024/KA01/00691,49,1,2024-04-14,2024,4,chargesheeted,Complaint received regarding theft of two-wheeler worth Rs.423035.,27.0,Female,3,12.98706192480393,77.57386254429845,0,0,1
1366,FIR/2022/KA26/00006,978,19,2022-05-15,2022,5,pending_trial,FIR registered for Cyber Crime - Phishing at Ranganathan Zila.,,Female,1,15.37605436437975,76.03836608999642,1,0,1
1367,FIR/2024/KA01/00692,145,23,2024-03-08,2024,3,chargesheeted,FIR registered for Domestic Violence at Thakkar Path.,62.0,Male,1,13.112842397067089,77.57538877681087,0,0,1
1368,FIR/2024/KA01/00693,43,1,2024-11-06,2024,11,registered,Complaint received regarding theft of cash worth Rs.416920.,49.0,Other,1,13.127600818166151,77.64218473566056,0,0,0
1369,FIR/2022/KA01/00694,128,6,2022-07-04,2022,7,closed,FIR registered for Attempt to Murder at Gandhi.,39.0,Other,5,12.879034121299007,77.63943965043852,0,0,1
1370,FIR/2024/KA04/00034,259,28,2024-06-19,2024,6,closed,FIR registered for Criminal Trespass at Dey Circle.,51.0,Male,1,15.91397349826539,74.39965906418814,0,0,1
1371,FIR/2022/KA05/00042,296,16,2022-04-16,2022,4,chargesheeted,Victim lost Rs.454881 through online fraud/UPI scam.,,Female,5,17.32528619363814,76.71702981277508,1,0,1
1372,FIR/2023/KA05/00043,274,12,2023-10-16,2023,10,closed,Accused cheated complainant of Rs.149761 through false promises.,37.0,Male,1,17.21312115724287,76.6809880843201,0,1,1
1373,FIR/2022/KA01/00695,140,5,2022-12-25,2022,12,chargesheeted,Dead body found at Parmer Chowk. Prima facie case of murder registered.,57.0,Female,5,12.927993433084866,77.5111778493882,0,0,1
1374,FIR/2022/KA01/00696,113,1,2022-04-05,2022,4,chargesheeted,Complaint received regarding theft of two-wheeler worth Rs.36016.,,Female,4,13.04378411940347,77.60414534733827,0,0,1
1375,FIR/2023/KA30/00010,1114,13,2023-12-05,2023,12,pending_trial,FIR registered for Criminal Breach of Trust at Kata Chowk.,,Female,5,15.330521738775772,76.44235232339629,0,1,1
1376,FIR/2023/KA21/00022,865,31,2023-01-22,2023,1,under_investigation,FIR registered for Criminal Intimidation at Lalla Zila.,21.0,Female,2,13.18905270077788,78.11507802182037,0,0,0
1377,FIR/2023/KA16/00023,723,10,2023-12-15,2023,12,chargesheeted,FIR registered for Sexual Harassment at Kaur Path.,63.0,Male,1,14.729724445893064,75.2861711622022,0,0,1
1378,FIR/2024/KA01/00697,145,21,2024-09-03,2024,9,under_investigation,FIR registered for Dowry Prohibition Act at Jhaveri Nagar.,18.0,Other,1,13.100738373944298,77.58279088776578,0,0,0
1379,FIR/2024/KA01/00698,114,1,2024-04-27,2024,4,chargesheeted,Complaint received regarding theft of laptop worth Rs.191572.,24.0,Other,5,13.049376798127419,77.5062232055585,0,0,1
1380,FIR/2024/KA01/00699,47,17,2024-11-01,2024,11,chargesheeted,FIR registered for Cyber Crime - Identity Theft at Singh Marg.,70.0,Other,1,13.078278058382791,77.46098180433738,1,0,1
1381,FIR/2024/KA11/00043,522,24,2024-10-02,2024,10,closed,FIR registered for NDPS Act at Batra Chowk.,68.0,Male,3,15.133901659414454,76.81603543601307,0,0,1
1382,FIR/2023/KA01/00700,180,23,2023-09-27,2023,9,under_investigation,FIR registered for Domestic Violence at Naik Nagar.,54.0,Male,2,12.852810439209495,77.45774998249783,0,0,0
1383,FIR/2023/KA01/00701,67,1,2023-01-17,2023,1,registered,Complaint received regarding theft of laptop worth Rs.297122.,44.0,Female,4,12.960894868379457,77.74215951809398,0,0,0
1384,FIR/2024/KA01/00702,159,19,2024-01-13,2024,1,under_investigation,FIR registered for Cyber Crime - Phishing at Lall Road.,,Other,4,12.847744031870388,77.71525378233743,1,0,0
1385,FIR/2024/KA01/00703,71,1,2024-10-10,2024,10,closed,Complaint received regarding theft of gold chain worth Rs.162550.,45.0,Female,2,13.022644312413385,77.58595336642999,0,0,1
1386,FIR/2023/KA01/00704,39,14,2023-04-23,2023,4,under_investigation,FIR registered for Forgery at Radhakrishnan Marg.,56.0,Female,2,12.840508613560967,77.6579600308495,0,1,0
1387,FIR/2022/KA04/00035,261,1,2022-03-13,2022,3,under_investigation,Complaint received regarding theft of mobile phone worth Rs.51378.,34.0,Male,4,15.815776583839371,74.40390940612124,0,0,0
1388,FIR/2023/KA01/00705,38,17,2023-12-11,2023,12,pending_trial,FIR registered for Cyber Crime - Identity Theft at Krishnamurthy Circle.,27.0,Male,5,13.00581301432122,77.47367628875156,1,0,1
1389,FIR/2024/KA01/00706,84,19,2024-01-18,2024,1,closed,FIR registered for Cyber Crime - Phishing at Kapoor Marg.,44.0,Male,2,12.996078195513467,77.58920359485145,1,0,1
1390,FIR/2024/KA01/00707,15,16,2024-12-03,2024,12,chargesheeted,Victim lost Rs.362930 through online fraud/UPI scam.,30.0,Other,3,12.940380917805022,77.66114746229158,1,0,1
1391,FIR/2023/KA01/00708,91,9,2023-12-10,2023,12,pending_trial,FIR registered for Assault on Women at Pai Path.,41.0,Other,2,13.103458513857102,77.67826168182243,0,0,1
1392,FIR/2023/KA24/00012,934,27,2023-04-27,2023,4,registered,FIR registered for Hurt/Grievous Hurt at Subramaniam Chowk.,41.0,Other,5,16.732310329992078,76.972942576804,0,0,0
1393,FIR/2024/KA12/00036,565,12,2024-12-09,2024,12,under_investigation,Accused cheated complainant of Rs.413085 through false promises.,54.0,Other,3,16.881578179532415,75.80758364136956,0,1,0
1394,FIR/2024/KA01/00709,168,2,2024-07-19,2024,7,chargesheeted,FIR registered for House Breaking & Theft at Dewan Circle.,41.0,Male,4,12.983165753043508,77.59847552549623,0,0,1
1395,FIR/2024/KA05/00044,284,11,2024-05-13,2024,5,under_investigation,FIR registered for Kidnapping & Abduction at Gandhi Chowk.,22.0,Female,2,17.29599079096614,76.96600492636749,0,0,0
1396,FIR/2022/KA01/00710,8,9,2022-03-11,2022,3,under_investigation,FIR registered for Assault on Women at Bose Ganj.,71.0,Other,3,12.849745822788579,77.4862056379049,0,0,0
1397,FIR/2023/KA13/00029,626,22,2023-03-25,2023,3,under_investigation,FIR registered for POCSO Act at Mand Circle.,43.0,Female,4,16.075856954251066,77.2373239424699,0,0,0
1398,FIR/2024/KA10/00053,488,12,2024-04-01,2024,4,chargesheeted,Accused cheated complainant of Rs.76674 through false promises.,63.0,Other,1,13.307161803558587,77.07028023853425,0,1,1
1399,FIR/2024/KA01/00711,163,12,2024-05-02,2024,5,pending_trial,Accused cheated complainant of Rs.346135 through false promises.,75.0,Male,4,12.914782120662077,77.6921538970773,0,1,1
1400,FIR/2023/KA01/00712,90,1,2023-06-10,2023,6,under_investigation,Complaint received regarding theft of mobile phone worth Rs.242400.,67.0,Female,2,12.991967993090942,77.50726441496964,0,0,0
1401,FIR/2022/KA29/00025,1081,12,2022-01-01,2022,1,chargesheeted,Accused cheated complainant of Rs.264880 through false promises.,27.0,Male,1,14.40077641354331,75.93926131179721,0,1,1
1402,FIR/2022/KA01/00713,122,16,2022-02-18,2022,2,under_investigation,Victim lost Rs.114636 through online fraud/UPI scam.,60.0,Female,2,13.106307822840567,77.61622074238774,1,0,0
1403,FIR/2023/KA10/00054,465,7,2023-08-09,2023,8,under_investigation,FIR registered for Culpable Homicide at Srinivas Chowk.,59.0,Male,1,13.350193039224934,77.23744288553472,0,0,0
1404,FIR/2022/KA01/00714,128,12,2022-06-24,2022,6,closed,Accused cheated complainant of Rs.479447 through false promises.,26.0,Other,4,12.891784200022329,77.62885455203066,0,1,1
1405,FIR/2023/KA22/00012,890,12,2023-04-07,2023,4,chargesheeted,Accused cheated complainant of Rs.151096 through false promises.,20.0,Other,3,13.355940643717439,77.84392585593824,0,1,1
1406,FIR/2024/KA10/00055,467,13,2024-09-03,2024,9,registered,FIR registered for Criminal Breach of Trust at Bains Marg.,,Male,4,13.401431394509084,77.07930325601478,0,1,0
1407,FIR/2024/KA01/00715,23,27,2024-03-03,2024,3,under_investigation,FIR registered for Hurt/Grievous Hurt at Bassi Ganj.,19.0,Other,3,12.852557366577523,77.67104357072196,0,0,0
1408,FIR/2022/KA10/00056,453,4,2022-02-25,2022,2,pending_trial,FIR registered for Dacoity at Dyal Street.,28.0,Male,2,13.325175925205146,77.1342723382888,0,0,1
1409,FIR/2023/KA01/00716,172,18,2023-06-12,2023,6,chargesheeted,FIR registered for Cyber Crime - Hacking at Vala Street.,64.0,Male,5,13.026583013364101,77.55833053926989,1,0,1
1410,FIR/2022/KA01/00717,144,10,2022-11-28,2022,11,chargesheeted,FIR registered for Sexual Harassment at Din Nagar.,57.0,Female,2,12.974391783853362,77.53178434398441,0,0,1
1411,FIR/2024/KA01/00718,141,2,2024-03-21,2024,3,chargesheeted,FIR registered for House Breaking & Theft at Ganesan Nagar.,56.0,Other,2,13.09587396692685,77.59938062298635,0,0,1
1412,FIR/2023/KA01/00719,75,1,2023-08-23,2023,8,chargesheeted,Complaint received regarding theft of two-wheeler worth Rs.414919.,32.0,Female,4,12.852408304400466,77.6887233228104,0,0,1
1413,FIR/2023/KA06/00038,341,29,2023-01-16,2023,1,under_investigation,FIR registered for Mischief at Ravi Circle.,,Male,4,12.812692371749948,74.7483574878844,0,0,0
1414,FIR/2023/KA01/00720,124,27,2023-02-25,2023,2,chargesheeted,FIR registered for Hurt/Grievous Hurt at Bahl.,24.0,Male,4,13.006860251507035,77.7368250289909,0,0,1
1415,FIR/2024/KA01/00721,29,17,2024-06-21,2024,6,closed,FIR registered for Cyber Crime - Identity Theft at Chada Road.,72.0,Female,4,12.84196571535118,77.67129879217045,1,0,1
1416,FIR/2022/KA01/00722,143,9,2022-09-28,2022,9,under_investigation,FIR registered for Assault on Women at Sen Ganj.,66.0,Female,2,12.945915944266861,77.47887212197836,0,0,0
1417,FIR/2023/KA01/00723,55,12,2023-04-23,2023,4,pending_trial,Accused cheated complainant of Rs.89612 through false promises.,66.0,Other,3,12.886692252281767,77.7077387465841,0,1,1
1418,FIR/2024/KA01/00724,29,33,2024-09-22,2024,9,closed,FIR registered for Road Accident Death at Garde Chowk.,40.0,Female,1,12.82012507757063,77.67365911542856,0,0,1
1419,FIR/2022/KA06/00039,326,27,2022-10-11,2022,10,under_investigation,FIR registered for Hurt/Grievous Hurt at Roy Ganj.,75.0,Other,4,12.936759729973895,74.78831168377097,0,0,0
1420,FIR/2024/KA01/00725,171,19,2024-11-04,2024,11,chargesheeted,FIR registered for Cyber Crime - Phishing at Dhar.,70.0,Male,1,12.848938673186362,77.50368921233472,1,0,1
1421,FIR/2024/KA14/00035,657,8,2024-09-10,2024,9,closed,Victim reported sexual assault incident at Gopal. Medical examination conducted.,,Other,1,15.529393061704747,75.02979167135386,0,0,1
1422,FIR/2024/KA01/00726,45,29,2024-07-22,2024,7,registered,FIR registered for Mischief at Vaidya.,71.0,Other,4,13.004367038960153,77.50907865275504,0,0,0
1423,FIR/2022/KA01/00727,64,23,2022-06-24,2022,6,under_investigation,FIR registered for Domestic Violence at Ganesh Road.,54.0,Male,2,12.856221339591206,77.62624052939323,0,0,0
1424,FIR/2023/KA01/00728,146,16,2023-06-03,2023,6,under_investigation,Victim lost Rs.42759 through online fraud/UPI scam.,61.0,Female,3,12.82454560834158,77.58710227953576,1,0,0
1425,FIR/2023/KA27/00046,1013,21,2023-11-03,2023,11,chargesheeted,FIR registered for Dowry Prohibition Act at Biswas.,46.0,Other,4,16.06533210806705,75.63906551052551,0,0,1
1426,FIR/2022/KA16/00024,717,35,2022-08-26,2022,8,registered,FIR registered for SC/ST Atrocities Act at Radhakrishnan Ganj.,28.0,Other,1,14.703061825870618,75.37522808871914,0,0,0
1427,FIR/2024/KA29/00026,1104,1,2024-08-04,2024,8,under_investigation,Complaint received regarding theft of mobile phone worth Rs.83470.,,Male,5,14.373143036455602,75.93482009930266,0,0,0
1428,FIR/2023/KA01/00729,101,1,2023-10-13,2023,10,chargesheeted,Complaint received regarding theft of cash worth Rs.344353.,54.0,Other,4,12.989195777517972,77.53490494747328,0,0,1
1429,FIR/2022/KA09/00026,444,12,2022-08-16,2022,8,under_investigation,Accused cheated complainant of Rs.408959 through false promises.,59.0,Female,1,13.81556329040311,75.45756975582583,0,1,0
1430,FIR/2023/KA06/00040,347,30,2023-10-17,2023,10,chargesheeted,FIR registered for Extortion at Saini Circle.,71.0,Other,2,12.864130184745003,74.73024951177182,0,0,1
1431,FIR/2022/KA01/00730,78,13,2022-12-23,2022,12,under_investigation,FIR registered for Criminal Breach of Trust at Char Street.,42.0,Female,3,13.072573043964052,77.54209251693501,0,1,0
1432,FIR/2023/KA17/00028,740,27,2023-11-24,2023,11,closed,FIR registered for Hurt/Grievous Hurt at Soni Street.,20.0,Male,1,14.362379740328924,76.47318891388005,0,0,1
1433,FIR/2023/KA01/00731,127,27,2023-01-25,2023,1,under_investigation,FIR registered for Hurt/Grievous Hurt at Barad.,47.0,Female,4,12.849622506589103,77.68504566665732,0,0,0
1434,FIR/2024/KA17/00029,752,19,2024-03-14,2024,3,pending_trial,FIR registered for Cyber Crime - Phishing at Thakur Circle.,60.0,Female,4,14.172648547809167,76.40606283428139,1,0,1
1435,FIR/2024/KA06/00041,346,12,2024-10-15,2024,10,pending_trial,Accused cheated complainant of Rs.225090 through false promises.,40.0,Female,1,12.88630626258573,74.8399010347832,0,1,1
1436,FIR/2022/KA04/00036,261,18,2022-01-14,2022,1,under_investigation,FIR registered for Cyber Crime - Hacking at De Chowk.,20.0,Other,4,15.828160059779286,74.38972585224612,1,0,0
1437,FIR/2022/KA08/00025,408,17,2022-10-06,2022,10,pending_trial,FIR registered for Cyber Crime - Identity Theft at Zacharia.,54.0,Other,3,12.935717127443226,76.07350481748419,1,0,1
1438,FIR/2024/KA01/00732,22,18,2024-04-11,2024,4,under_investigation,FIR registered for Cyber Crime - Hacking at Sankar Nagar.,29.0,Female,3,12.924694878366443,77.72012464791712,1,0,0
1439,FIR/2024/KA03/00018,230,3,2024-08-14,2024,8,chargesheeted,Complainant robbed at Salvi Circle by 2 armed persons.,72.0,Female,5,12.260632235509684,76.58583381070802,0,0,1
1440,FIR/2022/KA01/00733,29,13,2022-09-27,2022,9,chargesheeted,FIR registered for Criminal Breach of Trust at Bassi Path.,36.0,Female,4,12.814964547097485,77.67971198571468,0,1,1
1441,FIR/2023/KA01/00734,67,2,2023-05-28,2023,5,pending_trial,FIR registered for House Breaking & Theft at Sanghvi Circle.,34.0,Male,3,12.947212468501005,77.72289987712568,0,0,1
1442,FIR/2023/KA01/00735,19,12,2023-10-19,2023,10,under_investigation,Accused cheated complainant of Rs.132117 through false promises.,46.0,Female,2,13.055090796632086,77.45216656802185,0,1,0
1443,FIR/2024/KA01/00736,174,12,2024-07-09,2024,7,registered,Accused cheated complainant of Rs.94830 through false promises.,55.0,Female,5,12.954529129685493,77.54080455007593,0,1,0
1444,FIR/2022/KA01/00737,53,16,2022-08-24,2022,8,pending_trial,Victim lost Rs.355752 through online fraud/UPI scam.,,Male,1,12.942084526985639,77.72301025441307,1,0,1
1445,FIR/2023/KA01/00738,26,17,2023-10-15,2023,10,under_investigation,FIR registered for Cyber Crime - Identity Theft at Desai Marg.,48.0,Female,3,12.851704511226304,77.47823788467996,1,0,0
1446,FIR/2024/KA22/00013,875,16,2024-04-10,2024,4,chargesheeted,Victim lost Rs.199271 through online fraud/UPI scam.,55.0,Male,2,13.556440694225202,77.59196742560806,1,0,1
1447,FIR/2022/KA01/00739,18,1,2022-05-09,2022,5,chargesheeted,Complaint received regarding theft of gold chain worth Rs.205016.,57.0,Male,5,12.995784307224442,77.59278043268127,0,0,1
1448,FIR/2024/KA01/00740,67,16,2024-12-28,2024,12,under_investigation,Victim lost Rs.413307 through online fraud/UPI scam.,73.0,Female,3,12.957071867185558,77.74165176593336,1,0,0
1449,FIR/2024/KA01/00741,17,35,2024-09-23,2024,9,chargesheeted,FIR registered for SC/ST Atrocities Act at Gulati Road.,71.0,Female,1,12.897258089482044,77.58048776471033,0,0,1
1450,FIR/2022/KA01/00742,107,1,2022-02-19,2022,2,chargesheeted,Complaint received regarding theft of mobile phone worth Rs.141887.,30.0,Female,3,12.854849950930323,77.70346549064202,0,0,1
1451,FIR/2023/KA01/00743,46,1,2023-02-08,2023,2,pending_trial,Complaint received regarding theft of cash worth Rs.199503.,36.0,Male,2,13.047104542831717,77.44856485320663,0,0,1
1452,FIR/2024/KA01/00744,89,11,2024-11-24,2024,11,under_investigation,FIR registered for Kidnapping & Abduction at Venkatesh Zila.,29.0,Female,4,12.84075449114371,77.66294625730833,0,0,0
1453,FIR/2022/KA11/00044,499,35,2022-05-08,2022,5,chargesheeted,FIR registered for SC/ST Atrocities Act at Prashad Nagar.,52.0,Male,1,15.1944737567633,76.90137226089661,0,0,1
1454,FIR/2022/KA01/00745,138,16,2022-11-11,2022,11,chargesheeted,Victim lost Rs.303362 through online fraud/UPI scam.,55.0,Male,2,13.018020838942503,77.51691474372389,1,0,1
1455,FIR/2024/KA01/00746,2,21,2024-11-22,2024,11,pending_trial,FIR registered for Dowry Prohibition Act at Pathak Marg.,,Female,2,13.044351879712801,77.70433792298455,0,0,1
1456,FIR/2023/KA01/00747,148,14,2023-06-02,2023,6,under_investigation,FIR registered for Forgery at Dubey Zila.,28.0,Male,5,13.110864078001118,77.49562123687497,0,1,0
1457,FIR/2022/KA01/00748,9,10,2022-07-11,2022,7,under_investigation,FIR registered for Sexual Harassment at Kulkarni Marg.,26.0,Other,2,12.905900339332941,77.44698592479268,0,0,0
1458,FIR/2023/KA01/00749,36,4,2023-03-01,2023,3,under_investigation,FIR registered for Dacoity at Wason Road.,74.0,Male,2,12.949060662532407,77.46605074249675,0,0,0
1459,FIR/2023/KA12/00037,563,9,2023-07-15,2023,7,chargesheeted,FIR registered for Assault on Women at Pau Marg.,41.0,Male,4,16.9789921111721,75.80959377809188,0,0,1
1460,FIR/2022/KA01/00750,85,1,2022-08-20,2022,8,chargesheeted,Complaint received regarding theft of gold chain worth Rs.135612.,59.0,Female,2,13.08735700161643,77.66956848521313,0,0,1
1461,FIR/2023/KA15/00011,685,21,2023-03-08,2023,3,closed,FIR registered for Dowry Prohibition Act at Jani Marg.,28.0,Male,1,15.483688392879145,75.56299655486474,0,0,1
1462,FIR/2022/KA01/00751,171,32,2022-03-02,2022,3,under_investigation,FIR registered for Missing Person at Subramanian Marg.,69.0,Other,1,12.833150679154818,77.51978697311158,0,0,0
1463,FIR/2024/KA01/00752,101,11,2024-03-22,2024,3,closed,FIR registered for Kidnapping & Abduction at Prabhakar Street.,,Other,4,13.017222672968664,77.53866374012225,0,0,1
1464,FIR/2024/KA30/00011,1127,5,2024-09-15,2024,9,chargesheeted,Dead body found at Sule Circle. Prima facie case of murder registered.,62.0,Female,3,15.449150610876933,76.47939279884729,0,0,1
1465,FIR/2023/KA17/00030,761,3,2023-10-26,2023,10,closed,Complainant robbed at Mohanty Road by 3 armed persons.,,Female,5,14.337763600109346,76.31658388675514,0,0,1
1466,FIR/2022/KA01/00753,147,34,2022-08-05,2022,8,closed,FIR registered for Immoral Traffic Act at Padmanabhan.,73.0,Male,2,12.828408073530154,77.73573788809637,0,0,1
1467,FIR/2024/KA15/00012,691,10,2024-10-26,2024,10,chargesheeted,FIR registered for Sexual Harassment at Devi Marg.,50.0,Other,2,15.358845172606769,75.7285617114385,0,0,1
1468,FIR/2024/KA01/00754,151,17,2024-11-07,2024,11,chargesheeted,FIR registered for Cyber Crime - Identity Theft at Karpe Zila.,,Male,1,13.022541056795342,77.71848903245775,1,0,1
1469,FIR/2022/KA16/00025,705,28,2022-08-17,2022,8,registered,FIR registered for Criminal Trespass at Edwin Chowk.,65.0,Other,1,14.8065683854178,75.34810221606303,0,0,0
1470,FIR/2023/KA11/00045,510,1,2023-02-15,2023,2,closed,Complaint received regarding theft of laptop worth Rs.157750.,32.0,Other,2,15.255881871116985,76.80174827815688,0,0,1
1471,FIR/2023/KA04/00037,273,12,2023-10-20,2023,10,under_investigation,Accused cheated complainant of Rs.98429 through false promises.,75.0,Male,4,15.956596946496923,74.42537711559667,0,1,0
1472,FIR/2024/KA31/00010,1139,1,2024-08-13,2024,8,closed,Complaint received regarding theft of two-wheeler worth Rs.120506.,19.0,Female,3,11.997019140711409,77.06299347491637,0,0,1
1473,FIR/2022/KA01/00755,142,1,2022-03-13,2022,3,chargesheeted,Complaint received regarding theft of gold chain worth Rs.314908.,30.0,Male,1,13.028194243055456,77.48244215889702,0,0,1
1474,FIR/2024/KA27/00047,1037,29,2024-04-10,2024,4,under_investigation,FIR registered for Mischief at Chand Nagar.,71.0,Other,4,16.27261998288799,75.59701542435815,0,0,0
1475,FIR/2023/KA30/00012,1125,3,2023-06-01,2023,6,under_investigation,Complainant robbed at Sinha Street by 2 armed persons.,,Female,5,15.321011662321068,76.60216420943459,0,0,0
1476,FIR/2023/KA10/00057,479,14,2023-11-12,2023,11,registered,FIR registered for Forgery at Saran.,57.0,Other,2,13.287702438087923,77.20487343349944,0,1,0
1477,FIR/2023/KA01/00756,129,18,2023-04-06,2023,4,pending_trial,FIR registered for Cyber Crime - Hacking at Bhatt Zila.,35.0,Male,4,12.983830276009682,77.51534061201683,1,0,1
1478,FIR/2023/KA01/00757,58,13,2023-03-06,2023,3,pending_trial,FIR registered for Criminal Breach of Trust at Kapadia Road.,74.0,Female,3,12.873202477926407,77.57596239543675,0,1,1
1479,FIR/2024/KA05/00045,303,3,2024-10-05,2024,10,registered,Complainant robbed at Buch Path by 2 armed persons.,36.0,Male,1,17.420829212882296,76.81850641484732,0,0,0
1480,FIR/2024/KA01/00758,10,11,2024-07-07,2024,7,registered,FIR registered for Kidnapping & Abduction at Barad.,62.0,Other,4,13.102838655456273,77.54793455003956,0,0,0
1481,FIR/2024/KA05/00046,294,6,2024-11-24,2024,11,closed,FIR registered for Attempt to Murder at Rattan Marg.,29.0,Male,4,17.409747328440424,76.93780297997118,0,0,1
1482,FIR/2024/KA05/00047,299,27,2024-05-20,2024,5,chargesheeted,FIR registered for Hurt/Grievous Hurt at Verma.,64.0,Male,2,17.283444051264976,76.99309932475475,0,0,1
1483,FIR/2022/KA07/00011,377,14,2022-01-02,2022,1,under_investigation,FIR registered for Forgery at Bhandari Road.,28.0,Male,1,13.236176208909304,74.78166560037994,0,1,0
1484,FIR/2023/KA01/00759,94,12,2023-03-26,2023,3,registered,Accused cheated complainant of Rs.273100 through false promises.,52.0,Male,4,13.033720594728814,77.56079441850815,0,1,0
1485,FIR/2022/KA02/00013,204,9,2022-07-10,2022,7,closed,FIR registered for Assault on Women at Anne Chowk.,34.0,Other,5,13.064263505669315,77.6468001554842,0,0,1
1486,FIR/2024/KA01/00760,178,9,2024-05-25,2024,5,under_investigation,FIR registered for Assault on Women at Vasa Ganj.,50.0,Female,4,13.121284237877731,77.69360666169207,0,0,0
1487,FIR/2024/KA01/00761,9,17,2024-06-17,2024,6,under_investigation,FIR registered for Cyber Crime - Identity Theft at Hayer Road.,73.0,Female,3,12.91195883168118,77.44238507820003,1,0,0
1488,FIR/2022/KA01/00762,63,13,2022-07-24,2022,7,under_investigation,FIR registered for Criminal Breach of Trust at Uppal Nagar.,27.0,Other,4,12.851491532686005,77.6524828271098,0,1,0
1489,FIR/2023/KA08/00026,408,16,2023-04-06,2023,4,registered,Victim lost Rs.28840 through online fraud/UPI scam.,34.0,Other,2,12.96205650741046,76.05017771598573,1,0,0
1490,FIR/2022/KA03/00019,225,30,2022-12-16,2022,12,pending_trial,FIR registered for Extortion at Gara.,,Other,4,12.378101969871933,76.58466605630298,0,0,1
1491,FIR/2023/KA01/00763,9,28,2023-10-20,2023,10,chargesheeted,FIR registered for Criminal Trespass at Parsa Nagar.,50.0,Other,2,12.8853917465909,77.45961710985061,0,0,1
1492,FIR/2024/KA23/00013,913,18,2024-01-08,2024,1,closed,FIR registered for Cyber Crime - Hacking at Acharya Ganj.,65.0,Male,1,12.633823518328363,77.25018342101582,1,0,1
1493,FIR/2024/KA01/00764,155,24,2024-04-24,2024,4,under_investigation,FIR registered for NDPS Act at Chadha Street.,24.0,Male,3,12.899727332145696,77.64682349841452,0,0,0
1494,FIR/2022/KA05/00048,305,2,2022-03-09,2022,3,under_investigation,FIR registered for House Breaking & Theft at Ratta Road.,18.0,Female,5,17.39331049853237,76.8435761933547,0,0,0
1495,FIR/2023/KA01/00765,72,5,2023-10-06,2023,10,chargesheeted,Dead body found at Rana Path. Prima facie case of murder registered.,,Female,5,12.832295259027541,77.61750856398828,0,0,1
1496,FIR/2023/KA05/00049,282,17,2023-08-25,2023,8,chargesheeted,FIR registered for Cyber Crime - Identity Theft at Iyer Marg.,53.0,Male,5,17.220724551477,76.93412458120143,1,0,1
1497,FIR/2022/KA08/00027,388,1,2022-04-07,2022,4,closed,Complaint received regarding theft of laptop worth Rs.476926.,58.0,Male,5,13.111136038224734,75.99748170136307,0,0,1
1498,FIR/2022/KA01/00766,62,16,2022-07-06,2022,7,under_investigation,Victim lost Rs.134935 through online fraud/UPI scam.,67.0,Male,1,13.056047899885412,77.4786338766336,1,0,0
1499,FIR/2024/KA01/00767,102,12,2024-11-17,2024,11,closed,Accused cheated complainant of Rs.476895 through false promises.,27.0,Male,5,13.017428946885378,77.6072705926112,0,1,1
1500,FIR/2024/KA01/00768,5,19,2024-04-12,2024,4,closed,FIR registered for Cyber Crime - Phishing at Pall Circle.,38.0,Other,1,12.94369842483159,77.59518912201044,1,0,1
1501,FIR/2022/KA15/00013,689,33,2022-08-13,2022,8,under_investigation,FIR registered for Road Accident Death at Malhotra Path.,28.0,Male,5,15.494641866950886,75.70895302389185,0,0,0
1502,FIR/2023/KA01/00769,56,29,2023-05-08,2023,5,closed,FIR registered for Mischief at Hayer Ganj.,44.0,Male,4,13.095118835553876,77.48176474241741,0,0,1
1503,FIR/2024/KA05/00050,295,21,2024-06-19,2024,6,under_investigation,FIR registered for Dowry Prohibition Act at Raval Chowk.,37.0,Female,4,17.3598298031869,76.70066727741975,0,0,0
1504,FIR/2024/KA27/00048,1005,7,2024-12-27,2024,12,closed,FIR registered for Culpable Homicide at Agrawal.,70.0,Female,5,16.157377888477004,75.71553059713996,0,0,1
1505,FIR/2022/KA01/00770,103,29,2022-06-19,2022,6,closed,FIR registered for Mischief at Gill Road.,57.0,Other,5,12.881244176044437,77.47601296381167,0,0,1
1506,FIR/2022/KA01/00771,83,30,2022-06-11,2022,6,under_investigation,FIR registered for Extortion at Toor Marg.,18.0,Female,3,12.876309777225169,77.74171226303174,0,0,0
1507,FIR/2024/KA01/00772,80,1,2024-10-01,2024,10,chargesheeted,Complaint received regarding theft of laptop worth Rs.79826.,37.0,Male,4,12.88564277230249,77.6307252911662,0,0,1
1508,FIR/2022/KA01/00773,180,21,2022-01-18,2022,1,registered,FIR registered for Dowry Prohibition Act at Menon Circle.,49.0,Female,5,12.829332733363385,77.46567027730829,0,0,0
1509,FIR/2023/KA13/00030,611,25,2023-10-10,2023,10,under_investigation,FIR registered for Arms Act at Dada Path.,69.0,Other,3,16.267777782480167,77.40859473327521,0,0,0
1510,FIR/2024/KA01/00774,148,3,2024-05-27,2024,5,chargesheeted,Complainant robbed at Kurian Circle by 4 armed persons.,52.0,Other,1,13.126373659995085,77.49612669181883,0,0,1
1511,FIR/2023/KA09/00027,447,33,2023-10-18,2023,10,registered,FIR registered for Road Accident Death at Krishna Circle.,28.0,Other,5,13.874483141585142,75.62064053119192,0,0,0
1512,FIR/2024/KA14/00036,655,25,2024-06-06,2024,6,under_investigation,FIR registered for Arms Act at Purohit Chowk.,47.0,Male,4,15.382530590546214,75.01311807785375,0,0,0
1513,FIR/2022/KA29/00027,1074,12,2022-01-01,2022,1,closed,Accused cheated complainant of Rs.146851 through false promises.,24.0,Male,1,14.518040278423447,75.84374495890295,0,1,1
1514,FIR/2023/KA10/00058,482,23,2023-09-07,2023,9,closed,FIR registered for Domestic Violence at Nori Ganj.,70.0,Other,5,13.45000844762172,77.21643017570761,0,0,1
1515,FIR/2023/KA01/00775,75,16,2023-08-09,2023,8,closed,Victim lost Rs.295105 through online fraud/UPI scam.,73.0,Male,1,12.854899092925267,77.71312825372239,1,0,1
1516,FIR/2024/KA01/00776,154,19,2024-06-01,2024,6,registered,FIR registered for Cyber Crime - Phishing at Bala.,66.0,Other,4,13.020176900590949,77.48294318142719,1,0,0
1517,FIR/2022/KA01/00777,84,12,2022-10-12,2022,10,chargesheeted,Accused cheated complainant of Rs.482710 through false promises.,24.0,Other,3,12.997794164734524,77.5605692758455,0,1,1
1518,FIR/2024/KA01/00778,72,26,2024-08-18,2024,8,chargesheeted,FIR registered for Riots at Bir Road.,50.0,Female,1,12.830540107781387,77.63218077976278,0,0,1
1519,FIR/2024/KA01/00779,133,24,2024-03-14,2024,3,closed,FIR registered for NDPS Act at Kannan Marg.,31.0,Female,3,12.976919223956566,77.4481950097512,0,0,1
1520,FIR/2024/KA20/00033,809,2,2024-04-09,2024,4,pending_trial,FIR registered for House Breaking & Theft at Mutti Ganj.,20.0,Female,4,12.443901349808115,76.74663676400647,0,0,1
1521,FIR/2022/KA01/00780,136,10,2022-07-18,2022,7,pending_trial,FIR registered for Sexual Harassment at Pandit Marg.,20.0,Female,2,12.938623897405778,77.65568484070731,0,0,1
1522,FIR/2022/KA01/00781,175,1,2022-06-12,2022,6,chargesheeted,Complaint received regarding theft of laptop worth Rs.462306.,45.0,Male,2,12.896932628409596,77.46769800146106,0,0,1
1523,FIR/2024/KA01/00782,114,27,2024-10-01,2024,10,under_investigation,FIR registered for Hurt/Grievous Hurt at Lall Nagar.,19.0,Female,4,13.052699127156377,77.51153766306973,0,0,0
1524,FIR/2024/KA01/00783,109,28,2024-05-18,2024,5,under_investigation,FIR registered for Criminal Trespass at Mani Ganj.,38.0,Male,1,12.893076126572636,77.65679024638074,0,0,0
1525,FIR/2024/KA13/00031,623,2,2024-09-08,2024,9,under_investigation,FIR registered for House Breaking & Theft at Rastogi Zila.,36.0,Female,3,16.14132945440746,77.214913965687,0,0,0
1526,FIR/2023/KA27/00049,1030,22,2023-10-02,2023,10,registered,FIR registered for POCSO Act at Borra Path.,23.0,Male,4,16.31461614230297,75.77767603757289,0,0,0
1527,FIR/2023/KA01/00784,180,19,2023-03-21,2023,3,pending_trial,FIR registered for Cyber Crime - Phishing at Gokhale Circle.,52.0,Other,5,12.84451525606584,77.46565742013816,1,0,1
1528,FIR/2024/KA01/00785,44,9,2024-09-11,2024,9,chargesheeted,FIR registered for Assault on Women at Murthy Chowk.,55.0,Other,3,12.943858447214504,77.53263992599746,0,0,1
1529,FIR/2024/KA20/00034,839,1,2024-03-23,2024,3,closed,Complaint received regarding theft of mobile phone worth Rs.217902.,38.0,Female,3,12.584350911263714,76.8481890670083,0,0,1
1530,FIR/2024/KA01/00786,118,21,2024-01-11,2024,1,pending_trial,FIR registered for Dowry Prohibition Act at Luthra.,56.0,Male,3,13.050076474250707,77.57351525252737,0,0,1
1531,FIR/2023/KA16/00026,722,35,2023-08-08,2023,8,closed,FIR registered for SC/ST Atrocities Act at Gupta Street.,73.0,Other,3,14.92603139937534,75.38727282864598,0,0,1
1532,FIR/2024/KA20/00035,833,1,2024-08-04,2024,8,under_investigation,Complaint received regarding theft of gold chain worth Rs.373222.,36.0,Other,2,12.584514880970172,76.90459972035657,0,0,0
1533,FIR/2022/KA12/00038,584,21,2022-09-18,2022,9,registered,FIR registered for Dowry Prohibition Act at Khurana Ganj.,73.0,Male,2,16.84499583707377,75.78177638992487,0,0,0
1534,FIR/2022/KA21/00023,863,2,2022-10-06,2022,10,under_investigation,FIR registered for House Breaking & Theft at Jhaveri Road.,74.0,Male,5,13.258420695148178,78.1970961555833,0,0,0
1535,FIR/2024/KA11/00046,545,14,2024-08-18,2024,8,chargesheeted,FIR registered for Forgery at Jain Ganj.,61.0,Male,3,15.206409571026512,77.06270681362494,0,1,1
1536,FIR/2024/KA01/00787,138,2,2024-05-14,2024,5,under_investigation,FIR registered for House Breaking & Theft at Parekh Ganj.,48.0,Other,1,12.986637086628402,77.51334300237355,0,0,0
1537,FIR/2024/KA05/00051,274,2,2024-02-12,2024,2,under_investigation,FIR registered for House Breaking & Theft at Chhabra Street.,42.0,Female,1,17.20271282667279,76.69317172330234,0,0,0
1538,FIR/2023/KA02/00014,195,18,2023-07-06,2023,7,chargesheeted,FIR registered for Cyber Crime - Hacking at Brar Zila.,32.0,Male,4,13.338335068792482,77.66553204864537,1,0,1
1539,FIR/2024/KA17/00031,757,27,2024-05-13,2024,5,chargesheeted,FIR registered for Hurt/Grievous Hurt at Ahuja Chowk.,,Other,5,14.092665489737003,76.48696772569272,0,0,1
1540,FIR/2024/KA01/00788,38,28,2024-01-04,2024,1,registered,FIR registered for Criminal Trespass at Basak Circle.,54.0,Male,5,13.008043833701715,77.48153341267631,0,0,0
1541,FIR/2024/KA11/00047,517,12,2024-11-23,2024,11,under_investigation,Accused cheated complainant of Rs.374241 through false promises.,44.0,Other,5,15.129194375187577,77.04446759360665,0,1,0
1542,FIR/2023/KA12/00039,557,1,2023-11-10,2023,11,under_investigation,Complaint received regarding theft of cash worth Rs.412098.,75.0,Other,5,16.703770885809487,75.78547555702004,0,0,0
1543,FIR/2024/KA23/00014,899,1,2024-08-06,2024,8,chargesheeted,Complaint received regarding theft of gold chain worth Rs.436953.,63.0,Other,3,12.779145348871678,77.26974073645302,0,0,1
1544,FIR/2022/KA10/00059,492,19,2022-09-24,2022,9,under_investigation,FIR registered for Cyber Crime - Phishing at Goswami Chowk.,46.0,Other,5,13.476416430971126,77.09045152564228,1,0,0
1545,FIR/2023/KA01/00789,90,35,2023-11-22,2023,11,closed,FIR registered for SC/ST Atrocities Act at Mammen Circle.,52.0,Male,5,13.024090156535351,77.4890401285976,0,0,1
1546,FIR/2022/KA14/00037,643,12,2022-02-15,2022,2,registered,Accused cheated complainant of Rs.398537 through false promises.,34.0,Female,1,15.485526302469335,75.15549320137774,0,1,0
1547,FIR/2024/KA01/00790,4,16,2024-04-14,2024,4,chargesheeted,Victim lost Rs.279240 through online fraud/UPI scam.,24.0,Male,2,12.838605778113854,77.5097788128474,1,0,1
1548,FIR/2023/KA01/00791,133,11,2023-04-17,2023,4,chargesheeted,FIR registered for Kidnapping & Abduction at Vora Nagar.,54.0,Male,5,12.980819859883857,77.46294736430951,0,0,1
1549,FIR/2024/KA03/00020,222,12,2024-09-03,2024,9,under_investigation,Accused cheated complainant of Rs.307219 through false promises.,19.0,Other,5,12.195460646824396,76.56124165342798,0,1,0
1550,FIR/2022/KA01/00792,182,16,2022-12-19,2022,12,chargesheeted,Victim lost Rs.441938 through online fraud/UPI scam.,54.0,Male,3,12.817904915882291,77.53231296075221,1,0,1
1551,FIR/2022/KA29/00028,1104,5,2022-07-14,2022,7,chargesheeted,Dead body found at Palan Circle. Prima facie case of murder registered.,,Other,3,14.393177540914712,75.92770044170298,0,0,1
1552,FIR/2023/KA10/00060,471,18,2023-01-25,2023,1,chargesheeted,FIR registered for Cyber Crime - Hacking at Ghosh Marg.,61.0,Female,1,13.352022152123096,77.16518251490268,1,0,1
1553,FIR/2022/KA01/00793,152,26,2022-10-08,2022,10,closed,FIR registered for Riots at Dara Chowk.,52.0,Male,5,13.086780354893897,77.7263109508233,0,0,1
1554,FIR/2023/KA17/00032,740,19,2023-11-28,2023,11,under_investigation,FIR registered for Cyber Crime - Phishing at Sharma Circle.,,Male,5,14.352059604007469,76.48051045964647,1,0,0
1555,FIR/2024/KA01/00794,165,6,2024-02-28,2024,2,chargesheeted,FIR registered for Attempt to Murder at Anand Path.,74.0,Male,3,12.993187096641849,77.55673854155451,0,0,1
1556,FIR/2023/KA02/00015,201,9,2023-07-03,2023,7,pending_trial,FIR registered for Assault on Women at Kade Nagar.,43.0,Male,4,13.206993635792086,77.45674128475615,0,0,1
1557,FIR/2024/KA31/00011,1136,12,2024-09-24,2024,9,chargesheeted,Accused cheated complainant of Rs.133631 through false promises.,69.0,Other,1,11.895336580303882,76.96523825317844,0,1,1
1558,FIR/2022/KA01/00795,124,1,2022-09-11,2022,9,pending_trial,Complaint received regarding theft of laptop worth Rs.52368.,36.0,Female,2,13.005310928751307,77.73434049006651,0,0,1
1559,FIR/2022/KA01/00796,151,3,2022-07-27,2022,7,under_investigation,Complainant robbed at Lad by 2 armed persons.,68.0,Male,1,12.998561234172517,77.7235639733365,0,0,0
1560,FIR/2024/KA26/00007,970,28,2024-11-20,2024,11,registered,FIR registered for Criminal Trespass at Lall Street.,29.0,Female,1,15.345659412549498,76.18518509094265,0,0,0
1561,FIR/2022/KA01/00797,61,1,2022-07-25,2022,7,chargesheeted,Complaint received regarding theft of laptop worth Rs.7456.,36.0,Male,5,13.013865272135767,77.6760415172998,0,0,1
1562,FIR/2023/KA12/00040,555,33,2023-05-03,2023,5,closed,FIR registered for Road Accident Death at Oza Chowk.,57.0,Other,4,16.963682985268587,75.55762719244224,0,0,1
1563,FIR/2023/KA01/00798,43,16,2023-04-11,2023,4,chargesheeted,Victim lost Rs.219745 through online fraud/UPI scam.,,Female,1,13.101643936471019,77.6463341527825,1,0,1
1564,FIR/2024/KA01/00799,135,19,2024-09-01,2024,9,under_investigation,FIR registered for Cyber Crime - Phishing at Samra Chowk.,44.0,Male,4,13.07116983627201,77.63159560262308,1,0,0
1565,FIR/2024/KA01/00800,40,1,2024-02-09,2024,2,chargesheeted,Complaint received regarding theft of gold chain worth Rs.242653.,55.0,Male,5,13.012204541049673,77.7171115844913,0,0,1
1566,FIR/2022/KA01/00801,84,1,2022-01-19,2022,1,under_investigation,Complaint received regarding theft of mobile phone worth Rs.224356.,62.0,Other,5,12.992171847062705,77.5805882164416,0,0,0
1567,FIR/2024/KA01/00802,14,12,2024-01-19,2024,1,under_investigation,Accused cheated complainant of Rs.286323 through false promises.,50.0,Female,3,12.919838750593156,77.64548095200566,0,1,0
1568,FIR/2024/KA01/00803,123,13,2024-06-04,2024,6,closed,FIR registered for Criminal Breach of Trust at Gole Chowk.,75.0,Female,2,13.110675332076001,77.46593943512414,0,1,1
1569,FIR/2024/KA02/00016,187,28,2024-05-07,2024,5,registered,FIR registered for Criminal Trespass at Deep.,66.0,Female,3,13.21157838653542,77.61446466440874,0,0,0
1570,FIR/2023/KA01/00804,4,26,2023-01-07,2023,1,under_investigation,FIR registered for Riots at Karnik.,31.0,Other,4,12.827288498606414,77.51414751571487,0,0,0
1571,FIR/2024/KA30/00013,1118,14,2024-09-08,2024,9,closed,FIR registered for Forgery at Madan Zila.,46.0,Male,3,15.28223472357814,76.35836240502991,0,1,1
1572,FIR/2023/KA13/00032,605,5,2023-10-01,2023,10,chargesheeted,Dead body found at Sankaran Ganj. Prima facie case of murder registered.,70.0,Other,4,16.32997198504805,77.37722358837584,0,0,1
1573,FIR/2022/KA30/00014,1126,28,2022-03-13,2022,3,under_investigation,FIR registered for Criminal Trespass at Hayre Marg.,34.0,Male,2,15.313865257828562,76.47601975039818,0,0,0
1574,FIR/2022/KA11/00048,530,10,2022-02-20,2022,2,registered,FIR registered for Sexual Harassment at Doctor Street.,35.0,Female,1,15.257395210481345,76.92314604384487,0,0,0
1575,FIR/2024/KA01/00805,145,3,2024-08-23,2024,8,chargesheeted,Complainant robbed at Andra Chowk by 2 armed persons.,41.0,Male,5,13.112690861877944,77.55344888937537,0,0,1
1576,FIR/2022/KA01/00806,121,27,2022-08-23,2022,8,chargesheeted,FIR registered for Hurt/Grievous Hurt at Sama Street.,35.0,Other,4,13.068366451071316,77.68733359133559,0,0,1
1577,FIR/2022/KA01/00807,111,5,2022-09-16,2022,9,under_investigation,Dead body found at Desai Chowk. Prima facie case of murder registered.,29.0,Female,1,13.091392231259826,77.54944127619773,0,0,0
1578,FIR/2023/KA01/00808,25,2,2023-03-06,2023,3,under_investigation,FIR registered for House Breaking & Theft at Walla Circle.,24.0,Male,5,13.133935488848525,77.4681647078858,0,0,0
1579,FIR/2023/KA01/00809,105,12,2023-04-10,2023,4,under_investigation,Accused cheated complainant of Rs.57018 through false promises.,48.0,Male,2,13.0445572137578,77.50165703249264,0,1,0
1580,FIR/2023/KA21/00024,870,30,2023-11-06,2023,11,registered,FIR registered for Extortion at Krishna Road.,,Female,2,13.23186894920935,78.06866950585405,0,0,0
1581,FIR/2024/KA01/00810,119,1,2024-12-05,2024,12,registered,Complaint received regarding theft of gold chain worth Rs.108071.,55.0,Male,1,13.03066256611277,77.55882584312728,0,0,0
1582,FIR/2023/KA01/00811,22,9,2023-06-01,2023,6,registered,FIR registered for Assault on Women at Chaudhary Marg.,69.0,Other,1,12.921329874493637,77.71741979481607,0,0,0
1583,FIR/2024/KA01/00812,115,2,2024-10-15,2024,10,under_investigation,FIR registered for House Breaking & Theft at Bhasin Street.,23.0,Male,2,13.022377434632837,77.62560498985528,0,0,0
1584,FIR/2022/KA01/00813,44,19,2022-01-24,2022,1,chargesheeted,FIR registered for Cyber Crime - Phishing at Kumar Ganj.,29.0,Male,1,12.96921659905041,77.50912743291457,1,0,1
1585,FIR/2022/KA01/00814,26,30,2022-12-25,2022,12,under_investigation,FIR registered for Extortion at Char Chowk.,25.0,Other,2,12.837621306049748,77.49720740012778,0,0,0
1586,FIR/2022/KA17/00033,742,16,2022-02-16,2022,2,closed,Victim lost Rs.139655 through online fraud/UPI scam.,21.0,Male,2,14.20237605082963,76.32567143044592,1,0,1
1587,FIR/2024/KA28/00016,1051,5,2024-03-06,2024,3,under_investigation,Dead body found at Patel Road. Prima facie case of murder registered.,,Female,2,14.925053953255942,74.77297052616724,0,0,0
1588,FIR/2022/KA01/00815,61,28,2022-02-05,2022,2,pending_trial,FIR registered for Criminal Trespass at Kurian Path.,70.0,Female,4,13.045909077199308,77.65878510490163,0,0,1
1589,FIR/2024/KA02/00017,197,25,2024-01-07,2024,1,chargesheeted,FIR registered for Arms Act at Bahri Path.,32.0,Male,4,13.266349011554391,77.70358482708312,0,0,1
1590,FIR/2024/KA25/00022,958,27,2024-10-27,2024,10,under_investigation,FIR registered for Hurt/Grievous Hurt at Dara Marg.,40.0,Other,3,17.983742844784512,77.40441722292613,0,0,0
1591,FIR/2023/KA01/00816,72,9,2023-07-02,2023,7,under_investigation,FIR registered for Assault on Women at Issac Path.,52.0,Other,1,12.811224181255527,77.62814268192473,0,0,0
1592,FIR/2023/KA01/00817,136,12,2023-07-25,2023,7,chargesheeted,Accused cheated complainant of Rs.425653 through false promises.,53.0,Female,5,12.9341065804812,77.65571906840547,0,1,1
1593,FIR/2022/KA01/00818,58,22,2022-08-13,2022,8,pending_trial,FIR registered for POCSO Act at Mane Street.,34.0,Male,5,12.881461057343579,77.58782487995484,0,0,1
1594,FIR/2024/KA01/00819,112,16,2024-11-18,2024,11,pending_trial,Victim lost Rs.62428 through online fraud/UPI scam.,57.0,Other,2,12.979025161308403,77.63304302142919,1,0,1
1595,FIR/2022/KA12/00041,580,19,2022-01-13,2022,1,chargesheeted,FIR registered for Cyber Crime - Phishing at Sura Circle.,64.0,Other,2,16.80143722892254,75.8362609220108,1,0,1
1596,FIR/2023/KA04/00038,271,1,2023-04-09,2023,4,chargesheeted,Complaint received regarding theft of cash worth Rs.234138.,20.0,Other,2,15.754537734214784,74.35817037037249,0,0,1
1597,FIR/2022/KA01/00820,149,1,2022-09-14,2022,9,under_investigation,Complaint received regarding theft of laptop worth Rs.103299.,18.0,Male,1,12.91307784289363,77.57464007437261,0,0,0
1598,FIR/2023/KA28/00017,1051,35,2023-12-16,2023,12,chargesheeted,FIR registered for SC/ST Atrocities Act at Dhillon Chowk.,39.0,Male,2,14.946921499786438,74.74954113352877,0,0,1
1599,FIR/2023/KA01/00821,16,2,2023-01-01,2023,1,chargesheeted,FIR registered for House Breaking & Theft at Nazareth Street.,43.0,Female,2,13.019760747905503,77.63182645727683,0,0,1
1600,FIR/2024/KA27/00050,1035,1,2024-01-17,2024,1,chargesheeted,Complaint received regarding theft of cash worth Rs.52176.,43.0,Male,1,16.186750802386687,75.7320379585445,0,0,1
1601,FIR/2023/KA01/00822,39,31,2023-02-13,2023,2,chargesheeted,FIR registered for Criminal Intimidation at Buch Zila.,49.0,Male,4,12.852050582336327,77.67605989075078,0,0,1
1602,FIR/2024/KA14/00038,642,10,2024-09-25,2024,9,chargesheeted,FIR registered for Sexual Harassment at Oza Street.,52.0,Other,3,15.360848062763013,75.17653867898449,0,0,1
1603,FIR/2024/KA01/00823,69,2,2024-02-28,2024,2,closed,FIR registered for House Breaking & Theft at Murthy Ganj.,42.0,Male,1,12.973194487893778,77.55636537428855,0,0,1
1604,FIR/2024/KA26/00008,976,29,2024-10-17,2024,10,under_investigation,FIR registered for Mischief at Manne Path.,24.0,Other,2,15.37385369032075,76.18977127740382,0,0,0
1605,FIR/2023/KA16/00027,714,1,2023-02-17,2023,2,closed,Complaint received regarding theft of gold chain worth Rs.53479.,39.0,Other,2,14.792424183293978,75.56506511008979,0,0,1
1606,FIR/2023/KA01/00824,113,19,2023-05-05,2023,5,pending_trial,FIR registered for Cyber Crime - Phishing at Saxena Road.,60.0,Male,1,13.018808753384667,77.59090967747242,1,0,1
1607,FIR/2024/KA01/00825,54,18,2024-04-09,2024,4,under_investigation,FIR registered for Cyber Crime - Hacking at Verma Path.,54.0,Other,5,12.972501314305838,77.48993518662053,1,0,0
1608,FIR/2022/KA01/00826,138,1,2022-12-09,2022,12,closed,Complaint received regarding theft of laptop worth Rs.236534.,24.0,Male,5,12.988093927189766,77.52601138304543,0,0,1
1609,FIR/2024/KA01/00827,86,9,2024-12-01,2024,12,closed,FIR registered for Assault on Women at Gour Street.,27.0,Male,2,13.07251255707131,77.62321154033305,0,0,1
1610,FIR/2023/KA07/00012,350,22,2023-05-01,2023,5,under_investigation,FIR registered for POCSO Act at Dass Nagar.,50.0,Male,4,13.359607198073157,74.70043546692396,0,0,0
1611,FIR/2023/KA17/00034,748,2,2023-03-15,2023,3,under_investigation,FIR registered for House Breaking & Theft at Krishnamurthy Ganj.,28.0,Male,3,14.37845783096076,76.30028687379945,0,0,0
1612,FIR/2022/KA15/00014,696,2,2022-05-03,2022,5,under_investigation,FIR registered for House Breaking & Theft at Kade Zila.,39.0,Male,5,15.313430814538068,75.48125391585846,0,0,0
1613,FIR/2024/KA23/00015,891,10,2024-02-21,2024,2,under_investigation,FIR registered for Sexual Harassment at Ranganathan Street.,73.0,Female,1,12.59875578141776,77.12830129032201,0,0,0
1614,FIR/2023/KA01/00828,10,22,2023-10-06,2023,10,under_investigation,FIR registered for POCSO Act at Chandran Zila.,,Male,2,13.115997304008694,77.55905486364821,0,0,0
1615,FIR/2022/KA01/00829,20,18,2022-08-03,2022,8,registered,FIR registered for Cyber Crime - Hacking at Solanki Zila.,58.0,Female,1,12.910269899333946,77.50992573781603,1,0,0
1616,FIR/2022/KA01/00830,139,1,2022-11-09,2022,11,pending_trial,Complaint received regarding theft of gold chain worth Rs.11044.,45.0,Female,2,12.985521811566501,77.57213315486717,0,0,1
1617,FIR/2024/KA01/00831,107,1,2024-12-25,2024,12,under_investigation,Complaint received regarding theft of laptop worth Rs.385321.,37.0,Other,2,12.87474134612856,77.73375277619499,0,0,0
1618,FIR/2022/KA01/00832,3,14,2022-07-08,2022,7,closed,FIR registered for Forgery at Chacko Circle.,23.0,Female,2,12.811408743082866,77.47267782340883,0,1,1
1619,FIR/2022/KA01/00833,111,32,2022-12-26,2022,12,chargesheeted,FIR registered for Missing Person at Lala Zila.,27.0,Female,2,13.06570689319847,77.55420610104211,0,0,1
1620,FIR/2024/KA29/00029,1074,2,2024-02-16,2024,2,pending_trial,FIR registered for House Breaking & Theft at Dugal.,66.0,Male,2,14.52883100633134,75.84888714023374,0,0,1
1621,FIR/2023/KA04/00039,270,29,2023-03-13,2023,3,chargesheeted,FIR registered for Mischief at Ramakrishnan Zila.,63.0,Female,3,15.892343292485592,74.60575186686522,0,0,1
1622,FIR/2022/KA04/00040,250,2,2022-03-28,2022,3,under_investigation,FIR registered for House Breaking & Theft at Karnik Road.,44.0,Other,4,15.803795468938427,74.53774436731933,0,0,0
1623,FIR/2023/KA26/00009,973,10,2023-10-10,2023,10,chargesheeted,FIR registered for Sexual Harassment at Mander Ganj.,58.0,Male,3,15.303986789366157,76.01030323791187,0,0,1
1624,FIR/2024/KA13/00033,614,10,2024-02-26,2024,2,chargesheeted,FIR registered for Sexual Harassment at Date Chowk.,27.0,Male,2,16.27205228027728,77.4243240092422,0,0,1
1625,FIR/2024/KA12/00042,577,18,2024-04-10,2024,4,registered,FIR registered for Cyber Crime - Hacking at Vyas Street.,25.0,Male,1,16.81732713688428,75.6382659285195,1,0,0
1626,FIR/2023/KA01/00834,18,6,2023-05-20,2023,5,closed,FIR registered for Attempt to Murder at Balakrishnan Street.,68.0,Male,1,13.032395862316987,77.61808199241248,0,0,1
1627,FIR/2024/KA01/00835,82,24,2024-05-26,2024,5,under_investigation,FIR registered for NDPS Act at Parikh Nagar.,63.0,Other,4,12.959637402614701,77.52947207917072,0,0,0
1628,FIR/2024/KA01/00836,152,10,2024-02-17,2024,2,under_investigation,FIR registered for Sexual Harassment at Soni Path.,32.0,Female,5,13.078948200802653,77.7340337117808,0,0,0
1629,FIR/2023/KA01/00837,160,14,2023-09-26,2023,9,under_investigation,FIR registered for Forgery at Zachariah Chowk.,44.0,Other,1,12.979244896935091,77.48670306430164,0,1,0
1630,FIR/2024/KA25/00023,959,17,2024-01-12,2024,1,closed,FIR registered for Cyber Crime - Identity Theft at Saxena Road.,,Female,3,17.88816793283716,77.6831770750157,1,0,1
1631,FIR/2023/KA16/00028,722,10,2023-02-26,2023,2,chargesheeted,FIR registered for Sexual Harassment at Zacharia Street.,43.0,Male,3,14.945998030880444,75.39373647365233,0,0,1
1632,FIR/2024/KA20/00036,814,12,2024-07-01,2024,7,closed,Accused cheated complainant of Rs.265398 through false promises.,64.0,Other,5,12.666120022317909,76.83042117152574,0,1,1
1633,FIR/2024/KA27/00051,1022,19,2024-04-06,2024,4,registered,FIR registered for Cyber Crime - Phishing at Saran.,55.0,Other,5,16.169562765303006,75.68125694592194,1,0,0
1634,FIR/2023/KA16/00029,707,28,2023-02-26,2023,2,under_investigation,FIR registered for Criminal Trespass at Walla Circle.,48.0,Male,2,14.84919451295275,75.47587435400258,0,0,0
1635,FIR/2024/KA01/00838,19,12,2024-12-04,2024,12,chargesheeted,Accused cheated complainant of Rs.404469 through false promises.,,Other,1,13.067479044106943,77.47168781591867,0,1,1
1636,FIR/2023/KA01/00839,162,24,2023-03-25,2023,3,pending_trial,FIR registered for NDPS Act at Zacharia Chowk.,34.0,Male,5,13.059912567001371,77.59787804015177,0,0,1
1637,FIR/2024/KA09/00028,426,2,2024-11-15,2024,11,closed,FIR registered for House Breaking & Theft at Chakraborty Ganj.,58.0,Male,1,13.862457321134032,75.49920898046587,0,0,1
1638,FIR/2023/KA04/00041,268,2,2023-04-11,2023,4,chargesheeted,FIR registered for House Breaking & Theft at Morar Chowk.,53.0,Other,4,15.810336449578488,74.56504352461329,0,0,1
1639,FIR/2022/KA13/00034,594,14,2022-03-25,2022,3,chargesheeted,FIR registered for Forgery at Sachar Path.,44.0,Male,4,16.23001861496369,77.48408137662983,0,1,1
1640,FIR/2024/KA29/00030,1077,23,2024-02-25,2024,2,chargesheeted,FIR registered for Domestic Violence at Dugal Road.,74.0,Other,4,14.413800568459845,75.86631640023437,0,0,1
1641,FIR/2024/KA01/00840,154,14,2024-02-18,2024,2,under_investigation,FIR registered for Forgery at Anne Road.,,Female,5,13.05063564640249,77.48338581208579,0,1,0
1642,FIR/2022/KA04/00042,233,22,2022-01-06,2022,1,closed,FIR registered for POCSO Act at Virk Nagar.,47.0,Other,1,15.969895219084297,74.4533512737544,0,0,1
1643,FIR/2022/KA01/00841,161,1,2022-11-28,2022,11,under_investigation,Complaint received regarding theft of two-wheeler worth Rs.116823.,28.0,Male,4,13.114645207671062,77.53719868063727,0,0,0
1644,FIR/2024/KA01/00842,1,1,2024-07-20,2024,7,chargesheeted,Complaint received regarding theft of laptop worth Rs.294137.,34.0,Female,4,13.024861924051324,77.53010188078287,0,0,1
1645,FIR/2024/KA01/00843,87,21,2024-11-22,2024,11,under_investigation,FIR registered for Dowry Prohibition Act at Anand Circle.,72.0,Female,2,12.817726707505779,77.53619174847597,0,0,0
1646,FIR/2024/KA05/00052,276,2,2024-02-27,2024,2,under_investigation,FIR registered for House Breaking & Theft at Sood Chowk.,18.0,Female,1,17.369549424691446,76.90180114707375,0,0,0
1647,FIR/2024/KA06/00042,349,23,2024-11-17,2024,11,closed,FIR registered for Domestic Violence at Andra Road.,62.0,Male,5,12.788646743597539,74.9541602556282,0,0,1
1648,FIR/2023/KA29/00031,1091,17,2023-03-10,2023,3,chargesheeted,FIR registered for Cyber Crime - Identity Theft at Master Marg.,18.0,Female,1,14.618499608255709,75.98107548072426,1,0,1
1649,FIR/2024/KA10/00061,453,1,2024-02-27,2024,2,registered,Complaint received regarding theft of two-wheeler worth Rs.29563.,22.0,Female,4,13.349098806142786,77.14969502676855,0,0,0
1650,FIR/2024/KA01/00844,43,10,2024-12-18,2024,12,pending_trial,FIR registered for Sexual Harassment at Prakash Nagar.,73.0,Other,3,13.10945190178569,77.6415610246099,0,0,1
1651,FIR/2023/KA06/00043,344,12,2023-02-01,2023,2,under_investigation,Accused cheated complainant of Rs.466616 through false promises.,44.0,Female,2,12.99168635899638,74.85348251570427,0,1,0
1652,FIR/2024/KA20/00037,825,10,2024-10-26,2024,10,under_investigation,FIR registered for Sexual Harassment at Sarkar Circle.,39.0,Female,1,12.515160629531028,76.86538413648927,0,0,0
1653,FIR/2024/KA01/00845,32,26,2024-08-16,2024,8,under_investigation,FIR registered for Riots at Krish Marg.,66.0,Other,4,12.900884586141366,77.58843064638539,0,0,0
1654,FIR/2022/KA01/00846,66,12,2022-05-05,2022,5,under_investigation,Accused cheated complainant of Rs.404731 through false promises.,64.0,Female,1,12.863487331416021,77.63458171549078,0,1,0
1655,FIR/2024/KA11/00049,530,16,2024-07-25,2024,7,closed,Victim lost Rs.409594 through online fraud/UPI scam.,47.0,Female,2,15.258075138635546,76.89744131421374,1,0,1
1656,FIR/2022/KA01/00847,71,3,2022-02-01,2022,2,chargesheeted,Complainant robbed at Buch Road by 4 armed persons.,42.0,Female,4,13.016512345610531,77.58741569366664,0,0,1
1657,FIR/2024/KA01/00848,116,16,2024-04-16,2024,4,chargesheeted,Victim lost Rs.118515 through online fraud/UPI scam.,37.0,Male,5,13.027578829833125,77.63386749585077,1,0,1
1658,FIR/2024/KA10/00062,476,12,2024-08-10,2024,8,closed,Accused cheated complainant of Rs.268850 through false promises.,60.0,Male,4,13.414082421496511,77.1093048995533,0,1,1
1659,FIR/2023/KA11/00050,548,33,2023-06-09,2023,6,closed,FIR registered for Road Accident Death at Wali Road.,75.0,Female,2,15.253966021301565,76.82465321932156,0,0,1
1660,FIR/2024/KA01/00849,93,1,2024-01-15,2024,1,under_investigation,Complaint received regarding theft of gold chain worth Rs.76359.,75.0,Female,2,13.066571673589657,77.70564881596196,0,0,0
1661,FIR/2023/KA01/00850,44,9,2023-12-07,2023,12,pending_trial,FIR registered for Assault on Women at Biswas Ganj.,62.0,Male,3,12.961195682261163,77.5076875243436,0,0,1
1662,FIR/2022/KA05/00053,295,18,2022-09-14,2022,9,chargesheeted,FIR registered for Cyber Crime - Hacking at Deshpande Street.,60.0,Other,1,17.38459524416615,76.69432549905257,1,0,1
1663,FIR/2024/KA01/00851,137,19,2024-09-13,2024,9,chargesheeted,FIR registered for Cyber Crime - Phishing at Choudhry Road.,67.0,Female,2,13.062707329626926,77.59994012541753,1,0,1
1664,FIR/2024/KA12/00043,561,32,2024-01-22,2024,1,chargesheeted,FIR registered for Missing Person at Sethi Chowk.,54.0,Female,1,16.7946797237947,75.64362387539417,0,0,1
1665,FIR/2024/KA06/00044,335,2,2024-08-14,2024,8,pending_trial,FIR registered for House Breaking & Theft at Swamy Road.,65.0,Female,4,13.046393273725085,74.85349881533578,0,0,1
1666,FIR/2023/KA08/00028,403,18,2023-09-20,2023,9,closed,FIR registered for Cyber Crime - Hacking at Nagi Ganj.,28.0,Female,1,12.960423861325879,75.97400720056022,1,0,1
1667,FIR/2023/KA04/00043,240,10,2023-04-27,2023,4,closed,FIR registered for Sexual Harassment at Doshi Nagar.,73.0,Female,2,15.768348666664314,74.54126968194373,0,0,1
1668,FIR/2022/KA01/00852,71,27,2022-01-23,2022,1,under_investigation,FIR registered for Hurt/Grievous Hurt at Warrior Nagar.,22.0,Female,3,13.021299953069391,77.58137083010683,0,0,0
1669,FIR/2024/KA01/00853,31,12,2024-10-04,2024,10,pending_trial,Accused cheated complainant of Rs.226739 through false promises.,,Female,2,12.95670152353616,77.58244481329511,0,1,1
1670,FIR/2023/KA01/00854,157,8,2023-02-10,2023,2,under_investigation,Victim reported sexual assault incident at Manda Zila. Medical examination conducted.,,Male,1,12.939182827979335,77.59132715650208,0,0,0
1671,FIR/2024/KA01/00855,125,33,2024-01-07,2024,1,chargesheeted,FIR registered for Road Accident Death at Dass Road.,65.0,Female,5,13.05996353766608,77.55792856674374,0,0,1
1672,FIR/2024/KA01/00856,181,10,2024-05-06,2024,5,chargesheeted,FIR registered for Sexual Harassment at Anand Chowk.,,Other,1,12.874218061381654,77.70316107798402,0,0,1
1673,FIR/2023/KA01/00857,14,14,2023-01-07,2023,1,closed,FIR registered for Forgery at Chana Ganj.,67.0,Male,3,12.912402035434598,77.6529594919708,0,1,1
1674,FIR/2023/KA26/00010,983,1,2023-05-19,2023,5,under_investigation,Complaint received regarding theft of two-wheeler worth Rs.221671.,35.0,Female,5,15.30993807033253,76.0550252984354,0,0,0
1675,FIR/2022/KA12/00044,582,14,2022-08-06,2022,8,chargesheeted,FIR registered for Forgery at Kalla Chowk.,18.0,Other,2,16.759454108752138,75.63517745257253,0,1,1
1676,FIR/2023/KA29/00032,1086,16,2023-07-25,2023,7,pending_trial,Victim lost Rs.36911 through online fraud/UPI scam.,57.0,Other,5,14.598995946394753,75.93927966771562,1,0,1
1677,FIR/2023/KA01/00858,85,14,2023-02-23,2023,2,chargesheeted,FIR registered for Forgery at Tara Road.,28.0,Female,2,13.106751725622766,77.63538626548626,0,1,1
1678,FIR/2024/KA01/00859,27,1,2024-10-04,2024,10,closed,Complaint received regarding theft of two-wheeler worth Rs.187484.,67.0,Other,4,13.008123987277221,77.63674080694439,0,0,1
1679,FIR/2023/KA01/00860,86,2,2023-12-14,2023,12,chargesheeted,FIR registered for House Breaking & Theft at Narayanan Nagar.,28.0,Other,3,13.06621490868033,77.60756935949257,0,0,1
1680,FIR/2023/KA13/00035,630,1,2023-08-09,2023,8,chargesheeted,Complaint received regarding theft of cash worth Rs.200892.,18.0,Other,5,16.26058896223466,77.25979358116567,0,0,1
1681,FIR/2022/KA01/00861,43,1,2022-07-24,2022,7,chargesheeted,Complaint received regarding theft of gold chain worth Rs.400070.,19.0,Male,1,13.121970611594389,77.64616729349984,0,0,1
1682,FIR/2022/KA18/00008,769,1,2022-02-19,2022,2,pending_trial,Complaint received regarding theft of two-wheeler worth Rs.316962.,67.0,Male,3,13.399038180249596,75.7125548590956,0,0,1
1683,FIR/2022/KA01/00862,158,28,2022-04-20,2022,4,registered,FIR registered for Criminal Trespass at Singhal Circle.,29.0,Male,3,13.034147736631043,77.43828664759204,0,0,0
1684,FIR/2023/KA01/00863,152,1,2023-03-01,2023,3,pending_trial,Complaint received regarding theft of two-wheeler worth Rs.192443.,,Female,3,13.061152098507138,77.75295301763731,0,0,1
1685,FIR/2023/KA05/00054,312,17,2023-02-20,2023,2,closed,FIR registered for Cyber Crime - Identity Theft at Raj Road.,63.0,Other,1,17.273775452960763,76.8473728050461,1,0,1
1686,FIR/2023/KA01/00864,114,1,2023-09-27,2023,9,chargesheeted,Complaint received regarding theft of cash worth Rs.154336.,66.0,Male,2,13.07541288123864,77.48728873001104,0,0,1
1687,FIR/2024/KA01/00865,36,25,2024-04-13,2024,4,pending_trial,FIR registered for Arms Act at Rajan Ganj.,,Other,1,12.962054784842351,77.48802484281434,0,0,1
1688,FIR/2023/KA29/00033,1082,28,2023-09-21,2023,9,under_investigation,FIR registered for Criminal Trespass at Kota Chowk.,23.0,Male,5,14.321293288379529,75.86718802985112,0,0,0
1689,FIR/2024/KA11/00051,522,9,2024-10-13,2024,10,under_investigation,FIR registered for Assault on Women at Issac Nagar.,25.0,Male,2,15.16266323423541,76.79348053997316,0,0,0
1690,FIR/2024/KA01/00866,164,14,2024-02-16,2024,2,chargesheeted,FIR registered for Forgery at Chandra Chowk.,18.0,Female,2,12.909089902336738,77.59451956891996,0,1,1
1691,FIR/2024/KA01/00867,102,9,2024-11-03,2024,11,chargesheeted,FIR registered for Assault on Women at Joshi Circle.,29.0,Female,4,12.986503541023907,77.58719020028897,0,0,1
1692,FIR/2024/KA01/00868,21,14,2024-08-12,2024,8,under_investigation,FIR registered for Forgery at Ramachandran Chowk.,35.0,Female,3,12.977799790811712,77.67409588157699,0,1,0
1693,FIR/2022/KA07/00013,378,16,2022-11-13,2022,11,under_investigation,Victim lost Rs.475443 through online fraud/UPI scam.,74.0,Other,4,13.31422262111347,74.68897806199456,1,0,0
1694,FIR/2023/KA01/00869,124,28,2023-04-01,2023,4,registered,FIR registered for Criminal Trespass at Basak Street.,26.0,Female,1,13.009515074574892,77.74917402151927,0,0,0
1695,FIR/2022/KA03/00021,207,1,2022-02-12,2022,2,chargesheeted,Complaint received regarding theft of gold chain worth Rs.190926.,35.0,Male,2,12.37408770052656,76.78571089028105,0,0,1
1696,FIR/2023/KA28/00018,1070,12,2023-05-08,2023,5,chargesheeted,Accused cheated complainant of Rs.276279 through false promises.,55.0,Female,2,14.692335133153122,74.59552558518536,0,1,1
1697,FIR/2024/KA01/00870,29,22,2024-03-12,2024,3,chargesheeted,FIR registered for POCSO Act at Misra Chowk.,23.0,Other,5,12.814494679930506,77.67356254051589,0,0,1
1698,FIR/2023/KA05/00055,310,1,2023-11-26,2023,11,chargesheeted,Complaint received regarding theft of cash worth Rs.419825.,65.0,Male,3,17.276855430861573,76.77735910076042,0,0,1
1699,FIR/2024/KA13/00036,626,12,2024-01-14,2024,1,chargesheeted,Accused cheated complainant of Rs.439904 through false promises.,74.0,Male,2,16.09214446836447,77.24263309347432,0,1,1
1700,FIR/2024/KA10/00063,453,30,2024-07-12,2024,7,under_investigation,FIR registered for Extortion at Keer Zila.,47.0,Other,5,13.34693148676307,77.157550400278,0,0,0
1701,FIR/2022/KA01/00871,48,9,2022-05-02,2022,5,closed,FIR registered for Assault on Women at Nair Marg.,51.0,Male,5,12.954095849588352,77.61736350104351,0,0,1
1702,FIR/2024/KA25/00024,957,25,2024-12-14,2024,12,chargesheeted,FIR registered for Arms Act at Ganesh Nagar.,19.0,Other,5,17.902176019530625,77.66412420080725,0,0,1
1703,FIR/2024/KA01/00872,108,2,2024-11-19,2024,11,closed,FIR registered for House Breaking & Theft at Dar Road.,58.0,Female,3,12.927324123943846,77.56874408936972,0,0,1
1704,FIR/2023/KA01/00873,171,3,2023-03-18,2023,3,under_investigation,Complainant robbed at Kibe Marg by 3 armed persons.,,Male,5,12.836850041402538,77.52025244415063,0,0,0
1705,FIR/2023/KA01/00874,15,10,2023-11-21,2023,11,under_investigation,FIR registered for Sexual Harassment at Basak Nagar.,30.0,Other,3,12.9434134754537,77.65149776322315,0,0,0
1706,FIR/2022/KA01/00875,54,31,2022-02-28,2022,2,pending_trial,FIR registered for Criminal Intimidation at Soman.,,Other,5,12.969486124333507,77.46711278685453,0,0,1
1707,FIR/2024/KA01/00876,47,2,2024-01-20,2024,1,chargesheeted,FIR registered for House Breaking & Theft at Dubey.,46.0,Male,2,13.075887373629124,77.4458668688192,0,0,1
1708,FIR/2022/KA01/00877,153,17,2022-06-27,2022,6,closed,FIR registered for Cyber Crime - Identity Theft at Chakraborty Path.,22.0,Female,3,13.106146636286537,77.59808952223122,1,0,1
1709,FIR/2024/KA01/00878,13,13,2024-04-20,2024,4,registered,FIR registered for Criminal Breach of Trust at Dugar Ganj.,66.0,Male,5,13.121933478161345,77.6865737512065,0,1,0
1710,FIR/2023/KA23/00016,896,1,2023-05-27,2023,5,chargesheeted,Complaint received regarding theft of mobile phone worth Rs.315318.,18.0,Other,1,12.794982880916205,77.31820570757024,0,0,1
1711,FIR/2024/KA25/00025,966,12,2024-09-05,2024,9,chargesheeted,Accused cheated complainant of Rs.172966 through false promises.,25.0,Other,4,17.913500138210935,77.6129087160455,0,1,1
1712,FIR/2024/KA01/00879,48,33,2024-07-28,2024,7,under_investigation,FIR registered for Road Accident Death at Bhasin Nagar.,,Other,3,12.95635476682777,77.59330856602904,0,0,0
1713,FIR/2023/KA27/00052,1023,21,2023-05-14,2023,5,under_investigation,FIR registered for Dowry Prohibition Act at Dube Path.,61.0,Male,2,16.142013551581428,75.76079036218877,0,0,0
1714,FIR/2023/KA27/00053,1017,8,2023-07-04,2023,7,registered,Victim reported sexual assault incident at Chhabra Circle. Medical examination conducted.,45.0,Female,2,16.25502364950277,75.61458764745186,0,0,0
1715,FIR/2024/KA11/00052,522,25,2024-07-12,2024,7,under_investigation,FIR registered for Arms Act at Sura Street.,47.0,Female,4,15.144918355962876,76.79648535160369,0,0,0
1716,FIR/2024/KA01/00880,74,27,2024-07-25,2024,7,registered,FIR registered for Hurt/Grievous Hurt at Nadig Ganj.,29.0,Other,1,12.939054578175261,77.48043698026746,0,0,0
1717,FIR/2023/KA01/00881,23,12,2023-02-16,2023,2,under_investigation,Accused cheated complainant of Rs.57474 through false promises.,,Male,4,12.868277902287332,77.67068227731562,0,1,0
1718,FIR/2024/KA01/00882,110,31,2024-03-10,2024,3,chargesheeted,FIR registered for Criminal Intimidation at Hans Chowk.,32.0,Female,3,13.083106348236171,77.61994676364975,0,0,1
1719,FIR/2023/KA11/00053,546,34,2023-08-06,2023,8,under_investigation,FIR registered for Immoral Traffic Act at Purohit Nagar.,50.0,Female,5,15.091959136942098,77.04161090431238,0,0,0
1720,FIR/2024/KA15/00015,699,12,2024-01-06,2024,1,under_investigation,Accused cheated complainant of Rs.410123 through false promises.,42.0,Male,4,15.47286647639746,75.47692649753644,0,1,0
1721,FIR/2022/KA01/00883,65,35,2022-12-15,2022,12,under_investigation,FIR registered for SC/ST Atrocities Act at Baral Road.,,Male,1,12.984762804824264,77.4507494607525,0,0,0
1722,FIR/2023/KA01/00884,117,24,2023-06-21,2023,6,closed,FIR registered for NDPS Act at Sarma Chowk.,43.0,Other,3,12.855184233349705,77.46967319483602,0,0,1
1723,FIR/2024/KA07/00014,372,13,2024-10-01,2024,10,closed,FIR registered for Criminal Breach of Trust at Menon Circle.,22.0,Female,4,13.221570437998034,74.84105315012313,0,1,1
1724,FIR/2023/KA01/00885,82,1,2023-11-21,2023,11,under_investigation,Complaint received regarding theft of mobile phone worth Rs.158930.,51.0,Female,3,12.93716414670069,77.50965317353277,0,0,0
1725,FIR/2023/KA01/00886,171,2,2023-12-13,2023,12,under_investigation,FIR registered for House Breaking & Theft at Grover Ganj.,34.0,Female,4,12.834770944169353,77.52615256446614,0,0,0
1726,FIR/2023/KA01/00887,144,1,2023-04-13,2023,4,chargesheeted,Complaint received regarding theft of mobile phone worth Rs.197803.,23.0,Other,3,12.970669056936957,77.55571179250745,0,0,1
1727,FIR/2023/KA23/00017,893,2,2023-10-02,2023,10,pending_trial,FIR registered for House Breaking & Theft at Sidhu Path.,28.0,Other,1,12.830865718962988,77.33573292772606,0,0,1
1728,FIR/2024/KA10/00064,473,12,2024-06-02,2024,6,chargesheeted,Accused cheated complainant of Rs.206881 through false promises.,33.0,Female,4,13.319186950668543,77.18660518696727,0,1,1
1729,FIR/2022/KA01/00888,148,16,2022-06-02,2022,6,under_investigation,Victim lost Rs.237892 through online fraud/UPI scam.,55.0,Other,2,13.094934961121037,77.50026232186217,1,0,0
1730,FIR/2022/KA11/00054,509,21,2022-11-15,2022,11,chargesheeted,FIR registered for Dowry Prohibition Act at Sengupta Street.,68.0,Male,5,15.23349363833941,76.84489545569768,0,0,1
1731,FIR/2023/KA01/00889,133,34,2023-03-14,2023,3,under_investigation,FIR registered for Immoral Traffic Act at Lall Road.,57.0,Male,5,12.959461878476883,77.46916170901152,0,0,0
1732,FIR/2024/KA01/00890,180,30,2024-07-11,2024,7,under_investigation,FIR registered for Extortion at Peri Circle.,66.0,Male,5,12.831843401557311,77.45314519711296,0,0,0
1733,FIR/2024/KA06/00045,319,27,2024-03-23,2024,3,chargesheeted,FIR registered for Hurt/Grievous Hurt at Acharya Chowk.,19.0,Other,3,12.785249798662857,74.93534121863587,0,0,1
1734,FIR/2023/KA01/00891,164,14,2023-01-28,2023,1,chargesheeted,FIR registered for Forgery at Raghavan Circle.,25.0,Other,4,12.887625308177459,77.58575746786227,0,1,1
1735,FIR/2022/KA29/00034,1076,22,2022-09-14,2022,9,closed,FIR registered for POCSO Act at Bahl Street.,46.0,Male,4,14.507857166293958,75.96730976092736,0,0,1
1736,FIR/2022/KA20/00038,842,14,2022-01-25,2022,1,registered,FIR registered for Forgery at Patla.,69.0,Other,5,12.4714964540659,77.00722111581665,0,1,0
1737,FIR/2024/KA05/00056,275,12,2024-10-03,2024,10,chargesheeted,Accused cheated complainant of Rs.433029 through false promises.,53.0,Male,4,17.258237117043393,76.86419502015363,0,1,1
1738,FIR/2023/KA01/00892,74,27,2023-04-25,2023,4,closed,FIR registered for Hurt/Grievous Hurt at Bhatnagar Path.,18.0,Other,4,12.939197341299074,77.45755543906961,0,0,1
1739,FIR/2023/KA01/00893,20,20,2023-05-06,2023,5,under_investigation,FIR registered for Dowry Death at Ram Circle.,62.0,Other,5,12.9237145297971,77.5315167399242,0,0,0
1740,FIR/2024/KA01/00894,105,13,2024-02-22,2024,2,closed,FIR registered for Criminal Breach of Trust at Viswanathan Ganj.,40.0,Other,5,13.061846790890023,77.50169664613664,0,1,1
1741,FIR/2022/KA01/00895,110,2,2022-07-20,2022,7,under_investigation,FIR registered for House Breaking & Theft at Dube Chowk.,41.0,Female,5,13.093662077622653,77.64759760033255,0,0,0
1742,FIR/2023/KA01/00896,107,26,2023-05-08,2023,5,chargesheeted,FIR registered for Riots at Mandal.,33.0,Male,2,12.87030040006434,77.7223635132918,0,0,1
1743,FIR/2023/KA01/00897,82,2,2023-12-03,2023,12,chargesheeted,FIR registered for House Breaking & Theft at Rout Path.,73.0,Male,4,12.95403370745495,77.54575792632511,0,0,1
1744,FIR/2024/KA27/00054,1020,10,2024-05-22,2024,5,under_investigation,FIR registered for Sexual Harassment at Choudhry Path.,59.0,Female,5,16.1608453228291,75.68810479109034,0,0,0
1745,FIR/2024/KA01/00898,174,2,2024-11-17,2024,11,under_investigation,FIR registered for House Breaking & Theft at Virk Zila.,25.0,Female,1,12.975200630091393,77.55568006143405,0,0,0
1746,FIR/2024/KA01/00899,166,22,2024-07-21,2024,7,under_investigation,FIR registered for POCSO Act at Bassi Zila.,50.0,Other,5,12.900361818793531,77.59648987539596,0,0,0
1747,FIR/2024/KA01/00900,18,1,2024-02-15,2024,2,under_investigation,Complaint received regarding theft of two-wheeler worth Rs.282186.,44.0,Other,2,13.019651279565728,77.62250076862811,0,0,0
1748,FIR/2022/KA01/00901,102,2,2022-05-27,2022,5,chargesheeted,FIR registered for House Breaking & Theft at Jaggi Nagar.,51.0,Other,5,13.022100632828616,77.61608337883095,0,0,1
1749,FIR/2022/KA01/00902,8,25,2022-03-21,2022,3,chargesheeted,FIR registered for Arms Act at Sunder Zila.,18.0,Female,5,12.856840918609242,77.48238429390425,0,0,1
1750,FIR/2023/KA01/00903,168,18,2023-07-28,2023,7,under_investigation,FIR registered for Cyber Crime - Hacking at Chaudhary Ganj.,53.0,Male,5,12.973675755202493,77.58025772322468,1,0,0
1751,FIR/2022/KA01/00904,10,26,2022-10-04,2022,10,chargesheeted,FIR registered for Riots at Rama Nagar.,75.0,Female,3,13.104307939985498,77.55120254287573,0,0,1
1752,FIR/2023/KA13/00037,618,29,2023-10-13,2023,10,chargesheeted,FIR registered for Mischief at Vora Chowk.,51.0,Other,4,16.26383661042579,77.41461291959985,0,0,1
1753,FIR/2023/KA04/00044,251,14,2023-01-24,2023,1,closed,FIR registered for Forgery at Kunda.,41.0,Male,4,15.910660830175688,74.48817367515959,0,1,1
1754,FIR/2023/KA23/00018,903,29,2023-03-08,2023,3,chargesheeted,FIR registered for Mischief at Peri Nagar.,35.0,Other,4,12.696844762074148,77.25629749581351,0,0,1
1755,FIR/2024/KA08/00029,387,33,2024-12-02,2024,12,under_investigation,FIR registered for Road Accident Death at Bobal Ganj.,,Female,2,12.947822305111362,75.96124330455199,0,0,0
1756,FIR/2022/KA02/00018,187,13,2022-12-10,2022,12,registered,FIR registered for Criminal Breach of Trust at Joshi Nagar.,66.0,Male,5,13.213158101167087,77.61542891394163,0,1,0
1757,FIR/2023/KA28/00019,1059,1,2023-05-22,2023,5,registered,Complaint received regarding theft of two-wheeler worth Rs.463072.,35.0,Other,5,14.661315807870047,74.76705912688134,0,0,0
1758,FIR/2023/KA01/00905,102,8,2023-12-19,2023,12,chargesheeted,Victim reported sexual assault incident at Bhat Chowk. Medical examination conducted.,63.0,Female,4,12.989553806424338,77.58593042061541,0,0,1
1759,FIR/2023/KA31/00012,1146,1,2023-03-08,2023,3,under_investigation,Complaint received regarding theft of laptop worth Rs.216409.,57.0,Other,4,11.94669015233508,77.06036260618488,0,0,0
1760,FIR/2023/KA01/00906,30,2,2023-06-19,2023,6,under_investigation,FIR registered for House Breaking & Theft at Bhardwaj Path.,21.0,Female,2,13.051056287946116,77.67065806357876,0,0,0
1761,FIR/2023/KA02/00019,193,6,2023-03-14,2023,3,chargesheeted,FIR registered for Attempt to Murder at Lata.,22.0,Female,5,13.257179275341565,77.49945482853613,0,0,1
1762,FIR/2024/KA01/00907,32,9,2024-06-13,2024,6,chargesheeted,FIR registered for Assault on Women at Baria Circle.,65.0,Other,5,12.89053493370704,77.58760065063079,0,0,1
1763,FIR/2023/KA27/00055,1029,10,2023-09-24,2023,9,chargesheeted,FIR registered for Sexual Harassment at Modi Zila.,46.0,Other,2,16.089335757706515,75.6918835582896,0,0,1
1764,FIR/2024/KA25/00026,959,1,2024-01-10,2024,1,under_investigation,Complaint received regarding theft of gold chain worth Rs.280351.,,Female,5,17.912848938789075,77.65701282584838,0,0,0
1765,FIR/2022/KA27/00056,1036,1,2022-04-20,2022,4,chargesheeted,Complaint received regarding theft of two-wheeler worth Rs.405784.,26.0,Female,1,16.229877238457565,75.71949119270066,0,0,1
1766,FIR/2022/KA28/00020,1063,16,2022-05-10,2022,5,registered,Victim lost Rs.492559 through online fraud/UPI scam.,57.0,Other,1,14.949903361094119,74.57232138671124,1,0,0
1767,FIR/2024/KA01/00908,93,13,2024-11-22,2024,11,under_investigation,FIR registered for Criminal Breach of Trust at Rajan Circle.,54.0,Male,2,13.072839759915771,77.66849230713967,0,1,0
1768,FIR/2023/KA12/00045,570,31,2023-09-26,2023,9,chargesheeted,FIR registered for Criminal Intimidation at Hans Ganj.,55.0,Other,5,16.75409014959372,75.6521679996388,0,0,1
1769,FIR/2023/KA04/00045,256,16,2023-11-13,2023,11,under_investigation,Victim lost Rs.160635 through online fraud/UPI scam.,63.0,Other,2,15.905476448179778,74.5848580581784,1,0,0
1770,FIR/2024/KA01/00909,61,34,2024-06-27,2024,6,under_investigation,FIR registered for Immoral Traffic Act at Gola.,45.0,Other,1,13.035472410222791,77.65419275118265,0,0,0
1771,FIR/2022/KA01/00910,179,18,2022-10-13,2022,10,under_investigation,FIR registered for Cyber Crime - Hacking at Sagar Circle.,72.0,Female,4,12.876789924381407,77.46401887002835,1,0,0
1772,FIR/2023/KA04/00046,265,22,2023-02-16,2023,2,chargesheeted,FIR registered for POCSO Act at Parmar Zila.,44.0,Female,1,15.80569989185947,74.6060435373046,0,0,1
1773,FIR/2023/KA30/00015,1121,18,2023-06-16,2023,6,under_investigation,FIR registered for Cyber Crime - Hacking at Sane Chowk.,68.0,Female,4,15.43863109952322,76.47786184999234,1,0,0
1774,FIR/2023/KA13/00038,636,2,2023-06-08,2023,6,pending_trial,FIR registered for House Breaking & Theft at Ganesan Zila.,24.0,Male,1,16.18951502558726,77.32531972323312,0,0,1
1775,FIR/2024/KA01/00911,125,12,2024-11-06,2024,11,registered,Accused cheated complainant of Rs.37563 through false promises.,66.0,Other,2,13.066814927221833,77.56323651014728,0,1,0
1776,FIR/2023/KA01/00912,174,27,2023-06-27,2023,6,chargesheeted,FIR registered for Hurt/Grievous Hurt at Nazareth Circle.,51.0,Female,2,12.946122687976487,77.51819959120401,0,0,1
1777,FIR/2022/KA01/00913,123,27,2022-05-24,2022,5,under_investigation,FIR registered for Hurt/Grievous Hurt at Walla Street.,46.0,Female,5,13.101198348680521,77.49219722897307,0,0,0
1778,FIR/2022/KA01/00914,81,16,2022-08-14,2022,8,registered,Victim lost Rs.223094 through online fraud/UPI scam.,38.0,Male,1,12.904609128794712,77.7158654412887,1,0,0
1779,FIR/2023/KA01/00915,4,19,2023-06-03,2023,6,closed,FIR registered for Cyber Crime - Phishing at Murty Path.,62.0,Other,3,12.813154136812246,77.51205406078162,1,0,1
1780,FIR/2023/KA01/00916,160,20,2023-11-06,2023,11,closed,FIR registered for Dowry Death at Nair Circle.,42.0,Male,3,12.94100357614619,77.50305472205395,0,0,1
1781,FIR/2023/KA20/00039,842,1,2023-09-26,2023,9,under_investigation,Complaint received regarding theft of mobile phone worth Rs.185519.,23.0,Other,1,12.47724243782401,77.0071487125475,0,0,0
1782,FIR/2024/KA21/00025,852,17,2024-05-09,2024,5,chargesheeted,FIR registered for Cyber Crime - Identity Theft at Naik Marg.,60.0,Male,4,13.132774640346591,78.12615987733903,1,0,1
1783,FIR/2023/KA01/00917,134,1,2023-08-01,2023,8,registered,Complaint received regarding theft of mobile phone worth Rs.313193.,69.0,Male,3,13.085809328716751,77.61229432943881,0,0,0
1784,FIR/2022/KA01/00918,142,28,2022-09-09,2022,9,pending_trial,FIR registered for Criminal Trespass at Kala.,69.0,Other,1,13.027738904896083,77.4733266540323,0,0,1
1785,FIR/2022/KA29/00035,1076,15,2022-07-25,2022,7,under_investigation,FIR registered for Counterfeiting at Kumar Marg.,52.0,Other,4,14.519606708274758,75.97098504763447,0,1,0
1786,FIR/2024/KA01/00919,125,30,2024-12-24,2024,12,registered,FIR registered for Extortion at Sethi Path.,38.0,Male,5,13.056087580769642,77.56099372096098,0,0,0
1787,FIR/2023/KA01/00920,160,9,2023-07-10,2023,7,chargesheeted,FIR registered for Assault on Women at Ranganathan Chowk.,39.0,Other,4,12.944808046028163,77.4727167508611,0,0,1
1788,FIR/2024/KA11/00055,504,8,2024-04-20,2024,4,pending_trial,Victim reported sexual assault incident at Banerjee Nagar. Medical examination conducted.,50.0,Male,4,15.211162280397705,76.84340856501814,0,0,1
1789,FIR/2023/KA01/00921,19,1,2023-10-18,2023,10,chargesheeted,Complaint received regarding theft of mobile phone worth Rs.317780.,,Other,1,13.056073408055333,77.46598634605165,0,0,1
1790,FIR/2023/KA01/00922,127,9,2023-09-27,2023,9,chargesheeted,FIR registered for Assault on Women at Deshmukh Circle.,,Male,2,12.881777274900733,77.69819089262899,0,0,1
1791,FIR/2023/KA01/00923,116,2,2023-02-11,2023,2,chargesheeted,FIR registered for House Breaking & Theft at Ahuja Road.,69.0,Female,2,13.034399828883808,77.63121119495518,0,0,1
1792,FIR/2023/KA29/00036,1090,12,2023-10-21,2023,10,under_investigation,Accused cheated complainant of Rs.243457 through false promises.,38.0,Male,5,14.48124935317945,75.97772882214183,0,1,0
1793,FIR/2022/KA05/00057,311,31,2022-08-16,2022,8,pending_trial,FIR registered for Criminal Intimidation at Murty Ganj.,64.0,Other,1,17.258063728357023,76.8884768439409,0,0,1
1794,FIR/2023/KA10/00065,495,23,2023-11-25,2023,11,under_investigation,FIR registered for Domestic Violence at Majumdar Nagar.,36.0,Female,1,13.277770970701214,77.12131779752438,0,0,0
1795,FIR/2022/KA01/00924,32,21,2022-12-08,2022,12,chargesheeted,FIR registered for Dowry Prohibition Act at Vaidya Circle.,44.0,Male,4,12.887809079200803,77.58784467441627,0,0,1
1796,FIR/2022/KA06/00046,342,24,2022-10-13,2022,10,pending_trial,FIR registered for NDPS Act at Dubey Circle.,42.0,Male,5,12.936868274581565,74.91925459503591,0,0,1
1797,FIR/2024/KA19/00004,799,1,2024-08-27,2024,8,chargesheeted,Complaint received regarding theft of laptop worth Rs.8113.,51.0,Female,1,12.280434764014759,75.73900203524991,0,0,1
1798,FIR/2022/KA01/00925,166,3,2022-07-08,2022,7,registered,Complainant robbed at Parekh Chowk by 4 armed persons.,41.0,Male,2,12.92834136141053,77.60634897709163,0,0,0
1799,FIR/2022/KA28/00021,1045,1,2022-02-21,2022,2,chargesheeted,Complaint received regarding theft of gold chain worth Rs.444049.,55.0,Male,1,14.813043244280921,74.77151366648596,0,0,1
1800,FIR/2023/KA01/00926,125,19,2023-10-04,2023,10,pending_trial,FIR registered for Cyber Crime - Phishing at Peri Road.,27.0,Female,2,13.029107219209765,77.56786369282285,1,0,1
1801,FIR/2022/KA01/00927,46,9,2022-03-23,2022,3,under_investigation,FIR registered for Assault on Women at Krish.,62.0,Other,3,13.023202608640155,77.4467465561905,0,0,0
1802,FIR/2024/KA01/00928,77,12,2024-11-27,2024,11,under_investigation,Accused cheated complainant of Rs.26841 through false promises.,52.0,Female,1,13.052052917791082,77.55309432320244,0,1,0
1803,FIR/2023/KA01/00929,78,12,2023-06-27,2023,6,pending_trial,Accused cheated complainant of Rs.351861 through false promises.,35.0,Other,5,13.10311077117284,77.5056937898776,0,1,1
1804,FIR/2024/KA29/00037,1093,4,2024-05-24,2024,5,chargesheeted,FIR registered for Dacoity at Ratta.,32.0,Other,1,14.589695228905867,75.97322759935672,0,0,1
1805,FIR/2023/KA01/00930,87,1,2023-09-04,2023,9,chargesheeted,Complaint received regarding theft of cash worth Rs.209099.,51.0,Male,3,12.849601600967576,77.56780572976679,0,0,1
1806,FIR/2024/KA01/00931,96,16,2024-06-13,2024,6,pending_trial,Victim lost Rs.459534 through online fraud/UPI scam.,61.0,Female,2,13.052694918861546,77.71065824042721,1,0,1
1807,FIR/2023/KA20/00040,833,28,2023-01-11,2023,1,chargesheeted,FIR registered for Criminal Trespass at Ghose Chowk.,44.0,Male,4,12.616663258211714,76.9077288769024,0,0,1
1808,FIR/2022/KA11/00056,503,9,2022-07-01,2022,7,chargesheeted,FIR registered for Assault on Women at Chandran Chowk.,75.0,Female,1,15.254550273138028,76.97438377858488,0,0,1
1809,FIR/2023/KA11/00057,523,1,2023-02-12,2023,2,chargesheeted,Complaint received regarding theft of mobile phone worth Rs.42227.,61.0,Male,1,15.281554763129234,76.92181162965329,0,0,1
1810,FIR/2024/KA01/00932,119,22,2024-11-03,2024,11,under_investigation,FIR registered for POCSO Act at Raj Nagar.,,Other,4,13.039987264440846,77.55473078722648,0,0,0
1811,FIR/2023/KA01/00933,110,27,2023-03-09,2023,3,under_investigation,FIR registered for Hurt/Grievous Hurt at Bhalla Zila.,54.0,Female,1,13.100828207632834,77.6479991667381,0,0,0
1812,FIR/2024/KA01/00934,161,23,2024-12-24,2024,12,under_investigation,FIR registered for Domestic Violence at Pall Path.,47.0,Other,1,13.104014716201151,77.52403440032099,0,0,0
1813,FIR/2024/KA30/00016,1114,3,2024-10-24,2024,10,registered,Complainant robbed at Saha Marg by 4 armed persons.,65.0,Female,4,15.329653458098056,76.45168840771117,0,0,0
1814,FIR/2022/KA07/00015,376,32,2022-07-04,2022,7,chargesheeted,FIR registered for Missing Person at Karan Zila.,49.0,Female,5,13.282140242744681,74.83656454480685,0,0,1
1815,FIR/2022/KA13/00039,600,17,2022-01-12,2022,1,chargesheeted,FIR registered for Cyber Crime - Identity Theft at Apte.,65.0,Other,4,16.309983598760738,77.2320575545401,1,0,1
1816,FIR/2023/KA01/00935,171,10,2023-02-18,2023,2,under_investigation,FIR registered for Sexual Harassment at Bhagat Marg.,28.0,Male,5,12.843911228157188,77.51063375635584,0,0,0
1817,FIR/2024/KA23/00019,908,17,2024-04-07,2024,4,closed,FIR registered for Cyber Crime - Identity Theft at Viswanathan Road.,61.0,Male,2,12.67700589639851,77.22806943919328,1,0,1
1818,FIR/2022/KA03/00022,218,1,2022-05-09,2022,5,registered,Complaint received regarding theft of cash worth Rs.488162.,66.0,Male,4,12.285587852810114,76.57264078085308,0,0,0
1819,FIR/2022/KA01/00936,177,9,2022-08-13,2022,8,chargesheeted,FIR registered for Assault on Women at Doctor Circle.,46.0,Female,2,13.043853978543357,77.74594634458478,0,0,1
1820,FIR/2022/KA01/00937,181,10,2022-04-24,2022,4,chargesheeted,FIR registered for Sexual Harassment at Thakkar Path.,,Male,2,12.840351643527756,77.68889482927709,0,0,1
1821,FIR/2024/KA01/00938,167,1,2024-12-01,2024,12,registered,Complaint received regarding theft of cash worth Rs.104037.,29.0,Other,3,12.91543540324709,77.69719271273277,0,0,0
1822,FIR/2022/KA21/00026,851,22,2022-05-16,2022,5,chargesheeted,FIR registered for POCSO Act at Ramaswamy Nagar.,18.0,Other,4,13.063712976980888,78.04330728486384,0,0,1
1823,FIR/2024/KA14/00039,643,27,2024-02-11,2024,2,closed,FIR registered for Hurt/Grievous Hurt at Thaman Chowk.,,Female,3,15.471386700375197,75.15129004743473,0,0,1
1824,FIR/2024/KA01/00939,41,19,2024-10-03,2024,10,under_investigation,FIR registered for Cyber Crime - Phishing at Kapadia Zila.,,Female,3,13.102717253000097,77.56007876355785,1,0,0
1825,FIR/2023/KA05/00058,312,19,2023-03-06,2023,3,closed,FIR registered for Cyber Crime - Phishing at Mann Marg.,49.0,Female,4,17.283408485152467,76.8393300813184,1,0,1
1826,FIR/2024/KA04/00047,240,1,2024-02-14,2024,2,closed,Complaint received regarding theft of cash worth Rs.371919.,43.0,Female,4,15.751262086029264,74.5651262002906,0,0,1
1827,FIR/2023/KA01/00940,30,12,2023-01-07,2023,1,chargesheeted,Accused cheated complainant of Rs.129801 through false promises.,39.0,Other,3,13.033641628714056,77.67531693445805,0,1,1
1828,FIR/2024/KA04/00048,268,1,2024-05-05,2024,5,chargesheeted,Complaint received regarding theft of mobile phone worth Rs.386642.,68.0,Other,3,15.81854998313166,74.57019605690057,0,0,1
1829,FIR/2022/KA14/00040,679,2,2022-08-09,2022,8,registered,FIR registered for House Breaking & Theft at Bawa.,45.0,Female,4,15.455622804133908,75.13631498616922,0,0,0
1830,FIR/2023/KA01/00941,53,29,2023-01-27,2023,1,pending_trial,FIR registered for Mischief at Rastogi Circle.,43.0,Male,5,12.929885389469062,77.69737520707866,0,0,1
1831,FIR/2024/KA01/00942,168,1,2024-07-26,2024,7,under_investigation,Complaint received regarding theft of laptop worth Rs.387168.,46.0,Female,3,12.99213750435236,77.60541555493707,0,0,0
1832,FIR/2024/KA21/00027,852,27,2024-04-04,2024,4,chargesheeted,FIR registered for Hurt/Grievous Hurt at Thaker Marg.,71.0,Other,3,13.164583541880267,78.13041027679992,0,0,1
1833,FIR/2022/KA01/00943,27,1,2022-02-09,2022,2,chargesheeted,Complaint received regarding theft of cash worth Rs.229001.,57.0,Female,3,13.006312241735332,77.6148068258139,0,0,1
1834,FIR/2022/KA01/00944,93,1,2022-12-26,2022,12,chargesheeted,Complaint received regarding theft of two-wheeler worth Rs.436775.,45.0,Female,2,13.065921359393771,77.69763706244899,0,0,1
1835,FIR/2023/KA01/00945,139,35,2023-10-09,2023,10,closed,FIR registered for SC/ST Atrocities Act at Hora Circle.,53.0,Other,5,12.979516263278876,77.5442421933302,0,0,1
1836,FIR/2022/KA18/00009,771,22,2022-02-11,2022,2,chargesheeted,FIR registered for POCSO Act at Rana Chowk.,19.0,Male,1,13.3173660999008,75.85880920095782,0,0,1
1837,FIR/2024/KA12/00046,574,8,2024-12-23,2024,12,pending_trial,Victim reported sexual assault incident at Hayre. Medical examination conducted.,51.0,Other,3,16.89919687304786,75.61711184850593,0,0,1
1838,FIR/2022/KA01/00946,123,7,2022-11-06,2022,11,under_investigation,FIR registered for Culpable Homicide at Viswanathan Circle.,,Other,5,13.097895219943686,77.49736773720706,0,0,0
1839,FIR/2022/KA01/00947,101,33,2022-03-07,2022,3,chargesheeted,FIR registered for Road Accident Death at Kibe Ganj.,,Other,5,13.019472244952626,77.53991092392403,0,0,1
1840,FIR/2024/KA11/00058,516,23,2024-07-17,2024,7,registered,FIR registered for Domestic Violence at Lata Zila.,34.0,Other,3,15.085945562049014,76.90640654522288,0,0,0
1841,FIR/2022/KA29/00038,1090,34,2022-10-20,2022,10,chargesheeted,FIR registered for Immoral Traffic Act at Naik Marg.,38.0,Other,4,14.47251794117803,75.97554528563086,0,0,1
1842,FIR/2024/KA17/00035,743,19,2024-10-25,2024,10,closed,FIR registered for Cyber Crime - Phishing at Chakraborty.,72.0,Other,4,14.183396611671844,76.45434185864377,1,0,1
1843,FIR/2024/KA01/00948,47,19,2024-02-02,2024,2,closed,FIR registered for Cyber Crime - Phishing at Sachdev Zila.,42.0,Female,2,13.059787360581803,77.46260478649886,1,0,1
1844,FIR/2022/KA25/00027,963,12,2022-06-11,2022,6,closed,Accused cheated complainant of Rs.218045 through false promises.,60.0,Other,4,17.79771694799226,77.58422431512793,0,1,1
1845,FIR/2024/KA01/00949,130,27,2024-06-16,2024,6,under_investigation,FIR registered for Hurt/Grievous Hurt at Halder Path.,18.0,Male,1,12.902774592894726,77.52397143319416,0,0,0
1846,FIR/2023/KA01/00950,165,1,2023-09-26,2023,9,closed,Complaint received regarding theft of cash worth Rs.453704.,21.0,Female,1,13.001288927323404,77.55241300895385,0,0,1
1847,FIR/2024/KA01/00951,169,33,2024-06-04,2024,6,under_investigation,FIR registered for Road Accident Death at Bajwa.,67.0,Other,5,13.042086893779848,77.60849113469413,0,0,0
1848,FIR/2022/KA01/00952,112,16,2022-01-05,2022,1,closed,Victim lost Rs.110691 through online fraud/UPI scam.,45.0,Male,5,13.00661626009267,77.65447189594408,1,0,1
1849,FIR/2023/KA29/00039,1086,11,2023-08-28,2023,8,registered,FIR registered for Kidnapping & Abduction at Sathe Path.,44.0,Male,1,14.601566875515404,75.92920996171817,0,0,0
1850,FIR/2024/KA01/00953,128,22,2024-05-05,2024,5,pending_trial,FIR registered for POCSO Act at Dhingra.,,Male,3,12.905024880528124,77.63752029377373,0,0,1
1851,FIR/2023/KA11/00059,542,8,2023-12-18,2023,12,under_investigation,Victim reported sexual assault incident at Basu Chowk. Medical examination conducted.,31.0,Female,5,14.991793639580216,76.90931531984272,0,0,0
1852,FIR/2022/KA01/00954,45,19,2022-11-03,2022,11,closed,FIR registered for Cyber Crime - Phishing at Iyengar Ganj.,70.0,Other,4,12.983490178781242,77.50454343912763,1,0,1
1853,FIR/2024/KA06/00047,345,28,2024-03-18,2024,3,under_investigation,FIR registered for Criminal Trespass at Dugal Path.,51.0,Male,3,13.052770927103273,74.78465149439049,0,0,0
1854,FIR/2022/KA01/00955,162,13,2022-04-12,2022,4,closed,FIR registered for Criminal Breach of Trust at Chowdhury Zila.,50.0,Male,5,13.046866722927291,77.58967079249548,0,1,1
1855,FIR/2022/KA10/00066,481,27,2022-04-19,2022,4,under_investigation,FIR registered for Hurt/Grievous Hurt at Kibe Nagar.,58.0,Other,1,13.378656232915002,77.26427264144807,0,0,0
1856,FIR/2024/KA01/00956,152,28,2024-01-06,2024,1,chargesheeted,FIR registered for Criminal Trespass at Divan.,69.0,Male,2,13.08616787622512,77.72816696935968,0,0,1
1857,FIR/2022/KA01/00957,88,16,2022-09-20,2022,9,pending_trial,Victim lost Rs.179128 through online fraud/UPI scam.,73.0,Male,4,12.821216391975279,77.54443015613889,1,0,1
1858,FIR/2024/KA01/00958,37,32,2024-01-08,2024,1,under_investigation,FIR registered for Missing Person at Choudhry Path.,52.0,Female,4,13.065602967479723,77.53146598596825,0,0,0
1859,FIR/2024/KA13/00040,615,1,2024-02-22,2024,2,under_investigation,Complaint received regarding theft of cash worth Rs.476520.,61.0,Other,2,16.195896663607744,77.488631410215,0,0,0
1860,FIR/2023/KA01/00959,158,10,2023-12-05,2023,12,closed,FIR registered for Sexual Harassment at Bajaj Chowk.,69.0,Female,1,13.018685061604346,77.43476294021364,0,0,1
1861,FIR/2023/KA01/00960,33,24,2023-11-25,2023,11,under_investigation,FIR registered for NDPS Act at Kadakia Path.,42.0,Other,5,12.86379276027487,77.6188198539815,0,0,0
1862,FIR/2022/KA01/00961,67,2,2022-07-27,2022,7,chargesheeted,FIR registered for House Breaking & Theft at Kakar Circle.,46.0,Male,1,12.93809096326484,77.71435073204525,0,0,1
1863,FIR/2024/KA01/00962,21,17,2024-10-07,2024,10,chargesheeted,FIR registered for Cyber Crime - Identity Theft at Virk Ganj.,51.0,Male,4,12.993389294705825,77.64595725469938,1,0,1
1864,FIR/2023/KA01/00963,7,1,2023-03-13,2023,3,closed,Complaint received regarding theft of gold chain worth Rs.300240.,53.0,Other,1,12.92230356756914,77.52630804208921,0,0,1
1865,FIR/2023/KA17/00036,738,10,2023-04-05,2023,4,chargesheeted,FIR registered for Sexual Harassment at Dhaliwal.,57.0,Other,5,14.333855994864432,76.27365517496702,0,0,1
1866,FIR/2022/KA06/00048,342,8,2022-03-08,2022,3,chargesheeted,Victim reported sexual assault incident at Puri Nagar. Medical examination conducted.,68.0,Female,3,12.957776882498482,74.94898184401019,0,0,1
1867,FIR/2023/KA12/00047,573,19,2023-12-18,2023,12,chargesheeted,FIR registered for Cyber Crime - Phishing at Vyas.,46.0,Other,3,16.950416677717772,75.59927305275914,1,0,1
1868,FIR/2022/KA12/00048,583,21,2022-08-14,2022,8,chargesheeted,FIR registered for Dowry Prohibition Act at Kumer Nagar.,74.0,Other,5,16.75155460918781,75.58536866182368,0,0,1
1869,FIR/2022/KA01/00964,127,1,2022-08-24,2022,8,under_investigation,Complaint received regarding theft of cash worth Rs.39764.,38.0,Female,5,12.851670125469036,77.70628923540595,0,0,0
1870,FIR/2024/KA10/00067,488,28,2024-06-17,2024,6,pending_trial,FIR registered for Criminal Trespass at Iyer Road.,31.0,Other,3,13.318553761357226,77.0726197549023,0,0,1
1871,FIR/2022/KA08/00030,413,2,2022-04-17,2022,4,registered,FIR registered for House Breaking & Theft at Madan.,27.0,Male,5,13.002422924764053,76.207843967461,0,0,0
1872,FIR/2023/KA16/00030,724,17,2023-02-21,2023,2,closed,FIR registered for Cyber Crime - Identity Theft at Shroff Nagar.,53.0,Other,1,14.725292452056527,75.51597989734334,1,0,1
1873,FIR/2024/KA14/00041,654,22,2024-09-17,2024,9,chargesheeted,FIR registered for POCSO Act at Bhavsar Nagar.,19.0,Other,4,15.388660713579716,75.09274059864546,0,0,1
1874,FIR/2024/KA01/00965,21,24,2024-12-25,2024,12,closed,FIR registered for NDPS Act at Madan Marg.,,Other,2,12.98053184266503,77.67114743072496,0,0,1
1875,FIR/2023/KA01/00966,103,19,2023-10-18,2023,10,under_investigation,FIR registered for Cyber Crime - Phishing at Chokshi Path.,75.0,Other,5,12.885134144749193,77.47189749413963,1,0,0
1876,FIR/2023/KA28/00022,1057,1,2023-11-10,2023,11,chargesheeted,Complaint received regarding theft of laptop worth Rs.488037.,38.0,Male,4,14.835660191921681,74.72081466657133,0,0,1
1877,FIR/2022/KA01/00967,60,23,2022-10-14,2022,10,closed,FIR registered for Domestic Violence at Kashyap Marg.,46.0,Male,4,12.898851367471018,77.68941040300392,0,0,1
1878,FIR/2024/KA01/00968,85,14,2024-03-27,2024,3,closed,FIR registered for Forgery at Trivedi Marg.,58.0,Male,3,13.102714131666456,77.6681087317383,0,1,1
1879,FIR/2024/KA01/00969,76,2,2024-06-05,2024,6,chargesheeted,FIR registered for House Breaking & Theft at Mutti Zila.,63.0,Female,3,13.098544499150032,77.68143577954704,0,0,1
1880,FIR/2022/KA01/00970,180,32,2022-09-18,2022,9,under_investigation,FIR registered for Missing Person at Wali Chowk.,48.0,Male,1,12.845356709709282,77.47840636009349,0,0,0
1881,FIR/2022/KA09/00029,448,3,2022-11-26,2022,11,under_investigation,Complainant robbed at Grewal Zila by 4 armed persons.,46.0,Male,3,13.935783408457175,75.46443275829266,0,0,0
1882,FIR/2024/KA10/00068,498,18,2024-09-20,2024,9,registered,FIR registered for Cyber Crime - Hacking at Tella Ganj.,46.0,Other,4,13.472755073690605,77.18244741363505,1,0,0
1883,FIR/2023/KA01/00971,111,13,2023-03-08,2023,3,chargesheeted,FIR registered for Criminal Breach of Trust at Bains Chowk.,50.0,Female,3,13.06819854837475,77.5346831486502,0,1,1
1884,FIR/2023/KA29/00040,1107,9,2023-05-01,2023,5,pending_trial,FIR registered for Assault on Women at Kota Nagar.,45.0,Female,1,14.441510746171476,75.90416116735888,0,0,1
1885,FIR/2022/KA01/00972,128,17,2022-03-20,2022,3,under_investigation,FIR registered for Cyber Crime - Identity Theft at Mody Circle.,31.0,Male,3,12.899063686756879,77.63582677851905,1,0,0
1886,FIR/2024/KA26/00011,970,6,2024-08-23,2024,8,pending_trial,FIR registered for Attempt to Murder at Suri Path.,32.0,Male,5,15.327189112352887,76.1857794112934,0,0,1
1887,FIR/2024/KA01/00973,38,21,2024-12-07,2024,12,chargesheeted,FIR registered for Dowry Prohibition Act at Dugar Marg.,41.0,Other,3,12.997508318431997,77.4880641907537,0,0,1
1888,FIR/2023/KA01/00974,61,20,2023-04-08,2023,4,under_investigation,FIR registered for Dowry Death at Palan Nagar.,,Female,3,13.032078766516994,77.66707511792161,0,0,0
1889,FIR/2023/KA27/00057,1031,21,2023-07-01,2023,7,pending_trial,FIR registered for Dowry Prohibition Act at Pant Path.,72.0,Female,3,16.16050304827186,75.72206621732066,0,0,1
1890,FIR/2022/KA01/00975,68,9,2022-06-24,2022,6,chargesheeted,FIR registered for Assault on Women at Keer Road.,58.0,Female,3,13.009584947058883,77.64734794360814,0,0,1
1891,FIR/2023/KA01/00976,52,1,2023-10-04,2023,10,under_investigation,Complaint received regarding theft of laptop worth Rs.6540.,,Male,2,13.000713902781015,77.64503017482365,0,0,0
1892,FIR/2022/KA14/00042,680,1,2022-07-19,2022,7,chargesheeted,Complaint received regarding theft of gold chain worth Rs.472266.,66.0,Female,3,15.462498853187892,74.89535315886255,0,0,1
1893,FIR/2022/KA09/00030,443,2,2022-01-23,2022,1,chargesheeted,FIR registered for House Breaking & Theft at Balan Marg.,36.0,Male,2,14.073438653309097,75.55664362236601,0,0,1
1894,FIR/2024/KA01/00977,60,32,2024-03-18,2024,3,under_investigation,FIR registered for Missing Person at Mammen Circle.,45.0,Other,3,12.919930776801117,77.68978505155349,0,0,0
1895,FIR/2023/KA01/00978,127,21,2023-10-24,2023,10,chargesheeted,FIR registered for Dowry Prohibition Act at Doshi Ganj.,75.0,Male,4,12.864431463194734,77.70143518775603,0,0,1
1896,FIR/2024/KA10/00069,489,22,2024-10-24,2024,10,under_investigation,FIR registered for POCSO Act at Ramaswamy Path.,18.0,Male,3,13.433256219544576,77.2437668242394,0,0,0
1897,FIR/2023/KA01/00979,96,1,2023-05-06,2023,5,closed,Complaint received regarding theft of mobile phone worth Rs.75478.,62.0,Male,3,13.072309742350456,77.70776571420133,0,0,1
1898,FIR/2024/KA23/00020,914,17,2024-02-07,2024,2,chargesheeted,FIR registered for Cyber Crime - Identity Theft at Verma Marg.,49.0,Female,5,12.758021775781675,77.41287749383376,1,0,1
1899,FIR/2024/KA30/00017,1125,2,2024-08-20,2024,8,registered,FIR registered for House Breaking & Theft at Karan.,43.0,Male,3,15.305437627466112,76.5961972559951,0,0,0
1900,FIR/2024/KA10/00070,486,34,2024-04-08,2024,4,closed,FIR registered for Immoral Traffic Act at Khosla Marg.,43.0,Female,4,13.320224283709994,77.18310249983732,0,0,1
1901,FIR/2024/KA11/00060,502,5,2024-07-27,2024,7,registered,Dead body found at Dua. Prima facie case of murder registered.,26.0,Female,2,15.196261374942663,76.83897826073452,0,0,0
1902,FIR/2024/KA01/00980,39,26,2024-06-24,2024,6,pending_trial,FIR registered for Riots at Muni Marg.,66.0,Male,2,12.841802704158457,77.67032786545599,0,0,1
1903,FIR/2023/KA01/00981,138,19,2023-05-26,2023,5,under_investigation,FIR registered for Cyber Crime - Phishing at Narayan.,72.0,Other,3,12.982675205664634,77.49791802509468,1,0,0
1904,FIR/2024/KA01/00982,157,9,2024-06-11,2024,6,registered,FIR registered for Assault on Women at Deep Chowk.,61.0,Female,5,12.92173420779595,77.558740273673,0,0,0
1905,FIR/2022/KA27/00058,1013,33,2022-09-18,2022,9,under_investigation,FIR registered for Road Accident Death at Devi Ganj.,32.0,Male,3,16.088028057608483,75.64271073310529,0,0,0
1906,FIR/2022/KA21/00028,867,24,2022-12-24,2022,12,chargesheeted,FIR registered for NDPS Act at Jain.,71.0,Male,2,13.115015924468992,78.24849626830766,0,0,1
1907,FIR/2024/KA01/00983,25,8,2024-12-26,2024,12,chargesheeted,Victim reported sexual assault incident at More Street. Medical examination conducted.,38.0,Male,1,13.106158523424998,77.49362814680578,0,0,1
1908,FIR/2022/KA09/00031,422,23,2022-05-01,2022,5,chargesheeted,FIR registered for Domestic Violence at Deshmukh Circle.,45.0,Female,1,14.014847311167454,75.41061070103238,0,0,1
1909,FIR/2023/KA11/00061,548,1,2023-09-26,2023,9,under_investigation,Complaint received regarding theft of mobile phone worth Rs.36339.,52.0,Female,2,15.235196964145667,76.7995422170796,0,0,0
1910,FIR/2024/KA08/00031,410,2,2024-02-11,2024,2,under_investigation,FIR registered for House Breaking & Theft at Dugar.,52.0,Female,2,13.121094293379272,75.97835254268986,0,0,0
1911,FIR/2023/KA01/00984,85,19,2023-01-16,2023,1,closed,FIR registered for Cyber Crime - Phishing at Bir Path.,,Other,4,13.110349472311885,77.64470934008432,1,0,1
1912,FIR/2022/KA06/00049,342,1,2022-05-05,2022,5,under_investigation,Complaint received regarding theft of laptop worth Rs.444851.,53.0,Other,1,12.930531516101277,74.93117755008637,0,0,0
1913,FIR/2024/KA25/00028,959,8,2024-10-22,2024,10,under_investigation,Victim reported sexual assault incident at Gour Zila. Medical examination conducted.,65.0,Male,1,17.89649477513827,77.65529875328036,0,0,0
1914,FIR/2022/KA31/00013,1148,3,2022-04-02,2022,4,under_investigation,Complainant robbed at Dhingra Path by 3 armed persons.,62.0,Female,1,12.024284204757226,76.89612249765317,0,0,0
1915,FIR/2024/KA10/00071,471,15,2024-03-06,2024,3,under_investigation,FIR registered for Counterfeiting at Nagar Nagar.,19.0,Female,4,13.341392984653433,77.16444487171836,0,1,0
1916,FIR/2022/KA01/00985,181,27,2022-02-09,2022,2,under_investigation,FIR registered for Hurt/Grievous Hurt at Sabharwal Marg.,,Female,4,12.875197458135679,77.69337026655984,0,0,0
1917,FIR/2022/KA29/00041,1095,15,2022-12-17,2022,12,under_investigation,FIR registered for Counterfeiting at Savant Road.,20.0,Female,2,14.439993438230907,75.78812724825981,0,1,0
1918,FIR/2022/KA01/00986,108,1,2022-03-22,2022,3,under_investigation,Complaint received regarding theft of gold chain worth Rs.203065.,24.0,Other,5,12.954418333513724,77.57933345523462,0,0,0
1919,FIR/2022/KA16/00031,731,12,2022-02-25,2022,2,under_investigation,Accused cheated complainant of Rs.165823 through false promises.,24.0,Male,2,14.692718693998787,75.32663468792126,0,1,0
1920,FIR/2024/KA01/00987,123,31,2024-09-13,2024,9,pending_trial,FIR registered for Criminal Intimidation at Goyal Street.,64.0,Other,3,13.090262402523637,77.49540473585049,0,0,1
1921,FIR/2024/KA01/00988,150,2,2024-11-10,2024,11,under_investigation,FIR registered for House Breaking & Theft at Loke Nagar.,37.0,Female,5,12.884697737381755,77.66616105120472,0,0,0
1922,FIR/2022/KA17/00037,741,8,2022-03-09,2022,3,chargesheeted,Victim reported sexual assault incident at Kashyap. Medical examination conducted.,65.0,Male,5,14.09476822276062,76.30262368865934,0,0,1
1923,FIR/2023/KA01/00989,21,1,2023-08-21,2023,8,chargesheeted,Complaint received regarding theft of two-wheeler worth Rs.150085.,48.0,Male,3,12.987944634320629,77.67094988124637,0,0,1
1924,FIR/2024/KA27/00059,1000,14,2024-06-23,2024,6,under_investigation,FIR registered for Forgery at Bal Ganj.,54.0,Male,3,16.21271201157213,75.71314801829425,0,1,0
1925,FIR/2024/KA01/00990,160,22,2024-03-12,2024,3,closed,FIR registered for POCSO Act at Buch Path.,24.0,Female,4,12.970832251054949,77.4852759565382,0,0,1
1926,FIR/2024/KA01/00991,63,11,2024-04-13,2024,4,closed,FIR registered for Kidnapping & Abduction at Desai Chowk.,67.0,Female,4,12.836517089540862,77.6580322295231,0,0,1
1927,FIR/2023/KA01/00992,26,11,2023-04-11,2023,4,under_investigation,FIR registered for Kidnapping & Abduction at Singh Circle.,58.0,Other,5,12.851264058080638,77.48741250665005,0,0,0
1928,FIR/2024/KA31/00014,1138,14,2024-03-10,2024,3,under_investigation,FIR registered for Forgery at Gour Path.,39.0,Female,1,12.018866169143008,76.98979166299564,0,1,0
1929,FIR/2023/KA01/00993,155,27,2023-11-23,2023,11,pending_trial,FIR registered for Hurt/Grievous Hurt at Swamy Marg.,31.0,Other,3,12.890887971521774,77.64689894468957,0,0,1
1930,FIR/2023/KA23/00021,900,12,2023-12-14,2023,12,under_investigation,Accused cheated complainant of Rs.18701 through false promises.,43.0,Other,5,12.78965659947587,77.13598927039241,0,1,0
1931,FIR/2022/KA08/00032,416,12,2022-10-21,2022,10,under_investigation,Accused cheated complainant of Rs.399291 through false promises.,40.0,Male,5,12.938908096666546,76.03063805700282,0,1,0
1932,FIR/2024/KA01/00994,34,1,2024-09-21,2024,9,under_investigation,Complaint received regarding theft of laptop worth Rs.51338.,49.0,Male,4,12.989522948906046,77.4728092291349,0,0,0
1933,FIR/2024/KA01/00995,85,3,2024-12-06,2024,12,closed,Complainant robbed at Aurora Marg by 1 armed persons.,57.0,Female,4,13.123472034192648,77.66805943830335,0,0,1
1934,FIR/2022/KA01/00996,115,16,2022-01-18,2022,1,closed,Victim lost Rs.388734 through online fraud/UPI scam.,25.0,Male,1,13.039917829437458,77.62630727568666,1,0,1
1935,FIR/2024/KA28/00023,1061,28,2024-04-19,2024,4,closed,FIR registered for Criminal Trespass at Jain Ganj.,35.0,Male,5,14.861476801671312,74.68440938607206,0,0,1
1936,FIR/2022/KA01/00997,146,25,2022-07-27,2022,7,chargesheeted,FIR registered for Arms Act at Bhatti Ganj.,70.0,Male,5,12.811770390506986,77.59197378508784,0,0,1
1937,FIR/2023/KA01/00998,4,1,2023-10-28,2023,10,closed,Complaint received regarding theft of gold chain worth Rs.10949.,54.0,Female,5,12.843420222431464,77.48744795412918,0,0,1
1938,FIR/2022/KA01/00999,164,16,2022-11-04,2022,11,under_investigation,Victim lost Rs.373320 through online fraud/UPI scam.,54.0,Female,1,12.910094875281928,77.57790091321492,1,0,0
1939,FIR/2023/KA01/01000,152,23,2023-11-01,2023,11,under_investigation,FIR registered for Domestic Violence at Shankar Path.,56.0,Male,1,13.051585170389393,77.7296011763807,0,0,0
1940,FIR/2024/KA12/00049,568,3,2024-03-12,2024,3,closed,Complainant robbed at Sane Ganj by 1 armed persons.,63.0,Male,5,16.72757127825359,75.70816326427779,0,0,1
1941,FIR/2022/KA06/00050,329,3,2022-01-25,2022,1,closed,Complainant robbed at Barman Marg by 2 armed persons.,35.0,Male,4,12.78312467502555,74.92687448231162,0,0,1
1942,FIR/2023/KA08/00033,412,27,2023-08-22,2023,8,closed,FIR registered for Hurt/Grievous Hurt at Rai.,70.0,Other,5,13.137476697451637,76.0528050878722,0,0,1
1943,FIR/2024/KA01/01001,93,28,2024-12-02,2024,12,pending_trial,FIR registered for Criminal Trespass at Ramesh Path.,,Female,5,13.064464635874192,77.68384326787306,0,0,1
1944,FIR/2022/KA01/01002,161,14,2022-05-19,2022,5,chargesheeted,FIR registered for Forgery at Yadav.,21.0,Female,2,13.126987281848864,77.5071711004229,0,1,1
1945,FIR/2024/KA08/00034,410,11,2024-09-18,2024,9,closed,FIR registered for Kidnapping & Abduction at Barad Circle.,43.0,Other,1,13.125761589151388,75.9434351487897,0,0,1
1946,FIR/2023/KA01/01003,173,14,2023-10-20,2023,10,registered,FIR registered for Forgery at Chopra Circle.,67.0,Male,3,12.949328765254771,77.6780897201281,0,1,0
1947,FIR/2023/KA26/00012,974,27,2023-06-10,2023,6,chargesheeted,FIR registered for Hurt/Grievous Hurt at Shan Chowk.,22.0,Female,1,15.211522357721227,76.2631189708663,0,0,1
1948,FIR/2023/KA11/00062,547,17,2023-11-04,2023,11,chargesheeted,FIR registered for Cyber Crime - Identity Theft at Korpal Nagar.,42.0,Male,1,15.254387019742492,76.88331609683028,1,0,1
1949,FIR/2022/KA01/01004,69,13,2022-12-03,2022,12,closed,FIR registered for Criminal Breach of Trust at Yogi Circle.,24.0,Other,3,13.008216913195012,77.55218753465755,0,1,1
1950,FIR/2024/KA25/00029,969,10,2024-03-10,2024,3,pending_trial,FIR registered for Sexual Harassment at Baral Marg.,25.0,Male,5,17.8864830626001,77.56250503671738,0,0,1
1951,FIR/2023/KA04/00049,247,19,2023-06-05,2023,6,pending_trial,FIR registered for Cyber Crime - Phishing at Ram Circle.,48.0,Other,3,15.973183379857947,74.38241756120091,1,0,1
1952,FIR/2022/KA01/01005,47,12,2022-07-07,2022,7,chargesheeted,Accused cheated complainant of Rs.295512 through false promises.,,Other,4,13.071557618387303,77.48468203214813,0,1,1
1953,FIR/2024/KA08/00035,403,13,2024-11-13,2024,11,under_investigation,FIR registered for Criminal Breach of Trust at Manne Ganj.,27.0,Male,3,12.948314355545097,75.94141640511732,0,1,0
1954,FIR/2023/KA01/01006,80,2,2023-12-08,2023,12,under_investigation,FIR registered for House Breaking & Theft at Rao Chowk.,,Other,4,12.901311470268574,77.62229284412138,0,0,0
1955,FIR/2023/KA27/00060,996,22,2023-02-14,2023,2,chargesheeted,FIR registered for POCSO Act at Mangal Road.,29.0,Other,4,16.22923974658581,75.61799984754224,0,0,1
1956,FIR/2024/KA03/00023,214,1,2024-01-05,2024,1,chargesheeted,Complaint received regarding theft of gold chain worth Rs.260096.,47.0,Other,5,12.376621427527185,76.68156626935885,0,0,1
1957,FIR/2023/KA10/00072,476,9,2023-09-17,2023,9,pending_trial,FIR registered for Assault on Women at Menon Marg.,50.0,Other,5,13.420926228543866,77.08913417213877,0,0,1
1958,FIR/2022/KA01/01007,40,20,2022-06-04,2022,6,chargesheeted,FIR registered for Dowry Death at Bhagat.,60.0,Female,2,13.014149812711496,77.73978687745358,0,0,1
1959,FIR/2024/KA09/00032,452,5,2024-05-05,2024,5,closed,Dead body found at Dhar Circle. Prima facie case of murder registered.,42.0,Female,2,13.85355986584157,75.58420601177701,0,0,1
1960,FIR/2023/KA14/00043,645,21,2023-06-01,2023,6,under_investigation,FIR registered for Dowry Prohibition Act at Seth Chowk.,23.0,Female,3,15.539039264061103,75.08539629145726,0,0,0
1961,FIR/2023/KA24/00013,918,1,2023-07-17,2023,7,chargesheeted,Complaint received regarding theft of laptop worth Rs.456488.,68.0,Other,5,16.647484188496243,77.03830406778103,0,0,1
1962,FIR/2023/KA01/01008,90,31,2023-01-01,2023,1,pending_trial,FIR registered for Criminal Intimidation at Gole Zila.,69.0,Male,4,12.993221024158567,77.47659474377004,0,0,1
1963,FIR/2022/KA12/00050,569,22,2022-08-14,2022,8,under_investigation,FIR registered for POCSO Act at Deshmukh.,73.0,Other,2,16.95613627963798,75.71289900970085,0,0,0
1964,FIR/2023/KA01/01009,86,8,2023-03-06,2023,3,under_investigation,Victim reported sexual assault incident at Sachdev Marg. Medical examination conducted.,48.0,Female,2,13.073019353534402,77.61366963453577,0,0,0
1965,FIR/2024/KA01/01010,85,1,2024-10-19,2024,10,chargesheeted,Complaint received regarding theft of mobile phone worth Rs.5675.,,Other,5,13.095834063416829,77.65611958192042,0,0,1
1966,FIR/2023/KA29/00042,1074,10,2023-02-08,2023,2,under_investigation,FIR registered for Sexual Harassment at Gola Nagar.,40.0,Other,1,14.528830706935464,75.85998770895193,0,0,0
1967,FIR/2024/KA01/01011,3,22,2024-06-07,2024,6,under_investigation,FIR registered for POCSO Act at Jaggi Chowk.,59.0,Other,5,12.81638507990704,77.48573468137873,0,0,0
1968,FIR/2024/KA01/01012,53,2,2024-07-10,2024,7,under_investigation,FIR registered for House Breaking & Theft at Chana Chowk.,47.0,Other,2,12.904559426015267,77.72016736964788,0,0,0
1969,FIR/2024/KA08/00036,390,1,2024-01-28,2024,1,registered,Complaint received regarding theft of gold chain worth Rs.58648.,63.0,Female,2,12.983831291488768,75.95230557716278,0,0,0
1970,FIR/2024/KA01/01013,111,12,2024-03-26,2024,3,closed,Accused cheated complainant of Rs.492501 through false promises.,53.0,Female,4,13.06323148165654,77.5511134381137,0,1,1
1971,FIR/2024/KA16/00032,720,12,2024-03-18,2024,3,registered,Accused cheated complainant of Rs.341361 through false promises.,,Male,3,14.788050875221414,75.30531907056309,0,1,0
1972,FIR/2023/KA01/01014,146,25,2023-11-23,2023,11,pending_trial,FIR registered for Arms Act at Patil Chowk.,24.0,Male,5,12.836430413792401,77.61517498327727,0,0,1
1973,FIR/2022/KA24/00014,933,30,2022-05-08,2022,5,closed,FIR registered for Extortion at Viswanathan Zila.,39.0,Other,3,16.781932865598346,77.00559966288095,0,0,1
1974,FIR/2024/KA27/00061,1014,27,2024-06-19,2024,6,chargesheeted,FIR registered for Hurt/Grievous Hurt at Vaidya Marg.,75.0,Other,1,16.33256662301585,75.76314671342467,0,0,1
1975,FIR/2024/KA01/01015,73,27,2024-07-19,2024,7,chargesheeted,FIR registered for Hurt/Grievous Hurt at Dutta.,69.0,Other,4,12.824168907149692,77.49121310362669,0,0,1
1976,FIR/2022/KA01/01016,104,35,2022-01-13,2022,1,under_investigation,FIR registered for SC/ST Atrocities Act at Rai Marg.,35.0,Female,4,13.11502019579316,77.58945577409098,0,0,0
1977,FIR/2023/KA01/01017,54,16,2023-06-05,2023,6,chargesheeted,Victim lost Rs.490723 through online fraud/UPI scam.,53.0,Male,3,12.985995835570728,77.48872848229247,1,0,1
1978,FIR/2024/KA09/00033,446,1,2024-03-12,2024,3,under_investigation,Complaint received regarding theft of mobile phone worth Rs.273450.,64.0,Female,5,14.038231224458436,75.49888790941097,0,0,0
1979,FIR/2022/KA01/01018,16,1,2022-07-10,2022,7,under_investigation,Complaint received regarding theft of laptop worth Rs.410731.,29.0,Female,1,13.01727115045702,77.63435148472459,0,0,0
1980,FIR/2024/KA05/00059,298,33,2024-04-24,2024,4,under_investigation,FIR registered for Road Accident Death at Behl Street.,18.0,Male,3,17.20075766048335,76.87997252167166,0,0,0
1981,FIR/2023/KA17/00038,745,1,2023-05-04,2023,5,chargesheeted,Complaint received regarding theft of gold chain worth Rs.134289.,38.0,Other,3,14.218604011437218,76.30023054494698,0,0,1
1982,FIR/2022/KA01/01019,165,16,2022-10-01,2022,10,under_investigation,Victim lost Rs.300226 through online fraud/UPI scam.,,Female,2,12.999456904677206,77.54075436457084,1,0,0
1983,FIR/2024/KA11/00063,499,16,2024-04-08,2024,4,chargesheeted,Victim lost Rs.421718 through online fraud/UPI scam.,36.0,Female,2,15.209623698932123,76.89924093889837,1,0,1
1984,FIR/2024/KA01/01020,175,2,2024-06-21,2024,6,chargesheeted,FIR registered for House Breaking & Theft at Deep Zila.,35.0,Male,2,12.88357903463694,77.47615839949698,0,0,1
1985,FIR/2023/KA01/01021,62,29,2023-12-20,2023,12,chargesheeted,FIR registered for Mischief at Aggarwal Ganj.,28.0,Other,2,13.050290811837144,77.47209671222771,0,0,1
1986,FIR/2023/KA01/01022,57,15,2023-02-14,2023,2,chargesheeted,FIR registered for Counterfeiting at Kulkarni.,33.0,Other,2,13.088401884922897,77.73059698942927,0,1,1
1987,FIR/2022/KA01/01023,27,19,2022-04-16,2022,4,closed,FIR registered for Cyber Crime - Phishing at Shanker Nagar.,70.0,Female,1,13.044591058777645,77.60836739994068,1,0,1
1988,FIR/2024/KA16/00033,704,27,2024-04-19,2024,4,under_investigation,FIR registered for Hurt/Grievous Hurt at Tara Chowk.,,Male,1,14.777417473926787,75.4459449772199,0,0,0
1989,FIR/2024/KA01/01024,180,13,2024-01-04,2024,1,chargesheeted,FIR registered for Criminal Breach of Trust at Ahluwalia Circle.,49.0,Other,4,12.818645104950578,77.4434297667705,0,1,1
1990,FIR/2023/KA01/01025,48,16,2023-01-21,2023,1,registered,Victim lost Rs.344754 through online fraud/UPI scam.,42.0,Male,2,12.980891453926954,77.60143291708813,1,0,0
1991,FIR/2024/KA01/01026,33,12,2024-12-22,2024,12,under_investigation,Accused cheated complainant of Rs.38549 through false promises.,56.0,Female,1,12.862606764090984,77.635364684643,0,1,0
1992,FIR/2022/KA20/00041,829,1,2022-10-26,2022,10,closed,Complaint received regarding theft of two-wheeler worth Rs.5246.,40.0,Other,2,12.569423657238156,76.90306631261718,0,0,1
1993,FIR/2022/KA01/01027,95,29,2022-07-21,2022,7,chargesheeted,FIR registered for Mischief at Rout Chowk.,42.0,Female,4,12.897686675531846,77.70309067139873,0,0,1
1994,FIR/2024/KA11/00064,549,1,2024-08-01,2024,8,closed,Complaint received regarding theft of mobile phone worth Rs.327405.,40.0,Male,5,15.050913984419953,76.91675440445233,0,0,1
1995,FIR/2022/KA01/01028,128,26,2022-02-22,2022,2,chargesheeted,FIR registered for Riots at Ahuja.,39.0,Male,3,12.882843805792698,77.63473525602868,0,0,1
1996,FIR/2024/KA09/00034,434,3,2024-07-03,2024,7,under_investigation,Complainant robbed at Mall Ganj by 1 armed persons.,59.0,Female,4,13.99466659911744,75.62443717832367,0,0,0
1997,FIR/2024/KA21/00029,865,1,2024-02-26,2024,2,chargesheeted,Complaint received regarding theft of mobile phone worth Rs.86725.,61.0,Male,4,13.199430417132515,78.13171377877467,0,0,1
1998,FIR/2023/KA06/00051,338,1,2023-08-01,2023,8,under_investigation,Complaint received regarding theft of laptop worth Rs.336670.,33.0,Male,2,12.853890900163876,74.80537277558753,0,0,0
1999,FIR/2024/KA01/01029,58,22,2024-09-12,2024,9,chargesheeted,FIR registered for POCSO Act at Bhakta Street.,58.0,Other,3,12.877377861204812,77.58499737108603,0,0,1
2000,FIR/2024/KA01/01030,38,16,2024-04-16,2024,4,under_investigation,Victim lost Rs.448444 through online fraud/UPI scam.,30.0,Male,1,12.97296372020285,77.47808530612326,1,0,0
2001,FIR/2024/KA27/00062,1013,16,2024-08-27,2024,8,under_investigation,Victim lost Rs.303738 through online fraud/UPI scam.,62.0,Other,1,16.059309163121462,75.64205712378757,1,0,0
2002,FIR/2024/KA04/00050,251,12,2024-06-20,2024,6,chargesheeted,Accused cheated complainant of Rs.451408 through false promises.,31.0,Male,4,15.916992629487885,74.48616590540314,0,1,1
2003,FIR/2023/KA01/01031,177,13,2023-05-04,2023,5,chargesheeted,FIR registered for Criminal Breach of Trust at Chahal Path.,54.0,Male,3,13.054796671084615,77.75435599591322,0,1,1
2004,FIR/2023/KA20/00042,811,27,2023-03-02,2023,3,under_investigation,FIR registered for Hurt/Grievous Hurt at Chopra Nagar.,69.0,Female,2,12.52131817376732,76.84804677365685,0,0,0
2005,FIR/2023/KA01/01032,120,14,2023-03-14,2023,3,chargesheeted,FIR registered for Forgery at Gokhale Marg.,,Male,4,13.005740147950595,77.43744899454043,0,1,1
2006,FIR/2023/KA01/01033,86,27,2023-06-08,2023,6,pending_trial,FIR registered for Hurt/Grievous Hurt at Mane Street.,38.0,Female,5,13.070749466738173,77.61578230783635,0,0,1
2007,FIR/2022/KA01/01034,120,1,2022-09-15,2022,9,chargesheeted,Complaint received regarding theft of cash worth Rs.228273.,70.0,Other,3,13.026743311817052,77.45948143895922,0,0,1
2008,FIR/2022/KA27/00063,1037,9,2022-01-10,2022,1,under_investigation,FIR registered for Assault on Women at Parsa Chowk.,55.0,Male,5,16.269029265789207,75.58913410024913,0,0,0
2009,FIR/2022/KA01/01035,166,9,2022-06-28,2022,6,under_investigation,FIR registered for Assault on Women at Chander Nagar.,66.0,Female,4,12.927542477364836,77.57803792475619,0,0,0
2010,FIR/2023/KA01/01036,116,16,2023-04-24,2023,4,under_investigation,Victim lost Rs.326854 through online fraud/UPI scam.,31.0,Female,3,13.061599909779336,77.62935696896785,1,0,0
2011,FIR/2024/KA01/01037,128,13,2024-10-04,2024,10,under_investigation,FIR registered for Criminal Breach of Trust at Raghavan Path.,68.0,Male,3,12.911491183234402,77.63435676322689,0,1,0
2012,FIR/2022/KA01/01038,136,6,2022-12-28,2022,12,chargesheeted,FIR registered for Attempt to Murder at Sane Zila.,64.0,Other,4,12.941446781756525,77.65612061332202,0,0,1
2013,FIR/2022/KA01/01039,165,25,2022-02-28,2022,2,chargesheeted,FIR registered for Arms Act at Bhattacharyya Circle.,59.0,Other,5,12.990058174769166,77.55000119766092,0,0,1
2014,FIR/2023/KA11/00065,534,1,2023-09-22,2023,9,closed,Complaint received regarding theft of two-wheeler worth Rs.410888.,59.0,Other,2,15.154788620621712,76.9469105926078,0,0,1
2015,FIR/2023/KA14/00044,643,10,2023-12-23,2023,12,under_investigation,FIR registered for Sexual Harassment at Dara Street.,67.0,Other,4,15.454400028637476,75.13158621450965,0,0,0
2016,FIR/2022/KA01/01040,74,24,2022-11-08,2022,11,chargesheeted,FIR registered for NDPS Act at Narayan Road.,,Male,2,12.941634233976417,77.47825465267597,0,0,1
2017,FIR/2024/KA20/00043,822,2,2024-01-27,2024,1,pending_trial,FIR registered for House Breaking & Theft at Sachdev Circle.,35.0,Male,4,12.444923271113016,76.79517639316174,0,0,1
2018,FIR/2023/KA01/01041,127,23,2023-09-07,2023,9,under_investigation,FIR registered for Domestic Violence at Kadakia Circle.,42.0,Male,5,12.856002424516946,77.72214053230432,0,0,0
2019,FIR/2022/KA25/00030,951,1,2022-09-20,2022,9,under_investigation,Complaint received regarding theft of mobile phone worth Rs.370592.,72.0,Female,3,17.921038583993123,77.556750611317,0,0,0
2020,FIR/2022/KA01/01042,177,1,2022-07-20,2022,7,under_investigation,Complaint received regarding theft of cash worth Rs.199233.,63.0,Male,1,13.05365947823256,77.72340485352396,0,0,0
2021,FIR/2023/KA27/00064,1027,34,2023-10-12,2023,10,closed,FIR registered for Immoral Traffic Act at Sule Zila.,70.0,Other,1,16.20963481107553,75.77482087965507,0,0,1
2022,FIR/2022/KA27/00065,990,16,2022-05-13,2022,5,under_investigation,Victim lost Rs.417658 through online fraud/UPI scam.,21.0,Male,5,16.299044935504664,75.64867508292595,1,0,0
2023,FIR/2024/KA11/00066,524,21,2024-12-24,2024,12,registered,FIR registered for Dowry Prohibition Act at Nadig Marg.,,Male,3,15.0941516113443,76.89936383813408,0,0,0
2024,FIR/2022/KA01/01043,96,21,2022-07-17,2022,7,under_investigation,FIR registered for Dowry Prohibition Act at Vora Road.,58.0,Other,1,13.05873861854978,77.71182604911554,0,0,0
2025,FIR/2024/KA01/01044,41,1,2024-08-10,2024,8,chargesheeted,Complaint received regarding theft of gold chain worth Rs.270125.,57.0,Other,1,13.067454371982269,77.56767363533005,0,0,1
2026,FIR/2023/KA15/00016,701,26,2023-06-13,2023,6,under_investigation,FIR registered for Riots at Taneja Street.,20.0,Male,5,15.4586160705341,75.52205009024291,0,0,0
2027,FIR/2023/KA01/01045,108,2,2023-11-04,2023,11,under_investigation,FIR registered for House Breaking & Theft at Tank Circle.,24.0,Female,1,12.92838612361652,77.56595827572103,0,0,0
2028,FIR/2023/KA01/01046,135,24,2023-07-14,2023,7,pending_trial,FIR registered for NDPS Act at Gole Chowk.,,Other,4,13.098861069697739,77.61272220429805,0,0,1
2029,FIR/2022/KA01/01047,28,1,2022-06-19,2022,6,closed,Complaint received regarding theft of cash worth Rs.110887.,22.0,Female,1,13.129212686287179,77.61792750080136,0,0,1
2030,FIR/2024/KA01/01048,148,33,2024-06-18,2024,6,under_investigation,FIR registered for Road Accident Death at Hari Road.,22.0,Other,3,13.103363280605063,77.50199726561641,0,0,0
2031,FIR/2023/KA15/00017,699,13,2023-03-18,2023,3,under_investigation,FIR registered for Criminal Breach of Trust at Dani Nagar.,55.0,Other,2,15.461781546571023,75.49078385268979,0,1,0
2032,FIR/2024/KA01/01049,39,29,2024-11-05,2024,11,under_investigation,FIR registered for Mischief at Shroff Nagar.,,Female,5,12.854939357338097,77.68994222163097,0,0,0
2033,FIR/2023/KA01/01050,61,16,2023-07-18,2023,7,chargesheeted,Victim lost Rs.7254 through online fraud/UPI scam.,,Other,3,13.01875734206557,77.67979000559811,1,0,1
2034,FIR/2023/KA08/00037,407,35,2023-08-06,2023,8,chargesheeted,FIR registered for SC/ST Atrocities Act at Sachdeva.,22.0,Other,3,12.882782245073633,76.01444581521524,0,0,1
2035,FIR/2022/KA04/00051,259,1,2022-03-11,2022,3,under_investigation,Complaint received regarding theft of cash worth Rs.199309.,33.0,Male,5,15.902641629445727,74.37635173673932,0,0,0
2036,FIR/2024/KA01/01051,68,1,2024-01-18,2024,1,pending_trial,Complaint received regarding theft of laptop worth Rs.70568.,66.0,Male,5,13.014557167057461,77.64419844467989,0,0,1
2037,FIR/2024/KA12/00051,554,1,2024-08-26,2024,8,chargesheeted,Complaint received regarding theft of laptop worth Rs.487268.,66.0,Other,3,16.675473342086985,75.74318986667457,0,0,1
2038,FIR/2022/KA01/01052,56,9,2022-12-16,2022,12,chargesheeted,FIR registered for Assault on Women at Jaggi Nagar.,21.0,Male,4,13.094686000803396,77.45983007428252,0,0,1
2039,FIR/2023/KA01/01053,134,6,2023-01-27,2023,1,under_investigation,FIR registered for Attempt to Murder at Kumar Road.,36.0,Female,2,13.108589919008079,77.63839647890586,0,0,0
2040,FIR/2022/KA01/01054,147,31,2022-06-24,2022,6,chargesheeted,FIR registered for Criminal Intimidation at Morar Zila.,71.0,Other,4,12.859573023007961,77.73890022877896,0,0,1
2041,FIR/2024/KA01/01055,51,1,2024-10-21,2024,10,chargesheeted,Complaint received regarding theft of laptop worth Rs.196241.,43.0,Female,4,12.944942785684107,77.56633467696597,0,0,1
2042,FIR/2023/KA01/01056,20,27,2023-10-24,2023,10,chargesheeted,FIR registered for Hurt/Grievous Hurt at Naik Circle.,67.0,Female,1,12.896934616091905,77.53345799648675,0,0,1
2043,FIR/2022/KA04/00052,237,17,2022-03-06,2022,3,pending_trial,FIR registered for Cyber Crime - Identity Theft at Comar Nagar.,41.0,Male,4,15.899616719938365,74.62151751882749,1,0,1
2044,FIR/2023/KA01/01057,71,9,2023-03-05,2023,3,closed,FIR registered for Assault on Women at Om Path.,57.0,Other,1,13.0135961877767,77.57624083096614,0,0,1
2045,FIR/2024/KA01/01058,76,1,2024-05-16,2024,5,chargesheeted,Complaint received regarding theft of laptop worth Rs.31250.,68.0,Other,5,13.101327575845069,77.70304491599818,0,0,1
2046,FIR/2024/KA01/01059,8,27,2024-06-02,2024,6,closed,FIR registered for Hurt/Grievous Hurt at Hari Street.,71.0,Male,4,12.829780534430602,77.47377177453062,0,0,1
2047,FIR/2022/KA01/01060,107,1,2022-03-13,2022,3,under_investigation,Complaint received regarding theft of cash worth Rs.381317.,72.0,Female,3,12.862902934532558,77.72915468170676,0,0,0
2048,FIR/2024/KA11/00067,517,19,2024-04-08,2024,4,under_investigation,FIR registered for Cyber Crime - Phishing at Som Chowk.,75.0,Male,5,15.125049641997993,77.0443155214155,1,0,0
2049,FIR/2022/KA27/00066,1016,22,2022-07-16,2022,7,chargesheeted,FIR registered for POCSO Act at Deshpande Nagar.,63.0,Other,4,16.05962904751681,75.57343454459436,0,0,1
2050,FIR/2022/KA01/01061,88,28,2022-05-22,2022,5,closed,FIR registered for Criminal Trespass at Dugal Chowk.,,Female,2,12.846259472070633,77.5482497261646,0,0,1
2051,FIR/2023/KA01/01062,27,22,2023-06-05,2023,6,closed,FIR registered for POCSO Act at Yadav Chowk.,34.0,Other,2,13.04528405113858,77.62344539912445,0,0,1
2052,FIR/2022/KA26/00013,982,19,2022-03-10,2022,3,registered,FIR registered for Cyber Crime - Phishing at Shere Path.,,Female,1,15.266901427809774,76.15874058787796,1,0,0
2053,FIR/2023/KA27/00067,1035,6,2023-07-26,2023,7,registered,FIR registered for Attempt to Murder at Bhalla Marg.,39.0,Female,2,16.19652106051184,75.71762329076738,0,0,0
2054,FIR/2023/KA01/01063,145,1,2023-02-13,2023,2,pending_trial,Complaint received regarding theft of two-wheeler worth Rs.387537.,62.0,Other,2,13.126495078310272,77.56387973000984,0,0,1
2055,FIR/2023/KA01/01064,45,12,2023-07-28,2023,7,chargesheeted,Accused cheated complainant of Rs.204957 through false promises.,23.0,Male,1,13.006988275902069,77.51720731605327,0,1,1
2056,FIR/2022/KA14/00045,638,27,2022-09-27,2022,9,chargesheeted,FIR registered for Hurt/Grievous Hurt at Wason Circle.,64.0,Male,3,15.531632316263185,75.00277078005576,0,0,1
2057,FIR/2022/KA01/01065,132,12,2022-01-06,2022,1,chargesheeted,Accused cheated complainant of Rs.181120 through false promises.,,Other,5,13.043765927226218,77.46886873198264,0,1,1
2058,FIR/2022/KA15/00018,688,22,2022-01-20,2022,1,closed,FIR registered for POCSO Act at Narula.,58.0,Female,4,15.344054901654397,75.6193296601393,0,0,1
2059,FIR/2024/KA01/01066,132,1,2024-07-13,2024,7,under_investigation,Complaint received regarding theft of mobile phone worth Rs.273354.,26.0,Other,4,13.034322512385243,77.45782060491855,0,0,0
2060,FIR/2024/KA01/01067,44,31,2024-10-10,2024,10,closed,FIR registered for Criminal Intimidation at Mand Street.,73.0,Female,2,12.939992005759688,77.53210035033631,0,0,1
2061,FIR/2024/KA01/01068,140,17,2024-02-02,2024,2,pending_trial,FIR registered for Cyber Crime - Identity Theft at Nori Nagar.,,Other,4,12.942782787082752,77.48222511991449,1,0,1
2062,FIR/2023/KA05/00060,281,2,2023-08-20,2023,8,chargesheeted,FIR registered for House Breaking & Theft at Warrior Marg.,26.0,Other,4,17.37740416479897,76.70143983289204,0,0,1
2063,FIR/2024/KA20/00044,804,19,2024-07-24,2024,7,closed,FIR registered for Cyber Crime - Phishing at Ramachandran Street.,49.0,Female,4,12.644237164573543,76.8727407445484,1,0,1
2064,FIR/2024/KA21/00030,849,29,2024-08-16,2024,8,under_investigation,FIR registered for Mischief at Dada Street.,33.0,Female,5,13.017415584383146,78.04745705337368,0,0,0
2065,FIR/2024/KA01/01069,35,16,2024-06-01,2024,6,under_investigation,Victim lost Rs.465900 through online fraud/UPI scam.,43.0,Male,5,13.09400661220076,77.71833456870563,1,0,0
2066,FIR/2022/KA13/00041,609,18,2022-07-15,2022,7,chargesheeted,FIR registered for Cyber Crime - Hacking at Magar Nagar.,43.0,Male,4,16.161292419903106,77.35220358598167,1,0,1
2067,FIR/2022/KA15/00019,685,23,2022-03-18,2022,3,pending_trial,FIR registered for Domestic Violence at Chadha Marg.,55.0,Other,2,15.507353939668057,75.55695102312025,0,0,1
2068,FIR/2023/KA01/01070,167,2,2023-02-05,2023,2,under_investigation,FIR registered for House Breaking & Theft at Khanna Chowk.,45.0,Female,5,12.937139834529878,77.70390327702867,0,0,0
2069,FIR/2023/KA01/01071,7,12,2023-01-18,2023,1,closed,Accused cheated complainant of Rs.198649 through false promises.,22.0,Other,3,12.889952938106182,77.50682666983907,0,1,1
2070,FIR/2024/KA08/00038,396,21,2024-07-11,2024,7,chargesheeted,FIR registered for Dowry Prohibition Act at Kalita Road.,26.0,Other,3,12.95927810255852,75.9407057549066,0,0,1
2071,FIR/2024/KA01/01072,78,1,2024-02-18,2024,2,chargesheeted,Complaint received regarding theft of mobile phone worth Rs.344889.,37.0,Other,4,13.066613112061527,77.53886149849279,0,0,1
2072,FIR/2024/KA01/01073,57,34,2024-06-25,2024,6,registered,FIR registered for Immoral Traffic Act at Choudhury Street.,63.0,Other,2,13.073322120062558,77.73318722906052,0,0,0
2073,FIR/2022/KA01/01074,180,31,2022-08-12,2022,8,chargesheeted,FIR registered for Criminal Intimidation at Barad Path.,67.0,Male,5,12.823102077851896,77.44589764764527,0,0,1
2074,FIR/2023/KA01/01075,109,19,2023-12-05,2023,12,under_investigation,FIR registered for Cyber Crime - Phishing at Chanda Ganj.,20.0,Female,3,12.865988614481097,77.65424841248448,1,0,0
2075,FIR/2023/KA27/00068,999,1,2023-01-13,2023,1,chargesheeted,Complaint received regarding theft of cash worth Rs.185685.,28.0,Male,2,16.209365972358682,75.76607682455827,0,0,1
2076,FIR/2022/KA06/00052,333,19,2022-02-21,2022,2,chargesheeted,FIR registered for Cyber Crime - Phishing at Subramanian Nagar.,,Female,2,12.917620518538362,74.8634640602101,1,0,1
2077,FIR/2022/KA01/01076,131,28,2022-05-26,2022,5,under_investigation,FIR registered for Criminal Trespass at Dube Circle.,62.0,Other,4,12.840312201628928,77.48863194138468,0,0,0
2078,FIR/2024/KA17/00039,754,17,2024-12-21,2024,12,under_investigation,FIR registered for Cyber Crime - Identity Theft at Oak Ganj.,68.0,Other,1,14.304751384622216,76.2939226069127,1,0,0
2079,FIR/2023/KA11/00068,540,3,2023-05-13,2023,5,pending_trial,Complainant robbed at Viswanathan Chowk by 4 armed persons.,49.0,Female,1,15.16585344405926,76.97494000626779,0,0,1
2080,FIR/2024/KA21/00031,852,12,2024-08-26,2024,8,under_investigation,Accused cheated complainant of Rs.137724 through false promises.,39.0,Other,1,13.142126496081834,78.13269665543376,0,1,0
2081,FIR/2023/KA01/01077,163,1,2023-09-18,2023,9,chargesheeted,Complaint received regarding theft of laptop worth Rs.190564.,73.0,Female,5,12.890050965823933,77.69198094161939,0,0,1
2082,FIR/2024/KA27/00069,1042,9,2024-12-28,2024,12,under_investigation,FIR registered for Assault on Women at Deo Circle.,72.0,Female,4,16.217712372615033,75.8407274960083,0,0,0
2083,FIR/2022/KA22/00014,884,11,2022-05-17,2022,5,under_investigation,FIR registered for Kidnapping & Abduction at Bansal Ganj.,51.0,Female,1,13.392616466262547,77.8206606852601,0,0,0
2084,FIR/2024/KA12/00052,556,9,2024-05-08,2024,5,under_investigation,FIR registered for Assault on Women at Ram Chowk.,59.0,Female,3,16.848137202029488,75.7129478703115,0,0,0
2085,FIR/2024/KA01/01078,159,14,2024-07-20,2024,7,chargesheeted,FIR registered for Forgery at D’Alia Circle.,,Other,3,12.84602709070388,77.71521893539321,0,1,1
2086,FIR/2023/KA01/01079,138,13,2023-12-02,2023,12,chargesheeted,FIR registered for Criminal Breach of Trust at Mukhopadhyay Nagar.,64.0,Male,1,13.000891425573906,77.50197656300384,0,1,1
2087,FIR/2024/KA01/01080,132,16,2024-10-25,2024,10,under_investigation,Victim lost Rs.370398 through online fraud/UPI scam.,65.0,Female,2,13.047307453660759,77.4674806195663,1,0,0
2088,FIR/2024/KA01/01081,130,16,2024-05-21,2024,5,closed,Victim lost Rs.354676 through online fraud/UPI scam.,19.0,Male,4,12.892826290629113,77.52847878401305,1,0,1
2089,FIR/2024/KA01/01082,97,8,2024-06-04,2024,6,under_investigation,Victim reported sexual assault incident at Chauhan Nagar. Medical examination conducted.,39.0,Male,2,12.897915857805945,77.52684753087892,0,0,0
2090,FIR/2024/KA12/00053,554,17,2024-04-11,2024,4,under_investigation,FIR registered for Cyber Crime - Identity Theft at Muni Circle.,67.0,Other,2,16.702839566585958,75.76808287150868,1,0,0
2091,FIR/2023/KA01/01083,11,19,2023-10-28,2023,10,closed,FIR registered for Cyber Crime - Phishing at Muni Nagar.,64.0,Male,1,12.99588144938153,77.71650881437891,1,0,1
2092,FIR/2022/KA04/00053,268,11,2022-10-01,2022,10,under_investigation,FIR registered for Kidnapping & Abduction at Nagi Ganj.,47.0,Female,2,15.811487426501433,74.5985247110044,0,0,0
2093,FIR/2023/KA01/01084,70,35,2023-07-06,2023,7,closed,FIR registered for SC/ST Atrocities Act at Hans Ganj.,49.0,Male,5,13.024155554097774,77.52480249499563,0,0,1
2094,FIR/2022/KA01/01085,168,1,2022-06-12,2022,6,under_investigation,Complaint received regarding theft of mobile phone worth Rs.141075.,69.0,Other,1,12.991721012649103,77.59255515739183,0,0,0
2095,FIR/2023/KA11/00069,545,16,2023-02-16,2023,2,chargesheeted,Victim lost Rs.185365 through online fraud/UPI scam.,61.0,Male,4,15.22708950502421,77.0818522520199,1,0,1
2096,FIR/2022/KA01/01086,88,24,2022-07-05,2022,7,chargesheeted,FIR registered for NDPS Act at Dalal Chowk.,30.0,Male,4,12.823575191713235,77.5357617339895,0,0,1
2097,FIR/2023/KA01/01087,69,13,2023-03-28,2023,3,under_investigation,FIR registered for Criminal Breach of Trust at Dixit Road.,45.0,Other,2,13.001610021913946,77.52980412487929,0,1,0
2098,FIR/2024/KA01/01088,89,19,2024-02-06,2024,2,closed,FIR registered for Cyber Crime - Phishing at Mahal Street.,50.0,Other,4,12.848128199184353,77.6591996242467,1,0,1
2099,FIR/2022/KA17/00040,749,12,2022-10-02,2022,10,under_investigation,Accused cheated complainant of Rs.48954 through false promises.,68.0,Male,5,14.206853515374668,76.40200481509929,0,1,0
2100,FIR/2023/KA01/01089,99,34,2023-07-24,2023,7,chargesheeted,FIR registered for Immoral Traffic Act at Varkey.,,Female,5,13.128805242006234,77.60705911553825,0,0,1
2101,FIR/2023/KA11/00070,534,1,2023-03-22,2023,3,chargesheeted,Complaint received regarding theft of laptop worth Rs.236060.,24.0,Male,2,15.13826788074614,76.91901806957549,0,0,1
2102,FIR/2024/KA01/01090,14,17,2024-09-18,2024,9,chargesheeted,FIR registered for Cyber Crime - Identity Theft at Palla Circle.,23.0,Other,3,12.91100051570137,77.61759237239399,1,0,1
2103,FIR/2023/KA29/00043,1079,16,2023-06-20,2023,6,closed,Victim lost Rs.161122 through online fraud/UPI scam.,,Other,2,14.447356081668767,76.03525033191083,1,0,1
2104,FIR/2022/KA27/00070,1030,21,2022-04-04,2022,4,under_investigation,FIR registered for Dowry Prohibition Act at Dhaliwal Road.,46.0,Female,4,16.31253521441936,75.770909355134,0,0,0
2105,FIR/2023/KA01/01091,167,5,2023-02-23,2023,2,under_investigation,Dead body found at Konda Road. Prima facie case of murder registered.,30.0,Male,5,12.937735581229225,77.6968209310514,0,0,0
2106,FIR/2023/KA01/01092,164,17,2023-05-08,2023,5,chargesheeted,FIR registered for Cyber Crime - Identity Theft at Bobal Street.,23.0,Male,2,12.911856897828256,77.58325123042316,1,0,1
2107,FIR/2024/KA01/01093,59,16,2024-08-04,2024,8,chargesheeted,Victim lost Rs.173135 through online fraud/UPI scam.,61.0,Other,1,13.110281949537619,77.51143610545364,1,0,1
2108,FIR/2024/KA10/00073,473,10,2024-10-05,2024,10,under_investigation,FIR registered for Sexual Harassment at Sawhney Circle.,31.0,Male,5,13.293532708617763,77.18656342858138,0,0,0
2109,FIR/2022/KA25/00031,964,3,2022-11-20,2022,11,under_investigation,Complainant robbed at De Nagar by 4 armed persons.,57.0,Male,2,17.87853200898126,77.56853979637044,0,0,0
2110,FIR/2024/KA12/00054,583,27,2024-07-19,2024,7,closed,FIR registered for Hurt/Grievous Hurt at Sinha Nagar.,45.0,Female,1,16.75749704216996,75.59813639435271,0,0,1
2111,FIR/2023/KA23/00022,910,18,2023-10-17,2023,10,chargesheeted,FIR registered for Cyber Crime - Hacking at Cherian Nagar.,40.0,Other,5,12.632098500317872,77.3435810062133,1,0,1
2112,FIR/2023/KA01/01094,10,5,2023-04-02,2023,4,under_investigation,Dead body found at Bhagat Marg. Prima facie case of murder registered.,29.0,Male,2,13.124579549240531,77.55325134910774,0,0,0
2113,FIR/2024/KA08/00039,413,16,2024-09-08,2024,9,chargesheeted,Victim lost Rs.326345 through online fraud/UPI scam.,65.0,Female,3,13.021676910459306,76.21029704025152,1,0,1
2114,FIR/2022/KA01/01095,101,17,2022-06-17,2022,6,under_investigation,FIR registered for Cyber Crime - Identity Theft at Gola Marg.,21.0,Female,1,13.004754479184173,77.55705906361575,1,0,0
2115,FIR/2024/KA01/01096,149,24,2024-04-09,2024,4,under_investigation,FIR registered for NDPS Act at Sehgal.,22.0,Other,2,12.882766744384291,77.58362656527737,0,0,0
2116,FIR/2023/KA30/00018,1122,8,2023-09-04,2023,9,registered,Victim reported sexual assault incident at Parekh. Medical examination conducted.,22.0,Male,3,15.31367714758935,76.3388816875093,0,0,0
2117,FIR/2024/KA01/01097,119,12,2024-07-02,2024,7,under_investigation,Accused cheated complainant of Rs.88719 through false promises.,,Male,5,13.043405357313068,77.54655635895206,0,1,0
2118,FIR/2022/KA11/00071,499,29,2022-04-06,2022,4,registered,FIR registered for Mischief at Walla Ganj.,22.0,Other,4,15.19330587507485,76.89425459304015,0,0,0
2119,FIR/2024/KA21/00032,864,1,2024-11-14,2024,11,under_investigation,Complaint received regarding theft of mobile phone worth Rs.129549.,62.0,Female,2,13.066224174117439,78.07286530643458,0,0,0
2120,FIR/2023/KA01/01098,118,9,2023-08-24,2023,8,chargesheeted,FIR registered for Assault on Women at Deep.,29.0,Male,1,13.033072390527721,77.56640106201196,0,0,1
2121,FIR/2023/KA27/00071,1022,1,2023-05-23,2023,5,chargesheeted,Complaint received regarding theft of mobile phone worth Rs.253454.,45.0,Male,3,16.1554911444236,75.71413146089336,0,0,1
2122,FIR/2022/KA20/00045,829,12,2022-01-26,2022,1,chargesheeted,Accused cheated complainant of Rs.444327 through false promises.,31.0,Female,1,12.585118452974353,76.8969300790138,0,1,1
2123,FIR/2024/KA01/01099,153,12,2024-02-25,2024,2,chargesheeted,Accused cheated complainant of Rs.331220 through false promises.,37.0,Female,3,13.11765560515361,77.61415162928412,0,1,1
2124,FIR/2024/KA13/00042,618,16,2024-08-05,2024,8,chargesheeted,Victim lost Rs.182435 through online fraud/UPI scam.,56.0,Male,4,16.24494844402579,77.41449389361176,1,0,1
2125,FIR/2022/KA01/01100,167,1,2022-08-15,2022,8,closed,Complaint received regarding theft of mobile phone worth Rs.365761.,72.0,Female,2,12.927088172459834,77.70472768013887,0,0,1
2126,FIR/2024/KA01/01101,157,2,2024-03-24,2024,3,under_investigation,FIR registered for House Breaking & Theft at Kuruvilla.,19.0,Female,3,12.92553775503715,77.57146365546586,0,0,0
2127,FIR/2023/KA13/00043,627,8,2023-04-18,2023,4,closed,Victim reported sexual assault incident at Ramanathan Path. Medical examination conducted.,20.0,Male,2,16.225709616198834,77.29984007039678,0,0,1
2128,FIR/2024/KA12/00055,551,33,2024-12-25,2024,12,pending_trial,FIR registered for Road Accident Death at Narayanan Street.,43.0,Female,2,16.769478562907295,75.7502417410277,0,0,1
2129,FIR/2023/KA03/00024,208,25,2023-04-01,2023,4,under_investigation,FIR registered for Arms Act at Setty Path.,24.0,Other,3,12.232757631565276,76.69727769288725,0,0,0
2130,FIR/2022/KA05/00061,279,1,2022-06-06,2022,6,under_investigation,Complaint received regarding theft of two-wheeler worth Rs.64084.,65.0,Female,2,17.306346005091633,76.81394132771192,0,0,0
2131,FIR/2022/KA04/00054,241,8,2022-08-01,2022,8,closed,Victim reported sexual assault incident at Soman Zila. Medical examination conducted.,54.0,Female,5,15.924150552761077,74.47721245056933,0,0,1
2132,FIR/2023/KA12/00056,553,1,2023-01-07,2023,1,under_investigation,Complaint received regarding theft of cash worth Rs.413635.,,Female,5,16.75169057296229,75.84853945661692,0,0,0
2133,FIR/2023/KA04/00055,257,20,2023-11-08,2023,11,under_investigation,FIR registered for Dowry Death at Shenoy Chowk.,54.0,Male,2,15.779914574250624,74.59655787488336,0,0,0
2134,FIR/2024/KA01/01102,23,16,2024-10-04,2024,10,chargesheeted,Victim lost Rs.257997 through online fraud/UPI scam.,56.0,Male,3,12.846065557112837,77.6844107135697,1,0,1
2135,FIR/2023/KA31/00015,1140,12,2023-01-13,2023,1,closed,Accused cheated complainant of Rs.308567 through false promises.,,Female,2,11.881399299052703,76.88150612761376,0,1,1
2136,FIR/2023/KA25/00032,953,2,2023-08-04,2023,8,chargesheeted,FIR registered for House Breaking & Theft at Chauhan Circle.,55.0,Female,1,18.026669292636928,77.67115433882769,0,0,1
2137,FIR/2023/KA01/01103,146,1,2023-11-15,2023,11,chargesheeted,Complaint received regarding theft of cash worth Rs.349021.,48.0,Female,5,12.831987016730546,77.61139728504523,0,0,1
2138,FIR/2024/KA01/01104,96,22,2024-01-11,2024,1,under_investigation,FIR registered for POCSO Act at Bobal Path.,35.0,Other,4,13.079382097426342,77.72551079013583,0,0,0
2139,FIR/2022/KA01/01105,97,27,2022-06-17,2022,6,closed,FIR registered for Hurt/Grievous Hurt at Walia Road.,75.0,Male,4,12.862617779426966,77.53152937270542,0,0,1
2140,FIR/2024/KA04/00056,256,1,2024-11-28,2024,11,pending_trial,Complaint received regarding theft of gold chain worth Rs.218061.,,Female,2,15.936415620857632,74.58427851845109,0,0,1
2141,FIR/2024/KA13/00044,626,21,2024-08-12,2024,8,closed,FIR registered for Dowry Prohibition Act at Sachdev.,66.0,Female,1,16.085330096423117,77.21538953174472,0,0,1
2142,FIR/2024/KA09/00035,451,20,2024-07-07,2024,7,chargesheeted,FIR registered for Dowry Death at Kohli Ganj.,,Male,5,13.807656824044747,75.61895709369932,0,0,1
2143,FIR/2022/KA27/00072,992,16,2022-11-19,2022,11,closed,Victim lost Rs.210501 through online fraud/UPI scam.,25.0,Male,1,16.065614643316287,75.74071372981808,1,0,1
2144,FIR/2023/KA04/00057,239,1,2023-08-12,2023,8,under_investigation,Complaint received regarding theft of two-wheeler worth Rs.65250.,62.0,Male,4,15.944357928165118,74.62150821732449,0,0,0
2145,FIR/2022/KA01/01106,174,19,2022-04-03,2022,4,chargesheeted,FIR registered for Cyber Crime - Phishing at Oak Zila.,66.0,Male,3,12.965293884539262,77.54997875255783,1,0,1
2146,FIR/2024/KA01/01107,70,14,2024-04-16,2024,4,chargesheeted,FIR registered for Forgery at Sankar Ganj.,67.0,Female,5,13.025454298116966,77.52399978367099,0,1,1
2147,FIR/2024/KA01/01108,138,12,2024-04-22,2024,4,chargesheeted,Accused cheated complainant of Rs.292393 through false promises.,72.0,Female,2,13.006726265643632,77.49692708607432,0,1,1
2148,FIR/2023/KA07/00016,359,9,2023-06-25,2023,6,pending_trial,FIR registered for Assault on Women at Keer Circle.,22.0,Other,2,13.21215885044457,74.81083738446324,0,0,1
2149,FIR/2022/KA01/01109,79,20,2022-02-21,2022,2,closed,FIR registered for Dowry Death at Brahmbhatt Street.,75.0,Male,1,12.880990019444232,77.5487853083815,0,0,1
2150,FIR/2022/KA01/01110,134,1,2022-12-07,2022,12,under_investigation,Complaint received regarding theft of mobile phone worth Rs.68708.,56.0,Female,3,13.0833803199959,77.63281658417127,0,0,0
2151,FIR/2022/KA14/00046,652,2,2022-12-25,2022,12,chargesheeted,FIR registered for House Breaking & Theft at Sheth Zila.,31.0,Male,5,15.498002457354747,74.92349225202149,0,0,1
2152,FIR/2022/KA01/01111,171,1,2022-08-20,2022,8,under_investigation,Complaint received regarding theft of gold chain worth Rs.411412.,45.0,Other,3,12.844010498634912,77.52260939711097,0,0,0
2153,FIR/2024/KA16/00034,713,25,2024-09-15,2024,9,under_investigation,FIR registered for Arms Act at Goda Chowk.,65.0,Other,5,14.797624746172382,75.29437572819435,0,0,0
2154,FIR/2022/KA20/00046,825,22,2022-08-16,2022,8,chargesheeted,FIR registered for POCSO Act at Ravi Road.,50.0,Male,1,12.544781792440354,76.8431987053327,0,0,1
2155,FIR/2024/KA14/00047,656,28,2024-10-16,2024,10,under_investigation,FIR registered for Criminal Trespass at Chopra Zila.,26.0,Male,4,15.521473492808093,74.93237449701003,0,0,0
2156,FIR/2024/KA02/00020,186,3,2024-01-23,2024,1,pending_trial,Complainant robbed at Raghavan by 2 armed persons.,65.0,Female,1,13.174384817475058,77.72418342233883,0,0,1
2157,FIR/2022/KA12/00057,560,31,2022-12-08,2022,12,closed,FIR registered for Criminal Intimidation at Talwar Path.,33.0,Female,3,16.84537464592677,75.71381864099162,0,0,1
2158,FIR/2024/KA01/01112,81,3,2024-09-04,2024,9,chargesheeted,Complainant robbed at Chana Nagar by 3 armed persons.,66.0,Other,3,12.883148053796472,77.73645799021178,0,0,1
2159,FIR/2024/KA01/01113,68,1,2024-01-06,2024,1,chargesheeted,Complaint received regarding theft of two-wheeler worth Rs.428892.,,Other,3,12.997524729940459,77.62445549135994,0,0,1
2160,FIR/2023/KA01/01114,9,27,2023-02-04,2023,2,chargesheeted,FIR registered for Hurt/Grievous Hurt at Acharya.,44.0,Female,1,12.905463543981883,77.4606733253947,0,0,1
2161,FIR/2024/KA19/00005,799,16,2024-02-10,2024,2,chargesheeted,Victim lost Rs.330581 through online fraud/UPI scam.,47.0,Male,3,12.279650842803603,75.73194949956175,1,0,1
2162,FIR/2022/KA27/00073,995,1,2022-05-27,2022,5,under_investigation,Complaint received regarding theft of mobile phone worth Rs.363810.,70.0,Male,4,16.29735511642769,75.77544888980134,0,0,0
2163,FIR/2024/KA01/01115,90,21,2024-02-01,2024,2,chargesheeted,FIR registered for Dowry Prohibition Act at Ramakrishnan Road.,29.0,Other,5,13.011543292422198,77.47798313563062,0,0,1
2164,FIR/2022/KA01/01116,165,18,2022-11-06,2022,11,under_investigation,FIR registered for Cyber Crime - Hacking at Sekhon.,60.0,Female,5,12.991630762462428,77.54501223826415,1,0,0
2165,FIR/2022/KA16/00035,707,20,2022-06-08,2022,6,under_investigation,FIR registered for Dowry Death at Jha Ganj.,,Male,5,14.876214421978263,75.45595498332524,0,0,0
2166,FIR/2023/KA01/01117,178,1,2023-11-01,2023,11,closed,Complaint received regarding theft of two-wheeler worth Rs.415749.,59.0,Other,2,13.107515244404018,77.68953086812182,0,0,1
2167,FIR/2023/KA01/01118,181,2,2023-11-06,2023,11,chargesheeted,FIR registered for House Breaking & Theft at Modi.,69.0,Female,5,12.861035918269547,77.6943408865076,0,0,1
2168,FIR/2023/KA01/01119,120,16,2023-04-09,2023,4,under_investigation,Victim lost Rs.58753 through online fraud/UPI scam.,57.0,Female,1,13.018726213827447,77.45730484383404,1,0,0
2169,FIR/2024/KA01/01120,4,25,2024-06-26,2024,6,under_investigation,FIR registered for Arms Act at Anand Zila.,57.0,Male,5,12.822751777404166,77.48508394226222,0,0,0
2170,FIR/2024/KA01/01121,132,1,2024-05-07,2024,5,under_investigation,Complaint received regarding theft of mobile phone worth Rs.307838.,66.0,Other,5,13.045804426176746,77.48341684791863,0,0,0
2171,FIR/2023/KA28/00024,1050,5,2023-10-09,2023,10,closed,Dead body found at Datta Marg. Prima facie case of murder registered.,45.0,Other,4,14.8856351691743,74.58695517132267,0,0,1
2172,FIR/2022/KA01/01122,66,17,2022-10-04,2022,10,closed,FIR registered for Cyber Crime - Identity Theft at Bhatia Road.,,Female,1,12.889449710470393,77.62403234720128,1,0,1
2173,FIR/2023/KA01/01123,128,22,2023-01-02,2023,1,closed,FIR registered for POCSO Act at Bera Path.,50.0,Female,2,12.913154458530297,77.65533620395613,0,0,1
2174,FIR/2023/KA01/01124,139,12,2023-12-24,2023,12,chargesheeted,Accused cheated complainant of Rs.354680 through false promises.,45.0,Female,4,12.970854714154152,77.56570862134748,0,1,1
2175,FIR/2024/KA01/01125,3,1,2024-05-15,2024,5,registered,Complaint received regarding theft of mobile phone worth Rs.244901.,73.0,Female,5,12.81319461021334,77.48656017329981,0,0,0
2176,FIR/2024/KA01/01126,28,22,2024-10-15,2024,10,pending_trial,FIR registered for POCSO Act at Keer Nagar.,34.0,Other,4,13.10454116123078,77.59902155968823,0,0,1
2177,FIR/2023/KA01/01127,98,12,2023-06-14,2023,6,chargesheeted,Accused cheated complainant of Rs.5027 through false promises.,,Other,5,13.050493099861527,77.53074411209435,0,1,1
2178,FIR/2024/KA22/00015,885,33,2024-02-13,2024,2,chargesheeted,FIR registered for Road Accident Death at Raja Path.,62.0,Male,3,13.370753850510953,77.71211844979696,0,0,1
2179,FIR/2023/KA01/01128,32,21,2023-07-19,2023,7,chargesheeted,FIR registered for Dowry Prohibition Act at Raj Marg.,19.0,Other,3,12.911878593523312,77.59111713963152,0,0,1
2180,FIR/2022/KA01/01129,169,1,2022-12-19,2022,12,closed,Complaint received regarding theft of two-wheeler worth Rs.259003.,26.0,Other,3,13.053671642019854,77.60298919154243,0,0,1
2181,FIR/2023/KA14/00048,671,13,2023-07-03,2023,7,chargesheeted,FIR registered for Criminal Breach of Trust at Soman Street.,69.0,Female,1,15.410664508736302,74.89825370093432,0,1,1
2182,FIR/2024/KA01/01130,138,28,2024-03-11,2024,3,registered,FIR registered for Criminal Trespass at Guha Street.,49.0,Female,2,13.012798795717833,77.52574377523342,0,0,0
2183,FIR/2022/KA01/01131,98,1,2022-05-17,2022,5,pending_trial,Complaint received regarding theft of mobile phone worth Rs.334874.,33.0,Other,3,13.056516809427169,77.56029363719506,0,0,1
2184,FIR/2023/KA26/00014,984,17,2023-07-28,2023,7,chargesheeted,FIR registered for Cyber Crime - Identity Theft at Sahni Path.,50.0,Female,2,15.352667813370255,76.0400019393038,1,0,1
2185,FIR/2024/KA06/00053,342,12,2024-01-25,2024,1,registered,Accused cheated complainant of Rs.235306 through false promises.,23.0,Other,2,12.924881351585118,74.92582283504329,0,1,0
2186,FIR/2022/KA03/00025,230,1,2022-09-28,2022,9,under_investigation,Complaint received regarding theft of laptop worth Rs.245997.,66.0,Female,1,12.284694342804503,76.58034465020214,0,0,0
2187,FIR/2023/KA04/00058,253,33,2023-07-05,2023,7,registered,FIR registered for Road Accident Death at Bora Nagar.,37.0,Other,3,15.795839393732091,74.4402673376252,0,0,0
2188,FIR/2022/KA21/00033,856,25,2022-07-17,2022,7,closed,FIR registered for Arms Act at Dhawan Nagar.,52.0,Male,2,13.209310050494656,78.11531435147086,0,0,1
2189,FIR/2024/KA01/01132,14,1,2024-11-14,2024,11,under_investigation,Complaint received regarding theft of mobile phone worth Rs.240139.,74.0,Female,3,12.896189617312189,77.6295981218329,0,0,0
2190,FIR/2023/KA01/01133,72,12,2023-08-14,2023,8,under_investigation,Accused cheated complainant of Rs.471717 through false promises.,43.0,Female,5,12.816921468842216,77.61259360601397,0,1,0
2191,FIR/2023/KA12/00058,558,1,2023-10-18,2023,10,pending_trial,Complaint received regarding theft of cash worth Rs.261054.,49.0,Female,5,16.83303259993009,75.77779017296471,0,0,1
2192,FIR/2024/KA01/01134,174,16,2024-04-10,2024,4,closed,Victim lost Rs.77528 through online fraud/UPI scam.,46.0,Other,4,12.969212459483908,77.55171410446889,1,0,1
2193,FIR/2024/KA01/01135,62,27,2024-01-25,2024,1,closed,FIR registered for Hurt/Grievous Hurt at Gole.,48.0,Female,1,13.027727536959206,77.4770509059749,0,0,1
2194,FIR/2023/KA05/00062,283,22,2023-08-14,2023,8,chargesheeted,FIR registered for POCSO Act at Upadhyay Chowk.,37.0,Male,1,17.23601560220026,76.87499538199906,0,0,1
2195,FIR/2023/KA01/01136,50,21,2023-04-21,2023,4,closed,FIR registered for Dowry Prohibition Act at Sengupta Marg.,59.0,Other,1,12.946557015081854,77.46400852862956,0,0,1
2196,FIR/2024/KA09/00036,435,10,2024-01-26,2024,1,under_investigation,FIR registered for Sexual Harassment at Pant Marg.,36.0,Other,3,13.926263210836222,75.4555223498857,0,0,0
2197,FIR/2023/KA06/00054,328,1,2023-06-21,2023,6,chargesheeted,Complaint received regarding theft of gold chain worth Rs.133975.,30.0,Other,2,13.011964463707095,74.93244149205013,0,0,1
2198,FIR/2023/KA13/00045,608,27,2023-01-21,2023,1,chargesheeted,FIR registered for Hurt/Grievous Hurt at Amble Marg.,19.0,Other,1,16.183055583196857,77.21969349129984,0,0,1
2199,FIR/2023/KA24/00015,925,8,2023-05-19,2023,5,pending_trial,Victim reported sexual assault incident at Tara. Medical examination conducted.,,Other,5,16.779426568560034,77.11519477478205,0,0,1
2200,FIR/2024/KA24/00016,936,30,2024-07-27,2024,7,under_investigation,FIR registered for Extortion at Thaker Ganj.,38.0,Other,2,16.705002030668275,77.19356988041697,0,0,0
2201,FIR/2024/KA20/00047,834,1,2024-05-13,2024,5,under_investigation,Complaint received regarding theft of gold chain worth Rs.387817.,45.0,Male,5,12.653824448156152,77.04127639113675,0,0,0
2202,FIR/2022/KA01/01137,115,2,2022-09-16,2022,9,chargesheeted,FIR registered for House Breaking & Theft at Peri Circle.,44.0,Female,4,13.02265840379734,77.61626844919853,0,0,1
2203,FIR/2023/KA01/01138,150,6,2023-10-01,2023,10,closed,FIR registered for Attempt to Murder at Barad Nagar.,56.0,Other,3,12.867660034612284,77.6601151546787,0,0,1
2204,FIR/2023/KA01/01139,49,9,2023-02-09,2023,2,chargesheeted,FIR registered for Assault on Women at Subramanian.,,Male,5,13.001087867387394,77.58625618378699,0,0,1
2205,FIR/2024/KA01/01140,159,11,2024-05-28,2024,5,registered,FIR registered for Kidnapping & Abduction at Chowdhury Path.,57.0,Other,4,12.840251407215902,77.7190586420841,0,0,0
2206,FIR/2023/KA24/00017,921,24,2023-05-02,2023,5,under_investigation,FIR registered for NDPS Act at Subramaniam.,42.0,Male,3,16.71190813923798,77.22206968922437,0,0,0
2207,FIR/2022/KA12/00059,588,2,2022-04-07,2022,4,chargesheeted,FIR registered for House Breaking & Theft at Dhar Zila.,50.0,Female,2,16.80889500619531,75.77180129122947,0,0,1
2208,FIR/2022/KA01/01141,124,27,2022-05-27,2022,5,under_investigation,FIR registered for Hurt/Grievous Hurt at Mammen Circle.,19.0,Other,2,13.03852595652211,77.73000520610829,0,0,0
2209,FIR/2024/KA01/01142,23,1,2024-09-16,2024,9,chargesheeted,Complaint received regarding theft of gold chain worth Rs.48037.,73.0,Female,4,12.85558685345063,77.6562484790923,0,0,1
2210,FIR/2023/KA09/00037,424,6,2023-04-12,2023,4,registered,FIR registered for Attempt to Murder at Virk Zila.,41.0,Male,3,13.841959079672062,75.57189679477955,0,0,0
2211,FIR/2022/KA04/00059,238,19,2022-06-18,2022,6,closed,FIR registered for Cyber Crime - Phishing at Chakrabarti.,62.0,Male,4,15.861802093744492,74.62705673409646,1,0,1
2212,FIR/2024/KA20/00048,844,9,2024-10-26,2024,10,chargesheeted,FIR registered for Assault on Women at Sodhi Ganj.,61.0,Male,2,12.63040302410828,76.75728402255058,0,0,1
2213,FIR/2023/KA01/01143,6,12,2023-07-11,2023,7,under_investigation,Accused cheated complainant of Rs.445141 through false promises.,40.0,Other,2,12.81215528723539,77.6745673607259,0,1,0
2214,FIR/2024/KA04/00060,265,1,2024-02-19,2024,2,under_investigation,Complaint received regarding theft of cash worth Rs.404614.,63.0,Male,1,15.807952101245665,74.62723969343712,0,0,0
2215,FIR/2024/KA01/01144,79,21,2024-02-27,2024,2,under_investigation,FIR registered for Dowry Prohibition Act at Bera.,56.0,Male,3,12.884823115904863,77.51323885374532,0,0,0
2216,FIR/2024/KA05/00063,291,24,2024-10-12,2024,10,chargesheeted,FIR registered for NDPS Act at Warrior Path.,65.0,Male,2,17.177952568727434,76.89939079212031,0,0,1
2217,FIR/2023/KA01/01145,128,27,2023-08-07,2023,8,under_investigation,FIR registered for Hurt/Grievous Hurt at Singh Nagar.,,Male,1,12.88906560600789,77.64154253284632,0,0,0
2218,FIR/2023/KA05/00064,304,24,2023-06-07,2023,6,closed,FIR registered for NDPS Act at Vala Chowk.,,Male,3,17.299602302462773,76.88182321005563,0,0,1
2219,FIR/2024/KA01/01146,109,13,2024-09-03,2024,9,chargesheeted,FIR registered for Criminal Breach of Trust at Narula Chowk.,74.0,Other,4,12.873574502402636,77.64604018304226,0,1,1
2220,FIR/2024/KA27/00074,1002,16,2024-11-25,2024,11,under_investigation,Victim lost Rs.218268 through online fraud/UPI scam.,69.0,Female,3,16.200798133069977,75.69064303318252,1,0,0
2221,FIR/2022/KA25/00033,946,1,2022-09-24,2022,9,pending_trial,Complaint received regarding theft of cash worth Rs.314860.,57.0,Other,3,17.95301972804567,77.36812605574447,0,0,1
2222,FIR/2024/KA11/00072,533,27,2024-05-22,2024,5,under_investigation,FIR registered for Hurt/Grievous Hurt at Banik Street.,,Male,4,15.08292809423468,76.99304341536772,0,0,0
2223,FIR/2023/KA01/01147,149,1,2023-10-03,2023,10,registered,Complaint received regarding theft of cash worth Rs.338682.,34.0,Male,1,12.889342913740023,77.57232381423563,0,0,0
2224,FIR/2024/KA01/01148,83,9,2024-09-05,2024,9,under_investigation,FIR registered for Assault on Women at Lad.,58.0,Female,2,12.866861339726855,77.73378015378728,0,0,0
2225,FIR/2023/KA01/01149,28,27,2023-10-19,2023,10,closed,FIR registered for Hurt/Grievous Hurt at Solanki Nagar.,49.0,Other,1,13.130266212594236,77.58377889721812,0,0,1
2226,FIR/2023/KA06/00055,342,1,2023-10-08,2023,10,under_investigation,Complaint received regarding theft of gold chain worth Rs.263094.,53.0,Other,4,12.926786252536612,74.92211446963725,0,0,0
2227,FIR/2024/KA01/01150,33,15,2024-03-01,2024,3,registered,FIR registered for Counterfeiting at Behl.,57.0,Female,2,12.8436865452524,77.61984498386516,0,1,0
2228,FIR/2024/KA01/01151,165,3,2024-08-04,2024,8,under_investigation,Complainant robbed at Bala Road by 3 armed persons.,75.0,Other,1,12.997947306846646,77.57813097588483,0,0,0
2229,FIR/2023/KA01/01152,124,2,2023-11-01,2023,11,chargesheeted,FIR registered for House Breaking & Theft at Sundaram Road.,,Female,1,13.013394445081358,77.7221151966426,0,0,1
2230,FIR/2022/KA27/00075,1027,1,2022-03-09,2022,3,registered,Complaint received regarding theft of gold chain worth Rs.449175.,34.0,Female,4,16.234240602009933,75.7631434871229,0,0,0
2231,FIR/2022/KA27/00076,1018,2,2022-06-02,2022,6,chargesheeted,FIR registered for House Breaking & Theft at Bose Circle.,64.0,Other,5,16.32467928067078,75.74670270284932,0,0,1
2232,FIR/2023/KA05/00065,302,28,2023-12-09,2023,12,under_investigation,FIR registered for Criminal Trespass at Krishnan Road.,71.0,Female,4,17.451558365573923,76.80214330326976,0,0,0
2233,FIR/2022/KA30/00019,1132,21,2022-09-16,2022,9,chargesheeted,FIR registered for Dowry Prohibition Act at Mand Street.,62.0,Other,5,15.292954516930836,76.40164375562227,0,0,1
2234,FIR/2023/KA30/00020,1128,12,2023-07-22,2023,7,pending_trial,Accused cheated complainant of Rs.344295 through false promises.,26.0,Other,1,15.343530835098798,76.39944560649111,0,1,1
2235,FIR/2022/KA05/00066,286,9,2022-12-28,2022,12,under_investigation,FIR registered for Assault on Women at Choudhury Nagar.,55.0,Female,4,17.439718031732262,76.73738565987159,0,0,0
2236,FIR/2024/KA01/01153,1,13,2024-10-20,2024,10,registered,FIR registered for Criminal Breach of Trust at Ghosh.,66.0,Other,3,13.058338515640132,77.51891021589174,0,1,0
2237,FIR/2023/KA05/00067,305,7,2023-06-24,2023,6,under_investigation,FIR registered for Culpable Homicide at Dora.,55.0,Other,1,17.376130619372965,76.83893516326528,0,0,0
2238,FIR/2022/KA01/01154,101,2,2022-12-02,2022,12,pending_trial,FIR registered for House Breaking & Theft at Pingle Chowk.,33.0,Other,3,13.015879198658519,77.56659851072865,0,0,1
2239,FIR/2024/KA01/01155,103,27,2024-07-16,2024,7,under_investigation,FIR registered for Hurt/Grievous Hurt at Lal Street.,26.0,Other,4,12.878360975731798,77.47022913573021,0,0,0
2240,FIR/2024/KA29/00044,1091,3,2024-05-28,2024,5,chargesheeted,Complainant robbed at Sundaram Ganj by 4 armed persons.,39.0,Female,2,14.612676047441399,75.9637199604634,0,0,1
2241,FIR/2024/KA01/01156,118,1,2024-11-22,2024,11,chargesheeted,Complaint received regarding theft of two-wheeler worth Rs.462513.,28.0,Other,5,13.06818980591059,77.59163046231387,0,0,1
2242,FIR/2023/KA09/00038,428,2,2023-02-17,2023,2,under_investigation,FIR registered for House Breaking & Theft at Oza Nagar.,,Other,5,14.006102922031848,75.63071811329206,0,0,0
2243,FIR/2023/KA01/01157,104,24,2023-05-22,2023,5,pending_trial,FIR registered for NDPS Act at Dhillon Zila.,50.0,Male,5,13.117236602661855,77.59727767521119,0,0,1
2244,FIR/2023/KA30/00021,1119,1,2023-09-08,2023,9,chargesheeted,Complaint received regarding theft of gold chain worth Rs.389862.,71.0,Other,4,15.436266918085861,76.44448197660942,0,0,1
2245,FIR/2023/KA01/01158,173,16,2023-06-21,2023,6,under_investigation,Victim lost Rs.174018 through online fraud/UPI scam.,63.0,Female,5,12.954391329348637,77.68533163099353,1,0,0
2246,FIR/2024/KA12/00060,563,29,2024-12-20,2024,12,chargesheeted,FIR registered for Mischief at Khanna Marg.,23.0,Other,1,16.97298616364459,75.8155593039559,0,0,1
2247,FIR/2023/KA16/00036,707,28,2023-09-13,2023,9,chargesheeted,FIR registered for Criminal Trespass at Ganesh Chowk.,25.0,Other,1,14.87651335741028,75.47303274547725,0,0,1
2248,FIR/2023/KA17/00041,752,9,2023-07-09,2023,7,under_investigation,FIR registered for Assault on Women at Pai Ganj.,38.0,Male,3,14.187757989191928,76.400600211598,0,0,0
2249,FIR/2023/KA01/01159,114,13,2023-02-20,2023,2,under_investigation,FIR registered for Criminal Breach of Trust at Lalla Nagar.,64.0,Male,1,13.06303598115975,77.48376879604261,0,1,0
2250,FIR/2022/KA28/00025,1065,9,2022-12-17,2022,12,closed,FIR registered for Assault on Women at Ben Zila.,30.0,Male,1,14.93878403733504,74.69604824069678,0,0,1
2251,FIR/2022/KA04/00061,236,1,2022-08-21,2022,8,chargesheeted,Complaint received regarding theft of two-wheeler worth Rs.488375.,51.0,Female,5,15.945833212009283,74.4158056600236,0,0,1
2252,FIR/2023/KA01/01160,79,13,2023-11-20,2023,11,under_investigation,FIR registered for Criminal Breach of Trust at Soni Marg.,51.0,Female,4,12.87443027317612,77.51109958828727,0,1,0
2253,FIR/2023/KA15/00020,692,24,2023-02-26,2023,2,chargesheeted,FIR registered for NDPS Act at Soni Road.,,Male,2,15.387672573475127,75.71386095102602,0,0,1
2254,FIR/2024/KA01/01161,120,9,2024-02-27,2024,2,closed,FIR registered for Assault on Women at Kaur Circle.,74.0,Other,4,13.01442680519854,77.45613783277498,0,0,1
2255,FIR/2024/KA01/01162,19,1,2024-02-12,2024,2,under_investigation,Complaint received regarding theft of gold chain worth Rs.223538.,55.0,Male,4,13.033730116389947,77.47700223758716,0,0,0
2256,FIR/2022/KA01/01163,172,1,2022-08-28,2022,8,under_investigation,Complaint received regarding theft of laptop worth Rs.336870.,21.0,Other,3,13.03076347185606,77.55110950933229,0,0,0
2257,FIR/2024/KA27/00077,1007,28,2024-12-28,2024,12,closed,FIR registered for Criminal Trespass at Wali Street.,62.0,Male,5,16.089252466195784,75.66378496658969,0,0,1
2258,FIR/2024/KA01/01164,173,16,2024-08-24,2024,8,chargesheeted,Victim lost Rs.426013 through online fraud/UPI scam.,28.0,Male,3,12.96804499905234,77.67728719453372,1,0,1
2259,FIR/2024/KA29/00045,1074,3,2024-11-27,2024,11,chargesheeted,Complainant robbed at Sen Road by 1 armed persons.,47.0,Female,3,14.517749901659357,75.82573363251275,0,0,1
2260,FIR/2024/KA01/01165,71,3,2024-03-13,2024,3,under_investigation,Complainant robbed at Mutti Marg by 3 armed persons.,59.0,Other,3,13.006792854532119,77.5775839600375,0,0,0
2261,FIR/2022/KA01/01166,146,33,2022-08-18,2022,8,chargesheeted,FIR registered for Road Accident Death at Barman Circle.,23.0,Other,5,12.835293694107985,77.62395233634211,0,0,1
2262,FIR/2024/KA02/00021,196,32,2024-10-17,2024,10,registered,FIR registered for Missing Person at Wali Zila.,,Other,3,13.308829413284771,77.49608461780966,0,0,0
2263,FIR/2023/KA01/01167,57,12,2023-10-25,2023,10,under_investigation,Accused cheated complainant of Rs.357418 through false promises.,35.0,Other,5,13.059521720631603,77.7456724185317,0,1,0
2264,FIR/2024/KA01/01168,58,20,2024-04-17,2024,4,closed,FIR registered for Dowry Death at Mahajan.,46.0,Female,3,12.866662413918295,77.58306157141827,0,0,1
2265,FIR/2022/KA01/01169,60,1,2022-01-16,2022,1,registered,Complaint received regarding theft of gold chain worth Rs.163855.,63.0,Male,3,12.890067204397676,77.69045440199945,0,0,0
2266,FIR/2023/KA25/00034,958,2,2023-09-16,2023,9,chargesheeted,FIR registered for House Breaking & Theft at Chaudhari Road.,29.0,Male,1,17.99357173714729,77.40101225950899,0,0,1
2267,FIR/2022/KA01/01170,161,18,2022-10-28,2022,10,closed,FIR registered for Cyber Crime - Hacking at Raman Road.,25.0,Female,2,13.105639680340333,77.52417751475174,1,0,1
2268,FIR/2024/KA01/01171,82,33,2024-02-02,2024,2,chargesheeted,FIR registered for Road Accident Death at Khurana Chowk.,47.0,Female,2,12.959332990098398,77.53218646229915,0,0,1
2269,FIR/2023/KA14/00049,653,1,2023-05-08,2023,5,chargesheeted,Complaint received regarding theft of gold chain worth Rs.368978.,40.0,Female,4,15.622458970642949,75.05451265877953,0,0,1
2270,FIR/2024/KA08/00040,412,8,2024-05-04,2024,5,under_investigation,Victim reported sexual assault incident at Nazareth Circle. Medical examination conducted.,43.0,Other,3,13.140612448626728,76.05715670240079,0,0,0
2271,FIR/2024/KA09/00039,424,1,2024-04-20,2024,4,chargesheeted,Complaint received regarding theft of two-wheeler worth Rs.129669.,41.0,Female,5,13.806637117997763,75.56408687961118,0,0,1
2272,FIR/2023/KA28/00026,1056,1,2023-12-19,2023,12,closed,Complaint received regarding theft of gold chain worth Rs.259795.,41.0,Other,1,14.744665844415422,74.64984907790647,0,0,1
2273,FIR/2022/KA01/01172,109,12,2022-03-26,2022,3,closed,Accused cheated complainant of Rs.410490 through false promises.,25.0,Male,4,12.865857770861606,77.63261519806221,0,1,1
2274,FIR/2023/KA05/00068,313,15,2023-12-21,2023,12,closed,FIR registered for Counterfeiting at Sabharwal Nagar.,47.0,Male,3,17.34794788693871,76.93018212101707,0,1,1
2275,FIR/2023/KA01/01173,30,19,2023-08-21,2023,8,chargesheeted,FIR registered for Cyber Crime - Phishing at Vohra Zila.,49.0,Other,2,13.06583073734416,77.66015942225813,1,0,1
2276,FIR/2022/KA20/00049,828,12,2022-06-23,2022,6,under_investigation,Accused cheated complainant of Rs.26883 through false promises.,36.0,Female,4,12.590836184433776,77.03175817940897,0,1,0
2277,FIR/2022/KA01/01174,69,25,2022-04-20,2022,4,closed,FIR registered for Arms Act at Kanda Path.,57.0,Other,1,12.997530139536853,77.5210835468868,0,0,1
2278,FIR/2023/KA13/00046,628,2,2023-02-15,2023,2,closed,FIR registered for House Breaking & Theft at Krishnamurthy Road.,49.0,Other,4,16.189772164253885,77.41717491911274,0,0,1
2279,FIR/2024/KA01/01175,167,35,2024-09-11,2024,9,under_investigation,FIR registered for SC/ST Atrocities Act at Bandi Ganj.,69.0,Female,5,12.936118891688286,77.69815002880448,0,0,0
2280,FIR/2022/KA01/01176,75,11,2022-09-25,2022,9,closed,FIR registered for Kidnapping & Abduction at Chanda Nagar.,33.0,Female,2,12.880547468526732,77.69419528163476,0,0,1
2281,FIR/2024/KA02/00022,191,13,2024-04-12,2024,4,closed,FIR registered for Criminal Breach of Trust at Kalla Nagar.,,Male,4,13.124131485068334,77.6244871386492,0,1,1
2282,FIR/2023/KA27/00078,1002,12,2023-04-09,2023,4,closed,Accused cheated complainant of Rs.125839 through false promises.,66.0,Male,5,16.161572053840878,75.68938419830488,0,1,1
2283,FIR/2022/KA24/00018,929,27,2022-01-20,2022,1,chargesheeted,FIR registered for Hurt/Grievous Hurt at Chadha Zila.,57.0,Male,4,16.912599543269117,77.0885188837885,0,0,1
2284,FIR/2022/KA01/01177,115,12,2022-04-11,2022,4,chargesheeted,Accused cheated complainant of Rs.222079 through false promises.,74.0,Male,3,13.021562402255078,77.61127186707425,0,1,1
2285,FIR/2024/KA01/01178,72,1,2024-12-25,2024,12,closed,Complaint received regarding theft of mobile phone worth Rs.353228.,61.0,Other,2,12.836578708657088,77.64191517614798,0,0,1
2286,FIR/2022/KA01/01179,95,1,2022-07-27,2022,7,under_investigation,Complaint received regarding theft of two-wheeler worth Rs.209384.,72.0,Female,2,12.90627334172954,77.69635153815099,0,0,0
2287,FIR/2023/KA15/00021,700,28,2023-04-24,2023,4,chargesheeted,FIR registered for Criminal Trespass at Menon Road.,50.0,Other,4,15.539497569214754,75.7677769585165,0,0,1
2288,FIR/2022/KA01/01180,150,34,2022-02-26,2022,2,under_investigation,FIR registered for Immoral Traffic Act at Borra Chowk.,,Other,2,12.879879853246074,77.64080166791972,0,0,0
2289,FIR/2022/KA01/01181,78,9,2022-07-03,2022,7,pending_trial,FIR registered for Assault on Women at Malhotra Chowk.,69.0,Other,3,13.080810577517255,77.53426893084252,0,0,1
2290,FIR/2023/KA01/01182,137,32,2023-06-15,2023,6,pending_trial,FIR registered for Missing Person at Naik Marg.,29.0,Female,3,13.063525561412337,77.62304737315405,0,0,1
2291,FIR/2022/KA01/01183,148,33,2022-02-17,2022,2,under_investigation,FIR registered for Road Accident Death at Edwin Road.,,Female,4,13.09398720956445,77.52306284476634,0,0,0
2292,FIR/2023/KA01/01184,76,17,2023-11-11,2023,11,under_investigation,FIR registered for Cyber Crime - Identity Theft at Malhotra Zila.,31.0,Female,4,13.117275641727481,77.6979429187881,1,0,0
2293,FIR/2024/KA01/01185,15,12,2024-09-25,2024,9,closed,Accused cheated complainant of Rs.497358 through false promises.,60.0,Male,2,12.909297051657832,77.62863303234298,0,1,1
2294,FIR/2023/KA11/00073,518,19,2023-11-17,2023,11,under_investigation,FIR registered for Cyber Crime - Phishing at Natarajan Marg.,75.0,Male,1,15.05863436367694,77.0008033585079,1,0,0
2295,FIR/2022/KA01/01186,34,12,2022-04-13,2022,4,registered,Accused cheated complainant of Rs.271421 through false promises.,43.0,Female,4,13.02060850568238,77.47230039508901,0,1,0
2296,FIR/2023/KA27/00079,1034,14,2023-10-01,2023,10,pending_trial,FIR registered for Forgery at Gokhale Road.,33.0,Female,4,16.254273248628994,75.7377580050603,0,1,1
2297,FIR/2023/KA13/00047,626,16,2023-01-16,2023,1,under_investigation,Victim lost Rs.366256 through online fraud/UPI scam.,29.0,Male,4,16.074479270351947,77.21446355717802,1,0,0
2298,FIR/2024/KA16/00037,722,28,2024-09-28,2024,9,chargesheeted,FIR registered for Criminal Trespass at Iyer Chowk.,42.0,Other,2,14.923334644262013,75.39113592845437,0,0,1
2299,FIR/2024/KA01/01187,17,17,2024-11-06,2024,11,under_investigation,FIR registered for Cyber Crime - Identity Theft at Ramaswamy.,34.0,Other,4,12.893733727144035,77.56764553022339,1,0,0
2300,FIR/2024/KA01/01188,49,3,2024-10-03,2024,10,under_investigation,Complainant robbed at Swamy Street by 2 armed persons.,19.0,Female,3,13.004756387126209,77.58916611461531,0,0,0
2301,FIR/2023/KA01/01189,8,24,2023-10-24,2023,10,chargesheeted,FIR registered for NDPS Act at Dhawan Zila.,26.0,Female,1,12.857630702161233,77.47746232200224,0,0,1
2302,FIR/2024/KA01/01190,161,1,2024-11-02,2024,11,under_investigation,Complaint received regarding theft of mobile phone worth Rs.391606.,24.0,Male,4,13.130980803072223,77.51131306039679,0,0,0
2303,FIR/2024/KA01/01191,130,16,2024-07-15,2024,7,pending_trial,Victim lost Rs.150370 through online fraud/UPI scam.,39.0,Male,1,12.911252444561294,77.53161965253035,1,0,1
2304,FIR/2023/KA11/00074,524,4,2023-07-24,2023,7,under_investigation,FIR registered for Dacoity at Lad Chowk.,26.0,Male,1,15.101409744489725,76.91481982067717,0,0,0
2305,FIR/2024/KA01/01192,144,35,2024-01-18,2024,1,chargesheeted,FIR registered for SC/ST Atrocities Act at Banerjee Zila.,27.0,Other,2,12.945969470979184,77.565596187737,0,0,1
2306,FIR/2024/KA01/01193,107,1,2024-09-08,2024,9,closed,Complaint received regarding theft of gold chain worth Rs.105728.,,Female,4,12.848560523500142,77.72675148703189,0,0,1
2307,FIR/2023/KA01/01194,130,21,2023-02-16,2023,2,under_investigation,FIR registered for Dowry Prohibition Act at Krishna.,63.0,Female,1,12.888357932035232,77.51263197508527,0,0,0
2308,FIR/2022/KA01/01195,72,18,2022-02-10,2022,2,registered,FIR registered for Cyber Crime - Hacking at Bahl Chowk.,54.0,Female,3,12.82492408895955,77.63633943967119,1,0,0
2309,FIR/2023/KA01/01196,149,16,2023-12-16,2023,12,chargesheeted,Victim lost Rs.493495 through online fraud/UPI scam.,66.0,Other,4,12.877161650459284,77.60382588319497,1,0,1
2310,FIR/2024/KA13/00048,594,27,2024-02-28,2024,2,chargesheeted,FIR registered for Hurt/Grievous Hurt at Barad Nagar.,50.0,Female,1,16.26464906855641,77.46860959113268,0,0,1
2311,FIR/2023/KA01/01197,14,2,2023-03-09,2023,3,pending_trial,FIR registered for House Breaking & Theft at Lata Marg.,,Female,3,12.906626825113163,77.62457936195635,0,0,1
2312,FIR/2024/KA27/00080,1011,27,2024-11-21,2024,11,chargesheeted,FIR registered for Hurt/Grievous Hurt at Narayan Street.,53.0,Female,1,16.24835416668527,75.83854282095646,0,0,1
2313,FIR/2023/KA01/01198,109,12,2023-07-15,2023,7,chargesheeted,Accused cheated complainant of Rs.454686 through false promises.,,Female,2,12.871558560279308,77.66174869321793,0,1,1
2314,FIR/2024/KA01/01199,57,1,2024-11-27,2024,11,chargesheeted,Complaint received regarding theft of cash worth Rs.423926.,60.0,Male,1,13.077970110174464,77.73419576504143,0,0,1
2315,FIR/2022/KA01/01200,87,5,2022-04-02,2022,4,under_investigation,Dead body found at Sarin Chowk. Prima facie case of murder registered.,64.0,Other,4,12.827482239827278,77.5641922025584,0,0,0
2316,FIR/2024/KA27/00081,999,17,2024-08-09,2024,8,pending_trial,FIR registered for Cyber Crime - Identity Theft at Boase Marg.,35.0,Other,1,16.216508946705183,75.78568038067044,1,0,1
2317,FIR/2024/KA25/00035,963,10,2024-08-24,2024,8,closed,FIR registered for Sexual Harassment at Kara Circle.,42.0,Male,3,17.818623020537828,77.56064791744818,0,0,1
2318,FIR/2024/KA01/01201,14,2,2024-01-15,2024,1,chargesheeted,FIR registered for House Breaking & Theft at Rajagopalan Nagar.,63.0,Female,4,12.901534262086855,77.61999968030489,0,0,1
2319,FIR/2023/KA13/00049,627,11,2023-02-02,2023,2,chargesheeted,FIR registered for Kidnapping & Abduction at Dara Chowk.,46.0,Female,3,16.243957436652416,77.28767273181413,0,0,1
2320,FIR/2022/KA04/00062,248,1,2022-06-15,2022,6,under_investigation,Complaint received regarding theft of cash worth Rs.419317.,42.0,Other,5,15.825974532593264,74.5480283969713,0,0,0
2321,FIR/2024/KA01/01202,75,6,2024-05-22,2024,5,registered,FIR registered for Attempt to Murder at Nath Path.,34.0,Other,4,12.870060989253243,77.68867799221731,0,0,0
2322,FIR/2023/KA01/01203,101,2,2023-07-01,2023,7,closed,FIR registered for House Breaking & Theft at Rattan Road.,59.0,Other,4,12.983278173293378,77.54908211867553,0,0,1
2323,FIR/2022/KA21/00034,847,5,2022-07-26,2022,7,chargesheeted,Dead body found at Chana Nagar. Prima facie case of murder registered.,74.0,Female,4,13.285428735601956,78.24590349522188,0,0,1
2324,FIR/2023/KA01/01204,128,24,2023-11-07,2023,11,chargesheeted,FIR registered for NDPS Act at Warrior Path.,47.0,Other,2,12.91094566967959,77.6482138835646,0,0,1
2325,FIR/2024/KA16/00038,733,15,2024-08-03,2024,8,chargesheeted,FIR registered for Counterfeiting at Buch Path.,40.0,Male,2,14.854398945478998,75.50014571931064,0,1,1
2326,FIR/2022/KA07/00017,359,14,2022-03-22,2022,3,closed,FIR registered for Forgery at Mann Chowk.,28.0,Male,2,13.226628435381663,74.80666663240393,0,1,1
2327,FIR/2022/KA29/00046,1107,12,2022-01-26,2022,1,under_investigation,Accused cheated complainant of Rs.314008 through false promises.,42.0,Male,4,14.471430813742986,75.93102787965783,0,1,0
2328,FIR/2023/KA10/00074,476,9,2023-07-19,2023,7,pending_trial,FIR registered for Assault on Women at Baral Circle.,18.0,Female,5,13.425841593427172,77.0920205896946,0,0,1
2329,FIR/2024/KA06/00056,327,13,2024-06-15,2024,6,chargesheeted,FIR registered for Criminal Breach of Trust at Halder Marg.,23.0,Male,5,12.937642381606352,74.7076017677589,0,1,1
2330,FIR/2023/KA01/01205,96,13,2023-01-02,2023,1,closed,FIR registered for Criminal Breach of Trust at Ramakrishnan Road.,48.0,Female,2,13.052026352522269,77.72447086288007,0,1,1
2331,FIR/2023/KA10/00075,472,26,2023-11-25,2023,11,closed,FIR registered for Riots at Parmer Zila.,41.0,Female,3,13.394052570764295,77.1354892913472,0,0,1
2332,FIR/2024/KA09/00040,448,2,2024-01-11,2024,1,under_investigation,FIR registered for House Breaking & Theft at Chad Chowk.,41.0,Female,1,13.929858850952247,75.48307659352486,0,0,0
2333,FIR/2022/KA01/01206,138,23,2022-07-18,2022,7,chargesheeted,FIR registered for Domestic Violence at Gupta Chowk.,,Male,1,12.991723395408782,77.51436566939037,0,0,1
2334,FIR/2024/KA01/01207,74,14,2024-03-06,2024,3,under_investigation,FIR registered for Forgery at Banik Street.,,Male,5,12.945056553544607,77.48137967925204,0,1,0
2335,FIR/2023/KA04/00063,237,33,2023-09-13,2023,9,pending_trial,FIR registered for Road Accident Death at Bakshi Ganj.,48.0,Other,5,15.905720449032556,74.5896091826128,0,0,1
2336,FIR/2024/KA01/01208,176,1,2024-09-16,2024,9,under_investigation,Complaint received regarding theft of mobile phone worth Rs.136909.,54.0,Female,4,13.015596245769583,77.51475936591372,0,0,0
2337,FIR/2024/KA01/01209,89,30,2024-08-22,2024,8,chargesheeted,FIR registered for Extortion at Ramachandran Chowk.,33.0,Male,2,12.854114079200716,77.67889733643491,0,0,1
2338,FIR/2024/KA27/00082,1026,16,2024-08-01,2024,8,registered,Victim lost Rs.372831 through online fraud/UPI scam.,49.0,Female,3,16.278067989684846,75.79303751970858,1,0,0
2339,FIR/2023/KA14/00050,648,1,2023-01-05,2023,1,chargesheeted,Complaint received regarding theft of mobile phone worth Rs.48132.,41.0,Female,1,15.48421395360572,75.03366609171982,0,0,1
2340,FIR/2022/KA01/01210,13,16,2022-10-05,2022,10,chargesheeted,Victim lost Rs.34126 through online fraud/UPI scam.,26.0,Female,3,13.123175358090078,77.68191125792382,1,0,1
2341,FIR/2023/KA01/01211,66,12,2023-02-12,2023,2,under_investigation,Accused cheated complainant of Rs.239522 through false promises.,70.0,Male,2,12.892055846426402,77.61904072012025,0,1,0
2342,FIR/2023/KA08/00041,403,1,2023-08-18,2023,8,pending_trial,Complaint received regarding theft of gold chain worth Rs.158278.,54.0,Female,5,12.975049887714569,75.94517134927074,0,0,1
2343,FIR/2024/KA01/01212,66,17,2024-04-23,2024,4,chargesheeted,FIR registered for Cyber Crime - Identity Theft at Basak Path.,68.0,Male,3,12.870769919346522,77.64222392987895,1,0,1
2344,FIR/2023/KA05/00069,284,24,2023-03-08,2023,3,under_investigation,FIR registered for NDPS Act at Dani Marg.,52.0,Female,5,17.28790079254786,76.9857844319646,0,0,0
2345,FIR/2023/KA13/00050,624,12,2023-08-01,2023,8,under_investigation,Accused cheated complainant of Rs.383728 through false promises.,49.0,Other,4,16.19779337693436,77.40581235153384,0,1,0
2346,FIR/2024/KA09/00041,452,1,2024-03-12,2024,3,registered,Complaint received regarding theft of two-wheeler worth Rs.29232.,27.0,Other,3,13.828196114366017,75.57881478843576,0,0,0
2347,FIR/2022/KA08/00042,394,9,2022-03-19,2022,3,chargesheeted,FIR registered for Assault on Women at Kaul Street.,72.0,Male,4,12.879461623178383,76.19742683466097,0,0,1
2348,FIR/2024/KA01/01213,33,32,2024-10-04,2024,10,under_investigation,FIR registered for Missing Person at Bansal Zila.,22.0,Female,2,12.865605891346322,77.63802697779286,0,0,0
2349,FIR/2023/KA01/01214,46,11,2023-02-10,2023,2,chargesheeted,FIR registered for Kidnapping & Abduction at Suresh Street.,47.0,Female,1,13.05374876091424,77.48078888828401,0,0,1
2350,FIR/2022/KA18/00010,773,1,2022-03-10,2022,3,chargesheeted,Complaint received regarding theft of laptop worth Rs.438442.,28.0,Female,2,13.367971081305411,75.6080671374341,0,0,1
2351,FIR/2022/KA23/00023,910,1,2022-09-08,2022,9,chargesheeted,Complaint received regarding theft of two-wheeler worth Rs.162485.,33.0,Other,4,12.626810202205839,77.35878551931812,0,0,1
2352,FIR/2022/KA28/00027,1059,18,2022-03-25,2022,3,under_investigation,FIR registered for Cyber Crime - Hacking at De Ganj.,74.0,Female,3,14.680346436008195,74.77146559325949,1,0,0
2353,FIR/2022/KA01/01215,25,1,2022-08-06,2022,8,chargesheeted,Complaint received regarding theft of laptop worth Rs.194741.,75.0,Female,3,13.109710018506028,77.48684109520511,0,0,1
2354,FIR/2024/KA22/00016,885,12,2024-11-21,2024,11,registered,Accused cheated complainant of Rs.326589 through false promises.,32.0,Female,5,13.372216963083138,77.71216029652334,0,1,0
2355,FIR/2022/KA26/00015,978,12,2022-03-10,2022,3,chargesheeted,Accused cheated complainant of Rs.31510 through false promises.,54.0,Female,1,15.396477299348419,76.04135400821156,0,1,1
2356,FIR/2024/KA03/00026,213,30,2024-06-16,2024,6,under_investigation,FIR registered for Extortion at Garde.,43.0,Female,2,12.269428629977574,76.4961289622036,0,0,0
2357,FIR/2023/KA01/01216,24,22,2023-03-02,2023,3,under_investigation,FIR registered for POCSO Act at Bhatt.,23.0,Other,3,13.013894102750237,77.71912816234975,0,0,0
2358,FIR/2023/KA25/00036,954,1,2023-01-04,2023,1,chargesheeted,Complaint received regarding theft of two-wheeler worth Rs.249717.,63.0,Male,4,17.839278866981147,77.37911316451621,0,0,1
2359,FIR/2023/KA22/00017,879,12,2023-05-03,2023,5,under_investigation,Accused cheated complainant of Rs.225779 through false promises.,58.0,Male,5,13.46160880904182,77.80248025338386,0,1,0
2360,FIR/2023/KA01/01217,26,8,2023-04-07,2023,4,pending_trial,Victim reported sexual assault incident at Jain Zila. Medical examination conducted.,37.0,Male,2,12.838743342545838,77.48298985839676,0,0,1
2361,FIR/2023/KA27/00083,1030,9,2023-11-25,2023,11,under_investigation,FIR registered for Assault on Women at Nazareth Marg.,48.0,Female,1,16.344460524538313,75.75649185249205,0,0,0
2362,FIR/2023/KA10/00076,482,2,2023-10-01,2023,10,closed,FIR registered for House Breaking & Theft at Nair Marg.,47.0,Other,2,13.456637361711397,77.19305391092858,0,0,1
2363,FIR/2024/KA12/00061,578,28,2024-12-07,2024,12,under_investigation,FIR registered for Criminal Trespass at Devan Zila.,58.0,Male,4,16.79121455992771,75.62993030480247,0,0,0
2364,FIR/2024/KA10/00077,479,1,2024-02-28,2024,2,closed,Complaint received regarding theft of gold chain worth Rs.162866.,49.0,Male,3,13.284535955589476,77.20583334880375,0,0,1
2365,FIR/2022/KA01/01218,48,25,2022-01-23,2022,1,pending_trial,FIR registered for Arms Act at Ghose Nagar.,57.0,Female,5,12.95296833020476,77.61458317844091,0,0,1
2366,FIR/2024/KA27/00084,1009,23,2024-01-24,2024,1,chargesheeted,FIR registered for Domestic Violence at Bhatnagar Path.,32.0,Other,2,16.24219308081697,75.81590190670988,0,0,1
2367,FIR/2023/KA01/01219,79,13,2023-10-13,2023,10,chargesheeted,FIR registered for Criminal Breach of Trust at Mahal Zila.,60.0,Other,2,12.879881380587857,77.5366825853089,0,1,1
2368,FIR/2024/KA13/00051,632,1,2024-03-17,2024,3,chargesheeted,Complaint received regarding theft of two-wheeler worth Rs.180308.,70.0,Other,1,16.163203466756496,77.42095093236557,0,0,1
2369,FIR/2024/KA23/00024,912,8,2024-08-08,2024,8,under_investigation,Victim reported sexual assault incident at Pingle Street. Medical examination conducted.,,Male,4,12.607888046322547,77.15214235369477,0,0,0
2370,FIR/2023/KA03/00027,216,13,2023-03-10,2023,3,closed,FIR registered for Criminal Breach of Trust at Gala Circle.,70.0,Female,2,12.337473588920155,76.51503405997647,0,1,1
2371,FIR/2023/KA06/00057,317,23,2023-01-11,2023,1,pending_trial,FIR registered for Domestic Violence at Kohli Chowk.,26.0,Female,1,12.878801142888886,74.707330947772,0,0,1
2372,FIR/2024/KA08/00043,415,22,2024-02-12,2024,2,pending_trial,FIR registered for POCSO Act at Baria.,,Other,3,13.109263996292372,76.11777257681689,0,0,1
2373,FIR/2023/KA01/01220,19,28,2023-05-05,2023,5,under_investigation,FIR registered for Criminal Trespass at Chaudhry Street.,23.0,Other,5,13.038344777355235,77.47390148890956,0,0,0
2374,FIR/2023/KA01/01221,95,5,2023-02-05,2023,2,under_investigation,Dead body found at Puri. Prima facie case of murder registered.,67.0,Other,1,12.891785301848392,77.70335522035738,0,0,0
2375,FIR/2024/KA23/00025,901,12,2024-12-12,2024,12,pending_trial,Accused cheated complainant of Rs.380126 through false promises.,37.0,Other,3,12.771107023948339,77.1522032599429,0,1,1
2376,FIR/2024/KA01/01222,35,14,2024-10-23,2024,10,closed,FIR registered for Forgery at Buch Chowk.,38.0,Female,4,13.12562575417795,77.73709545892113,0,1,1
2377,FIR/2023/KA13/00052,633,3,2023-07-14,2023,7,closed,Complainant robbed at Amble Nagar by 2 armed persons.,44.0,Male,1,16.14517282209105,77.38103333107004,0,0,1
2378,FIR/2024/KA01/01223,84,12,2024-12-14,2024,12,under_investigation,Accused cheated complainant of Rs.356981 through false promises.,63.0,Female,2,12.979741709418363,77.55327632540858,0,1,0
2379,FIR/2024/KA13/00053,635,3,2024-01-15,2024,1,chargesheeted,Complainant robbed at Mander by 1 armed persons.,21.0,Female,5,16.1597600807272,77.37777449207502,0,0,1
2380,FIR/2023/KA06/00058,336,12,2023-06-22,2023,6,chargesheeted,Accused cheated complainant of Rs.238513 through false promises.,37.0,Male,2,12.798248215570794,74.95624332837104,0,1,1
2381,FIR/2023/KA07/00018,362,16,2023-09-02,2023,9,closed,Victim lost Rs.24892 through online fraud/UPI scam.,,Female,4,13.293279366672053,74.80289916504063,1,0,1
2382,FIR/2024/KA01/01224,182,2,2024-12-07,2024,12,chargesheeted,FIR registered for House Breaking & Theft at Madan Street.,31.0,Male,3,12.837249947509113,77.54573524861252,0,0,1
2383,FIR/2024/KA04/00064,262,1,2024-11-04,2024,11,under_investigation,Complaint received regarding theft of two-wheeler worth Rs.295907.,50.0,Female,5,15.833705364082906,74.39148179937871,0,0,0
2384,FIR/2023/KA27/00085,1007,35,2023-11-12,2023,11,pending_trial,FIR registered for SC/ST Atrocities Act at Khare Marg.,60.0,Other,4,16.069774855313202,75.66583438955413,0,0,1
2385,FIR/2022/KA01/01225,49,16,2022-09-18,2022,9,closed,Victim lost Rs.255941 through online fraud/UPI scam.,18.0,Female,2,13.001494426289163,77.57266471974471,1,0,1
2386,FIR/2022/KA27/00086,1009,2,2022-01-24,2022,1,chargesheeted,FIR registered for House Breaking & Theft at Gole.,58.0,Male,4,16.238393133434684,75.82345299849973,0,0,1
2387,FIR/2024/KA01/01226,146,12,2024-01-15,2024,1,chargesheeted,Accused cheated complainant of Rs.284690 through false promises.,,Female,5,12.825152784073442,77.62179831758846,0,1,1
2388,FIR/2022/KA01/01227,164,2,2022-10-19,2022,10,chargesheeted,FIR registered for House Breaking & Theft at Pall Road.,40.0,Female,5,12.907222988430863,77.57630724429865,0,0,1
2389,FIR/2023/KA02/00023,188,2,2023-02-09,2023,2,under_investigation,FIR registered for House Breaking & Theft at Agrawal Marg.,42.0,Other,5,13.241400710048751,77.55813161510984,0,0,0
2390,FIR/2024/KA05/00070,296,23,2024-02-28,2024,2,chargesheeted,FIR registered for Domestic Violence at Keer Circle.,,Female,3,17.3048262928092,76.71073277152587,0,0,1
2391,FIR/2022/KA25/00037,964,35,2022-10-26,2022,10,under_investigation,FIR registered for SC/ST Atrocities Act at Dalal Ganj.,66.0,Male,5,17.876566581082614,77.57157467218346,0,0,0
2392,FIR/2024/KA01/01228,48,9,2024-08-07,2024,8,chargesheeted,FIR registered for Assault on Women at Chandran Circle.,51.0,Female,4,12.960475059877401,77.61801028710542,0,0,1
2393,FIR/2022/KA29/00047,1085,28,2022-04-25,2022,4,chargesheeted,FIR registered for Criminal Trespass at Pathak.,,Male,1,14.553334125468947,75.95297051306403,0,0,1
2394,FIR/2022/KA27/00087,1034,12,2022-08-04,2022,8,chargesheeted,Accused cheated complainant of Rs.445218 through false promises.,36.0,Other,4,16.27542990787843,75.71411460960034,0,1,1
2395,FIR/2023/KA01/01229,159,1,2023-02-05,2023,2,under_investigation,Complaint received regarding theft of mobile phone worth Rs.77611.,36.0,Female,3,12.834213003330406,77.71514813956976,0,0,0
2396,FIR/2023/KA01/01230,122,14,2023-06-10,2023,6,chargesheeted,FIR registered for Forgery at Malhotra Ganj.,55.0,Other,2,13.111711139742923,77.59982601900096,0,1,1
2397,FIR/2023/KA21/00035,854,21,2023-11-15,2023,11,under_investigation,FIR registered for Dowry Prohibition Act at Hari Nagar.,24.0,Female,2,13.110626583718954,78.02022935974024,0,0,0
2398,FIR/2022/KA17/00042,738,30,2022-05-08,2022,5,chargesheeted,FIR registered for Extortion at Dixit Zila.,36.0,Male,3,14.339072539324011,76.27988353601766,0,0,1
2399,FIR/2022/KA04/00065,245,9,2022-04-01,2022,4,chargesheeted,FIR registered for Assault on Women at Tank Chowk.,54.0,Other,4,15.86204167623519,74.576314795468,0,0,1
2400,FIR/2022/KA10/00078,478,28,2022-07-05,2022,7,chargesheeted,FIR registered for Criminal Trespass at Dutta Street.,51.0,Other,4,13.295056490034005,77.12942295020675,0,0,1
2401,FIR/2024/KA16/00039,723,28,2024-08-25,2024,8,under_investigation,FIR registered for Criminal Trespass at Bhagat Nagar.,33.0,Male,2,14.702762190093232,75.29395591479653,0,0,0
2402,FIR/2023/KA01/01231,96,30,2023-01-12,2023,1,under_investigation,FIR registered for Extortion at Mane Path.,23.0,Other,3,13.068507283699233,77.71546015349443,0,0,0
2403,FIR/2022/KA05/00071,278,1,2022-05-04,2022,5,pending_trial,Complaint received regarding theft of two-wheeler worth Rs.409856.,44.0,Female,4,17.411545780782475,76.87068659866698,0,0,1
2404,FIR/2022/KA11/00075,549,13,2022-02-28,2022,2,under_investigation,FIR registered for Criminal Breach of Trust at Natt Road.,36.0,Female,4,15.048337424549047,76.91392381881276,0,1,0
2405,FIR/2022/KA01/01232,69,21,2022-09-13,2022,9,closed,FIR registered for Dowry Prohibition Act at Setty.,43.0,Other,3,13.004333111408132,77.55192354324079,0,0,1
2406,FIR/2022/KA16/00040,709,1,2022-05-10,2022,5,under_investigation,Complaint received regarding theft of mobile phone worth Rs.80889.,34.0,Other,5,14.696416010632474,75.37936064443643,0,0,0
2407,FIR/2023/KA01/01233,139,14,2023-07-07,2023,7,chargesheeted,FIR registered for Forgery at Yogi Nagar.,22.0,Female,3,12.948955094958533,77.57897787755014,0,1,1
2408,FIR/2024/KA01/01234,115,15,2024-02-18,2024,2,registered,FIR registered for Counterfeiting at Dugar Street.,69.0,Male,3,13.03227545087955,77.63454931118841,0,1,0
2409,FIR/2024/KA01/01235,9,12,2024-04-22,2024,4,chargesheeted,Accused cheated complainant of Rs.205925 through false promises.,,Female,1,12.915890301227737,77.46034943630258,0,1,1
2410,FIR/2024/KA01/01236,109,1,2024-12-04,2024,12,closed,Complaint received regarding theft of cash worth Rs.426652.,72.0,Female,5,12.864872583167193,77.6362299521384,0,0,1
2411,FIR/2022/KA07/00019,365,17,2022-08-14,2022,8,chargesheeted,FIR registered for Cyber Crime - Identity Theft at Keer Zila.,32.0,Female,1,13.430824147610318,74.8016521658832,1,0,1
2412,FIR/2022/KA01/01237,51,19,2022-02-17,2022,2,under_investigation,FIR registered for Cyber Crime - Phishing at Nanda Chowk.,39.0,Male,2,12.934936894962688,77.59015423543997,1,0,0
2413,FIR/2023/KA01/01238,181,16,2023-08-28,2023,8,chargesheeted,Victim lost Rs.167381 through online fraud/UPI scam.,50.0,Female,4,12.839538542592921,77.7149316061844,1,0,1
2414,FIR/2024/KA27/00088,1036,28,2024-01-26,2024,1,pending_trial,FIR registered for Criminal Trespass at Karpe Path.,70.0,Other,4,16.249766683228458,75.68638735859471,0,0,1
2415,FIR/2023/KA01/01239,28,1,2023-04-04,2023,4,under_investigation,Complaint received regarding theft of gold chain worth Rs.404993.,48.0,Male,2,13.118744985629117,77.60978969443009,0,0,0
2416,FIR/2022/KA01/01240,58,34,2022-08-20,2022,8,under_investigation,FIR registered for Immoral Traffic Act at Chaudhari Ganj.,,Male,4,12.862113985704145,77.59502147526794,0,0,0
2417,FIR/2024/KA01/01241,175,12,2024-10-20,2024,10,pending_trial,Accused cheated complainant of Rs.240812 through false promises.,32.0,Male,5,12.86363670489431,77.4696163743509,0,1,1
2418,FIR/2022/KA01/01242,47,12,2022-12-20,2022,12,under_investigation,Accused cheated complainant of Rs.432724 through false promises.,22.0,Male,4,13.060167855213686,77.45257018722565,0,1,0
2419,FIR/2024/KA23/00026,904,1,2024-08-12,2024,8,under_investigation,Complaint received regarding theft of mobile phone worth Rs.373481.,43.0,Male,1,12.64638080395404,77.2027922280854,0,0,0
2420,FIR/2024/KA17/00043,766,9,2024-01-18,2024,1,chargesheeted,FIR registered for Assault on Women at Sundaram Chowk.,28.0,Female,2,14.082225592199045,76.36381689676566,0,0,1
2421,FIR/2023/KA01/01243,12,20,2023-05-01,2023,5,registered,FIR registered for Dowry Death at Sarin Nagar.,37.0,Other,4,13.043967896051996,77.46379298716018,0,0,0
2422,FIR/2022/KA01/01244,109,12,2022-09-19,2022,9,under_investigation,Accused cheated complainant of Rs.275933 through false promises.,75.0,Other,2,12.875363500408685,77.62833994711583,0,1,0
2423,FIR/2024/KA30/00022,1119,1,2024-01-15,2024,1,closed,Complaint received regarding theft of mobile phone worth Rs.400047.,66.0,Male,4,15.435405945212759,76.47760612547862,0,0,1
2424,FIR/2022/KA01/01245,159,35,2022-10-07,2022,10,closed,FIR registered for SC/ST Atrocities Act at Ram Street.,74.0,Male,4,12.837526683596414,77.74097537150207,0,0,1
2425,FIR/2024/KA04/00066,245,14,2024-07-27,2024,7,registered,FIR registered for Forgery at Deshpande Path.,23.0,Female,3,15.861226986269871,74.60324852707116,0,1,0
2426,FIR/2022/KA01/01246,25,2,2022-06-11,2022,6,closed,FIR registered for House Breaking & Theft at Hari Chowk.,32.0,Other,5,13.112919522922395,77.48868578530859,0,0,1
2427,FIR/2023/KA12/00062,578,2,2023-07-23,2023,7,pending_trial,FIR registered for House Breaking & Theft at Madan Path.,24.0,Female,1,16.811931740706896,75.64087470905511,0,0,1
2428,FIR/2024/KA01/01247,78,28,2024-06-08,2024,6,pending_trial,FIR registered for Criminal Trespass at Nayak Ganj.,43.0,Female,2,13.093811636932944,77.53264532188167,0,0,1
2429,FIR/2022/KA03/00028,217,11,2022-12-20,2022,12,chargesheeted,FIR registered for Kidnapping & Abduction at Balay Street.,31.0,Other,3,12.228122950754276,76.54469182394583,0,0,1
2430,FIR/2024/KA01/01248,18,8,2024-03-09,2024,3,chargesheeted,Victim reported sexual assault incident at Bhasin. Medical examination conducted.,69.0,Other,3,13.027431900514976,77.60672963191563,0,0,1
2431,FIR/2023/KA04/00067,248,35,2023-06-22,2023,6,under_investigation,FIR registered for SC/ST Atrocities Act at Deshpande Road.,42.0,Other,4,15.844122257101443,74.5381829799377,0,0,0
2432,FIR/2023/KA11/00076,512,14,2023-02-08,2023,2,under_investigation,FIR registered for Forgery at Shroff Zila.,48.0,Other,4,15.039531736802466,77.01740812599184,0,1,0
2433,FIR/2023/KA01/01249,97,13,2023-01-12,2023,1,under_investigation,FIR registered for Criminal Breach of Trust at Sahota Chowk.,47.0,Other,2,12.864276694227945,77.55176294438071,0,1,0
2434,FIR/2023/KA11/00077,530,33,2023-07-05,2023,7,under_investigation,FIR registered for Road Accident Death at Oza Street.,41.0,Female,4,15.268698386271668,76.90320003675092,0,0,0
2435,FIR/2023/KA01/01250,16,14,2023-10-18,2023,10,chargesheeted,FIR registered for Forgery at Merchant Ganj.,60.0,Other,3,13.010435768831133,77.60753510340803,0,1,1
2436,FIR/2024/KA01/01251,61,25,2024-04-20,2024,4,chargesheeted,FIR registered for Arms Act at Dugar.,71.0,Male,5,13.049999584293818,77.6596533104301,0,0,1
2437,FIR/2024/KA27/00089,1031,2,2024-12-19,2024,12,pending_trial,FIR registered for House Breaking & Theft at Garde.,72.0,Other,1,16.158122683093026,75.71782551904319,0,0,1
2438,FIR/2023/KA11/00078,527,13,2023-03-13,2023,3,pending_trial,FIR registered for Criminal Breach of Trust at Karpe.,68.0,Male,1,15.064768567655198,76.88609311792376,0,1,1
2439,FIR/2023/KA20/00050,816,14,2023-02-14,2023,2,registered,FIR registered for Forgery at Sabharwal Zila.,68.0,Female,5,12.447836977530201,76.8237770268865,0,1,0
2440,FIR/2022/KA01/01252,177,17,2022-02-28,2022,2,under_investigation,FIR registered for Cyber Crime - Identity Theft at Suresh Circle.,30.0,Other,3,13.045616376738165,77.73260071968276,1,0,0
2441,FIR/2024/KA25/00038,941,21,2024-10-20,2024,10,registered,FIR registered for Dowry Prohibition Act at Solanki Ganj.,30.0,Other,2,17.802771054753947,77.65497284258166,0,0,0
2442,FIR/2022/KA01/01253,36,18,2022-05-17,2022,5,under_investigation,FIR registered for Cyber Crime - Hacking at Mallick Chowk.,44.0,Female,3,12.977167573476253,77.46096829149661,1,0,0
2443,FIR/2023/KA01/01254,29,16,2023-03-05,2023,3,pending_trial,Victim lost Rs.291759 through online fraud/UPI scam.,19.0,Female,2,12.835070116097453,77.66186777139355,1,0,1
2444,FIR/2023/KA06/00059,330,1,2023-07-27,2023,7,under_investigation,Complaint received regarding theft of laptop worth Rs.206539.,58.0,Other,2,12.937013799079972,74.76125462645744,0,0,0
2445,FIR/2023/KA01/01255,63,31,2023-07-09,2023,7,closed,FIR registered for Criminal Intimidation at Saraf Path.,30.0,Female,5,12.842787196973001,77.66187408450688,0,0,1
2446,FIR/2022/KA11/00079,503,10,2022-08-14,2022,8,under_investigation,FIR registered for Sexual Harassment at Kapadia.,60.0,Male,5,15.27867390635327,76.98659456831898,0,0,0
2447,FIR/2023/KA29/00048,1092,9,2023-06-05,2023,6,closed,FIR registered for Assault on Women at Dixit.,24.0,Male,4,14.463788537411006,75.81515998976286,0,0,1
2448,FIR/2024/KA10/00079,454,1,2024-10-09,2024,10,chargesheeted,Complaint received regarding theft of cash worth Rs.302622.,28.0,Male,3,13.268928363655984,77.02905902964355,0,0,1
2449,FIR/2022/KA04/00068,253,8,2022-05-09,2022,5,under_investigation,Victim reported sexual assault incident at Basu Marg. Medical examination conducted.,65.0,Other,4,15.81805775703939,74.44564784064906,0,0,0
2450,FIR/2024/KA01/01256,59,30,2024-07-17,2024,7,under_investigation,FIR registered for Extortion at Singhal Nagar.,32.0,Male,1,13.08937642730567,77.47496332717424,0,0,0
2451,FIR/2024/KA01/01257,90,1,2024-12-17,2024,12,registered,Complaint received regarding theft of cash worth Rs.266977.,,Female,3,13.015897220498717,77.49471928680123,0,0,0
2452,FIR/2023/KA05/00072,305,12,2023-11-26,2023,11,chargesheeted,Accused cheated complainant of Rs.371267 through false promises.,51.0,Female,5,17.367831219374814,76.84347177374731,0,1,1
2453,FIR/2024/KA01/01258,78,21,2024-10-04,2024,10,chargesheeted,FIR registered for Dowry Prohibition Act at Srinivas Marg.,33.0,Female,2,13.069687193707841,77.51108310225436,0,0,1
2454,FIR/2023/KA01/01259,64,18,2023-12-13,2023,12,under_investigation,FIR registered for Cyber Crime - Hacking at Sethi Zila.,50.0,Female,1,12.840157495974392,77.60012153924251,1,0,0
2455,FIR/2024/KA01/01260,161,6,2024-10-11,2024,10,under_investigation,FIR registered for Attempt to Murder at Khosla Chowk.,32.0,Other,4,13.130048853567645,77.53749121891596,0,0,0
2456,FIR/2023/KA01/01261,174,16,2023-04-20,2023,4,closed,Victim lost Rs.452068 through online fraud/UPI scam.,22.0,Other,2,12.947918235360566,77.53464456010694,1,0,1
2457,FIR/2024/KA01/01262,66,1,2024-11-03,2024,11,registered,Complaint received regarding theft of laptop worth Rs.359110.,47.0,Male,2,12.885766360079678,77.62013886092413,0,0,0
2458,FIR/2023/KA01/01263,71,22,2023-06-13,2023,6,pending_trial,FIR registered for POCSO Act at Parmer Street.,28.0,Female,5,13.006916545787538,77.59577349254333,0,0,1
2459,FIR/2023/KA01/01264,150,13,2023-04-07,2023,4,registered,FIR registered for Criminal Breach of Trust at Khare Road.,33.0,Male,5,12.894966013631509,77.65756046006942,0,1,0
2460,FIR/2024/KA01/01265,37,9,2024-03-21,2024,3,under_investigation,FIR registered for Assault on Women at Babu Zila.,71.0,Male,1,13.052672615768902,77.53572212826484,0,0,0
2461,FIR/2023/KA10/00080,475,9,2023-12-17,2023,12,chargesheeted,FIR registered for Assault on Women at Mody Chowk.,45.0,Female,3,13.342713742680113,76.95056483594033,0,0,1
2462,FIR/2022/KA01/01266,70,3,2022-01-16,2022,1,under_investigation,Complainant robbed at Sharaf Street by 4 armed persons.,53.0,Female,2,13.038248799340593,77.50634137193227,0,0,0
2463,FIR/2022/KA24/00019,931,3,2022-11-03,2022,11,chargesheeted,Complainant robbed at Bajwa by 4 armed persons.,31.0,Other,4,16.660980885650343,77.20944340630362,0,0,1
2464,FIR/2024/KA01/01267,101,1,2024-12-24,2024,12,under_investigation,Complaint received regarding theft of gold chain worth Rs.52906.,,Female,1,12.981865443462274,77.53289893801141,0,0,0
2465,FIR/2024/KA01/01268,27,1,2024-05-23,2024,5,chargesheeted,Complaint received regarding theft of gold chain worth Rs.377247.,74.0,Male,2,13.033347268041508,77.60403759616716,0,0,1
2466,FIR/2023/KA01/01269,122,22,2023-07-01,2023,7,pending_trial,FIR registered for POCSO Act at Prabhakar Street.,27.0,Other,5,13.09822655152405,77.60820257667983,0,0,1
2467,FIR/2022/KA01/01270,92,19,2022-04-22,2022,4,under_investigation,FIR registered for Cyber Crime - Phishing at Agarwal Chowk.,47.0,Female,2,13.045541625826218,77.56348043760477,1,0,0
2468,FIR/2022/KA04/00069,253,12,2022-10-05,2022,10,closed,Accused cheated complainant of Rs.20799 through false promises.,63.0,Female,2,15.79234671496857,74.45007135267802,0,1,1
2469,FIR/2024/KA07/00020,359,29,2024-07-20,2024,7,under_investigation,FIR registered for Mischief at Wali Path.,,Male,1,13.209421566087071,74.78675192684969,0,0,0
2470,FIR/2022/KA07/00021,370,12,2022-05-03,2022,5,pending_trial,Accused cheated complainant of Rs.57213 through false promises.,55.0,Female,1,13.422661105430416,74.85906882063847,0,1,1
2471,FIR/2023/KA01/01271,93,14,2023-05-26,2023,5,closed,FIR registered for Forgery at Madan Marg.,59.0,Male,4,13.077107671582736,77.67353305119876,0,1,1
2472,FIR/2023/KA25/00039,967,12,2023-07-27,2023,7,chargesheeted,Accused cheated complainant of Rs.6883 through false promises.,25.0,Female,1,17.99598404529158,77.55538033703178,0,1,1
2473,FIR/2024/KA01/01272,138,27,2024-10-26,2024,10,under_investigation,FIR registered for Hurt/Grievous Hurt at Nayak Zila.,,Other,2,12.987462761704055,77.52422029044652,0,0,0
2474,FIR/2024/KA08/00044,385,10,2024-12-11,2024,12,under_investigation,FIR registered for Sexual Harassment at Varma Nagar.,68.0,Other,1,13.129317088209872,76.08416713149816,0,0,0
2475,FIR/2023/KA01/01273,14,29,2023-04-15,2023,4,chargesheeted,FIR registered for Mischief at Behl Path.,65.0,Male,3,12.904869760110813,77.63148867557953,0,0,1
2476,FIR/2024/KA01/01274,143,16,2024-06-24,2024,6,closed,Victim lost Rs.317378 through online fraud/UPI scam.,,Male,1,12.944742459257435,77.45286948238858,1,0,1
2477,FIR/2023/KA01/01275,5,29,2023-03-27,2023,3,under_investigation,FIR registered for Mischief at Shroff Path.,47.0,Female,5,12.949542531382294,77.56644973161323,0,0,0
2478,FIR/2023/KA01/01276,123,1,2023-01-08,2023,1,under_investigation,Complaint received regarding theft of laptop worth Rs.149892.,19.0,Female,3,13.108934666166785,77.48235387046233,0,0,0
2479,FIR/2024/KA01/01277,178,12,2024-09-01,2024,9,chargesheeted,Accused cheated complainant of Rs.251880 through false promises.,45.0,Male,3,13.12882569212636,77.67963885259118,0,1,1
2480,FIR/2023/KA01/01278,151,15,2023-10-08,2023,10,under_investigation,FIR registered for Counterfeiting at Bhavsar Street.,41.0,Other,2,12.98517582298028,77.74317808911128,0,1,0
2481,FIR/2023/KA16/00041,713,1,2023-06-19,2023,6,under_investigation,Complaint received regarding theft of gold chain worth Rs.238264.,72.0,Male,1,14.790199777099003,75.2976811798681,0,0,0
2482,FIR/2024/KA01/01279,121,17,2024-10-26,2024,10,chargesheeted,FIR registered for Cyber Crime - Identity Theft at Natt Street.,47.0,Female,2,13.084926076722756,77.66813056491863,1,0,1
2483,FIR/2024/KA01/01280,29,1,2024-11-04,2024,11,under_investigation,Complaint received regarding theft of laptop worth Rs.5294.,54.0,Female,1,12.836963685827646,77.6451781895675,0,0,0
2484,FIR/2023/KA01/01281,77,21,2023-06-22,2023,6,pending_trial,FIR registered for Dowry Prohibition Act at Sridhar Zila.,30.0,Female,5,13.070535507785099,77.52945244024562,0,0,1
2485,FIR/2022/KA17/00044,766,1,2022-01-17,2022,1,under_investigation,Complaint received regarding theft of laptop worth Rs.231819.,50.0,Other,5,14.101903886702365,76.37174546211476,0,0,0
2486,FIR/2023/KA05/00073,284,35,2023-12-08,2023,12,registered,FIR registered for SC/ST Atrocities Act at Nagi Ganj.,65.0,Male,2,17.288973904957384,76.98383579846367,0,0,0
2487,FIR/2024/KA01/01282,118,18,2024-11-16,2024,11,chargesheeted,FIR registered for Cyber Crime - Hacking at Loke Path.,39.0,Other,4,13.069548650860499,77.59771961352324,1,0,1
2488,FIR/2022/KA18/00011,777,31,2022-04-07,2022,4,chargesheeted,FIR registered for Criminal Intimidation at Sampath Circle.,27.0,Other,3,13.188625214727733,75.70997142316037,0,0,1
2489,FIR/2024/KA01/01283,41,18,2024-09-28,2024,9,chargesheeted,FIR registered for Cyber Crime - Hacking at Bhagat Road.,67.0,Female,2,13.102096179256254,77.57023746531222,1,0,1
2490,FIR/2024/KA01/01284,103,5,2024-12-08,2024,12,registered,Dead body found at Pradhan Zila. Prima facie case of murder registered.,49.0,Other,3,12.883243061226366,77.47712471723047,0,0,0
2491,FIR/2023/KA01/01285,21,12,2023-12-21,2023,12,closed,Accused cheated complainant of Rs.168909 through false promises.,59.0,Other,3,13.00653593217515,77.65236227445422,0,1,1
2492,FIR/2023/KA05/00074,289,23,2023-02-28,2023,2,pending_trial,FIR registered for Domestic Violence at Thaker Chowk.,26.0,Female,3,17.36940936976331,76.68132438324885,0,0,1
2493,FIR/2023/KA08/00045,383,17,2023-08-27,2023,8,under_investigation,FIR registered for Cyber Crime - Identity Theft at Das Circle.,,Other,3,12.981975426068331,76.10339556305154,1,0,0
2494,FIR/2022/KA09/00042,437,6,2022-09-07,2022,9,pending_trial,FIR registered for Attempt to Murder at Wali Chowk.,56.0,Other,5,13.909218058104155,75.65375397071334,0,0,1
2495,FIR/2023/KA01/01286,43,3,2023-06-15,2023,6,chargesheeted,Complainant robbed at Master Circle by 4 armed persons.,60.0,Other,1,13.115281667334125,77.64061290521354,0,0,1
2496,FIR/2024/KA19/00006,792,22,2024-04-10,2024,4,chargesheeted,FIR registered for POCSO Act at Pillai Chowk.,,Female,1,12.453440813220116,75.76684389432107,0,0,1
2497,FIR/2023/KA01/01287,126,12,2023-08-13,2023,8,under_investigation,Accused cheated complainant of Rs.170833 through false promises.,18.0,Female,5,12.974417059255693,77.68928716805311,0,1,0
2498,FIR/2023/KA01/01288,69,1,2023-03-05,2023,3,under_investigation,Complaint received regarding theft of cash worth Rs.173583.,,Male,4,12.994433714224538,77.54367159086921,0,0,0
2499,FIR/2022/KA30/00023,1119,2,2022-03-18,2022,3,under_investigation,FIR registered for House Breaking & Theft at Raman Zila.,66.0,Male,4,15.435480440475096,76.44765288059837,0,0,0
2500,FIR/2024/KA14/00051,650,6,2024-04-11,2024,4,chargesheeted,FIR registered for Attempt to Murder at Mani Street.,46.0,Male,3,15.603197421187035,75.05043520400416,0,0,1
2501,FIR/2023/KA11/00080,526,35,2023-03-05,2023,3,under_investigation,FIR registered for SC/ST Atrocities Act at Chopra Zila.,68.0,Other,3,15.112715194620066,76.84569740224309,0,0,0
2502,FIR/2024/KA10/00081,470,13,2024-12-12,2024,12,under_investigation,FIR registered for Criminal Breach of Trust at Majumdar Street.,20.0,Male,1,13.341083180438003,77.04429884546181,0,1,0
2503,FIR/2023/KA01/01289,162,2,2023-05-03,2023,5,under_investigation,FIR registered for House Breaking & Theft at Divan Zila.,69.0,Female,4,13.038438282913079,77.57046669762914,0,0,0
2504,FIR/2024/KA04/00070,239,27,2024-09-19,2024,9,under_investigation,FIR registered for Hurt/Grievous Hurt at Dora Chowk.,64.0,Male,4,15.920518109302778,74.60691897853104,0,0,0
2505,FIR/2024/KA10/00082,472,1,2024-07-04,2024,7,pending_trial,Complaint received regarding theft of two-wheeler worth Rs.460765.,52.0,Other,2,13.384120609933282,77.13960581676604,0,0,1
2506,FIR/2024/KA01/01290,180,29,2024-06-13,2024,6,under_investigation,FIR registered for Mischief at Memon Nagar.,18.0,Female,3,12.830043673020555,77.47340914056456,0,0,0
2507,FIR/2022/KA01/01291,20,27,2022-06-19,2022,6,under_investigation,FIR registered for Hurt/Grievous Hurt at Deo Marg.,45.0,Male,4,12.916172760809209,77.5356484135894,0,0,0
2508,FIR/2022/KA01/01292,132,16,2022-10-26,2022,10,chargesheeted,Victim lost Rs.126680 through online fraud/UPI scam.,72.0,Male,5,13.04245299378747,77.44633765697589,1,0,1
2509,FIR/2022/KA12/00063,591,1,2022-11-27,2022,11,under_investigation,Complaint received regarding theft of mobile phone worth Rs.277393.,70.0,Male,4,16.96637860537655,75.7692999085035,0,0,0
2510,FIR/2024/KA06/00060,317,23,2024-03-14,2024,3,closed,FIR registered for Domestic Violence at Manne Nagar.,29.0,Male,1,12.868616351030624,74.70281298967936,0,0,1
2511,FIR/2023/KA11/00081,529,21,2023-06-22,2023,6,registered,FIR registered for Dowry Prohibition Act at Bhatnagar Ganj.,47.0,Male,1,15.282486428935993,76.867039609451,0,0,0
2512,FIR/2023/KA01/01293,1,1,2023-03-02,2023,3,registered,Complaint received regarding theft of cash worth Rs.449776.,57.0,Male,4,13.041521945955495,77.5170929320549,0,0,0
2513,FIR/2024/KA10/00083,487,12,2024-03-04,2024,3,under_investigation,Accused cheated complainant of Rs.294004 through false promises.,66.0,Other,2,13.478888647905913,76.9893767240393,0,1,0
2514,FIR/2022/KA03/00029,226,1,2022-02-24,2022,2,chargesheeted,Complaint received regarding theft of cash worth Rs.487274.,57.0,Male,1,12.299874778394848,76.68086900053225,0,0,1
2515,FIR/2024/KA19/00007,789,23,2024-01-16,2024,1,under_investigation,FIR registered for Domestic Violence at Sunder Path.,,Male,5,12.357774933685679,75.6013767047154,0,0,0
2516,FIR/2022/KA01/01294,43,31,2022-04-21,2022,4,chargesheeted,FIR registered for Criminal Intimidation at Wagle.,38.0,Female,5,13.122531391855524,77.63920282216577,0,0,1
2517,FIR/2023/KA01/01295,5,7,2023-09-18,2023,9,closed,FIR registered for Culpable Homicide at Saxena Circle.,,Male,2,12.933807177004866,77.58577235198025,0,0,1
2518,FIR/2023/KA10/00084,478,2,2023-12-24,2023,12,closed,FIR registered for House Breaking & Theft at Modi Chowk.,53.0,Male,3,13.299133450201499,77.14409753753515,0,0,1
2519,FIR/2024/KA25/00040,947,9,2024-06-17,2024,6,chargesheeted,FIR registered for Assault on Women at Deo.,18.0,Other,4,17.909332942710343,77.4299556232787,0,0,1
2520,FIR/2023/KA01/01296,68,19,2023-11-14,2023,11,closed,FIR registered for Cyber Crime - Phishing at Garg Road.,34.0,Female,2,12.994427486646243,77.61911475656565,1,0,1
2521,FIR/2022/KA01/01297,76,9,2022-09-15,2022,9,chargesheeted,FIR registered for Assault on Women at Karan Road.,,Male,5,13.107659384511642,77.67945321596102,0,0,1
2522,FIR/2022/KA25/00041,943,12,2022-08-15,2022,8,closed,Accused cheated complainant of Rs.232528 through false promises.,57.0,Other,5,17.774140547397902,77.54952983110228,0,1,1
2523,FIR/2024/KA01/01298,161,9,2024-03-18,2024,3,under_investigation,FIR registered for Assault on Women at Batta Road.,26.0,Other,2,13.126985233979063,77.53310569635617,0,0,0
2524,FIR/2024/KA29/00049,1084,12,2024-02-23,2024,2,chargesheeted,Accused cheated complainant of Rs.139824 through false promises.,18.0,Female,2,14.35164746932885,75.76037027283022,0,1,1
2525,FIR/2024/KA05/00075,297,2,2024-09-14,2024,9,registered,FIR registered for House Breaking & Theft at Shah Road.,18.0,Male,1,17.209345948132793,76.72708480514278,0,0,0
2526,FIR/2024/KA02/00024,203,19,2024-07-13,2024,7,under_investigation,FIR registered for Cyber Crime - Phishing at Dyal Street.,27.0,Female,5,13.3652208688809,77.69169067959929,1,0,0
2527,FIR/2024/KA01/01299,158,30,2024-03-25,2024,3,closed,FIR registered for Extortion at Mangal Circle.,41.0,Other,3,12.999191233611123,77.44435238268942,0,0,1
2528,FIR/2023/KA01/01300,176,18,2023-01-03,2023,1,chargesheeted,FIR registered for Cyber Crime - Hacking at Gill Street.,51.0,Female,1,13.045887480062023,77.48680199484517,1,0,1
2529,FIR/2022/KA29/00050,1106,21,2022-01-23,2022,1,chargesheeted,FIR registered for Dowry Prohibition Act at Edwin Street.,20.0,Female,4,14.518687569609005,75.90516524574097,0,0,1
2530,FIR/2022/KA01/01301,118,19,2022-01-16,2022,1,closed,FIR registered for Cyber Crime - Phishing at Dada Ganj.,53.0,Other,3,13.06142738014252,77.58510910370926,1,0,1
2531,FIR/2023/KA01/01302,9,13,2023-08-23,2023,8,under_investigation,FIR registered for Criminal Breach of Trust at Nadig Nagar.,38.0,Male,1,12.882355510182851,77.47078209114153,0,1,0
2532,FIR/2022/KA01/01303,158,6,2022-01-02,2022,1,chargesheeted,FIR registered for Attempt to Murder at Date.,65.0,Female,1,13.024923510449591,77.42886882587655,0,0,1
2533,FIR/2022/KA11/00082,506,16,2022-01-05,2022,1,under_investigation,Victim lost Rs.301404 through online fraud/UPI scam.,66.0,Other,2,15.096621179748857,76.9178319446453,1,0,0
2534,FIR/2022/KA01/01304,115,17,2022-01-03,2022,1,registered,FIR registered for Cyber Crime - Identity Theft at Gour Path.,57.0,Other,4,13.011517216178067,77.6288064957273,1,0,0
2535,FIR/2024/KA01/01305,53,1,2024-12-21,2024,12,chargesheeted,Complaint received regarding theft of gold chain worth Rs.340546.,45.0,Female,5,12.938073724996945,77.72261256374648,0,0,1
2536,FIR/2024/KA13/00054,601,24,2024-12-10,2024,12,under_investigation,FIR registered for NDPS Act at Padmanabhan Path.,61.0,Other,5,16.141104069298624,77.39578760487323,0,0,0
2537,FIR/2024/KA10/00085,479,14,2024-11-06,2024,11,registered,FIR registered for Forgery at Pradhan Street.,67.0,Other,2,13.289444338491595,77.18106097506868,0,1,0
2538,FIR/2024/KA01/01306,14,19,2024-11-28,2024,11,under_investigation,FIR registered for Cyber Crime - Phishing at Zacharia Chowk.,57.0,Male,4,12.916568589174195,77.64715385434855,1,0,0
2539,FIR/2022/KA01/01307,180,11,2022-07-24,2022,7,chargesheeted,FIR registered for Kidnapping & Abduction at Walla Street.,65.0,Other,4,12.845939899365078,77.44114993972275,0,0,1
2540,FIR/2024/KA09/00043,441,22,2024-09-11,2024,9,under_investigation,FIR registered for POCSO Act at Dara Road.,60.0,Male,3,13.915730599591933,75.6267480799762,0,0,0
2541,FIR/2023/KA01/01308,123,25,2023-07-17,2023,7,chargesheeted,FIR registered for Arms Act at Ravel Nagar.,31.0,Female,5,13.09287171009246,77.47233765854838,0,0,1
2542,FIR/2023/KA22/00018,888,16,2023-01-22,2023,1,under_investigation,Victim lost Rs.144215 through online fraud/UPI scam.,,Other,5,13.525260643228034,77.58954898904999,1,0,0
2543,FIR/2024/KA05/00076,313,24,2024-05-12,2024,5,closed,FIR registered for NDPS Act at Nagarajan Chowk.,24.0,Male,1,17.335551166852554,76.94497791760801,0,0,1
2544,FIR/2024/KA01/01309,27,1,2024-12-17,2024,12,under_investigation,Complaint received regarding theft of mobile phone worth Rs.285091.,45.0,Other,5,13.02790012043986,77.6433416259648,0,0,0
2545,FIR/2023/KA04/00071,242,18,2023-06-20,2023,6,under_investigation,FIR registered for Cyber Crime - Hacking at Tripathi Circle.,54.0,Female,1,15.910870203948143,74.36623778672777,1,0,0
2546,FIR/2024/KA01/01310,34,25,2024-11-15,2024,11,chargesheeted,FIR registered for Arms Act at Merchant Path.,72.0,Other,1,13.019394376436043,77.47204732781981,0,0,1
2547,FIR/2024/KA01/01311,112,9,2024-03-05,2024,3,chargesheeted,FIR registered for Assault on Women at Mann Chowk.,49.0,Other,2,12.97594107599227,77.65507448787996,0,0,1
2548,FIR/2022/KA01/01312,26,29,2022-05-18,2022,5,closed,FIR registered for Mischief at Din.,53.0,Male,5,12.821371252751465,77.46006450880702,0,0,1
2549,FIR/2024/KA06/00061,337,33,2024-05-16,2024,5,pending_trial,FIR registered for Road Accident Death at Sathe.,42.0,Male,3,12.871215197007619,74.71951026439557,0,0,1
2550,FIR/2023/KA01/01313,149,22,2023-08-04,2023,8,chargesheeted,FIR registered for POCSO Act at Chowdhury Path.,68.0,Male,1,12.883653019449525,77.56980890593398,0,0,1
2551,FIR/2024/KA01/01314,100,7,2024-03-16,2024,3,under_investigation,FIR registered for Culpable Homicide at Baria Chowk.,27.0,Other,2,13.109672931119803,77.51274089929066,0,0,0
2552,FIR/2022/KA09/00044,445,11,2022-07-20,2022,7,pending_trial,FIR registered for Kidnapping & Abduction at Dada Street.,52.0,Other,4,14.077949331324648,75.47896671524775,0,0,1
2553,FIR/2024/KA01/01315,12,16,2024-05-11,2024,5,chargesheeted,Victim lost Rs.402668 through online fraud/UPI scam.,33.0,Female,1,13.017593866917034,77.46276206651825,1,0,1
2554,FIR/2022/KA04/00072,254,28,2022-03-24,2022,3,pending_trial,FIR registered for Criminal Trespass at Kannan Marg.,56.0,Female,2,16.00089817936399,74.53848385380634,0,0,1
2555,FIR/2023/KA01/01316,132,3,2023-02-23,2023,2,chargesheeted,Complainant robbed at Parikh Chowk by 2 armed persons.,19.0,Male,2,13.047137849033476,77.47752856395192,0,0,1
2556,FIR/2022/KA01/01317,26,4,2022-09-10,2022,9,closed,FIR registered for Dacoity at Narain Zila.,68.0,Other,3,12.832019942364344,77.49433987637494,0,0,1
2557,FIR/2024/KA26/00016,988,12,2024-02-12,2024,2,under_investigation,Accused cheated complainant of Rs.76357 through false promises.,33.0,Male,4,15.448161914850125,76.16545542304972,0,1,0
2558,FIR/2022/KA05/00077,281,33,2022-10-09,2022,10,chargesheeted,FIR registered for Road Accident Death at Vyas.,26.0,Other,2,17.371128427335403,76.71941712671146,0,0,1
2559,FIR/2022/KA13/00055,594,30,2022-04-08,2022,4,registered,FIR registered for Extortion at Mall Ganj.,59.0,Other,4,16.231615231167584,77.47302525478094,0,0,0
2560,FIR/2024/KA01/01318,35,12,2024-11-06,2024,11,under_investigation,Accused cheated complainant of Rs.462286 through false promises.,73.0,Male,1,13.092852339776021,77.70438991745284,0,1,0
2561,FIR/2022/KA04/00073,263,16,2022-09-23,2022,9,registered,Victim lost Rs.449300 through online fraud/UPI scam.,49.0,Other,1,16.007393828256575,74.50360385685467,1,0,0
2562,FIR/2022/KA01/01319,1,27,2022-06-23,2022,6,closed,FIR registered for Hurt/Grievous Hurt at Chahal Chowk.,42.0,Male,3,13.041385336200625,77.5264140348348,0,0,1
2563,FIR/2022/KA09/00045,424,32,2022-05-03,2022,5,chargesheeted,FIR registered for Missing Person at Ramesh Circle.,22.0,Male,5,13.834126716601698,75.54832602922893,0,0,1
2564,FIR/2023/KA10/00086,474,1,2023-10-02,2023,10,pending_trial,Complaint received regarding theft of gold chain worth Rs.442351.,63.0,Other,5,13.31102919377463,76.98130412472274,0,0,1
2565,FIR/2023/KA01/01320,59,24,2023-09-06,2023,9,pending_trial,FIR registered for NDPS Act at Vaidya Path.,39.0,Male,1,13.08203455628897,77.50078495354396,0,0,1
2566,FIR/2022/KA01/01321,167,18,2022-11-06,2022,11,closed,FIR registered for Cyber Crime - Hacking at Patel Nagar.,,Other,2,12.912086327216683,77.69506968318974,1,0,1
2567,FIR/2024/KA12/00064,583,9,2024-01-07,2024,1,closed,FIR registered for Assault on Women at Divan Marg.,26.0,Female,4,16.74838760242808,75.58922436100062,0,0,1
2568,FIR/2022/KA01/01322,57,22,2022-09-23,2022,9,chargesheeted,FIR registered for POCSO Act at Pingle Marg.,47.0,Other,4,13.0916702941819,77.74419400923252,0,0,1
2569,FIR/2024/KA01/01323,153,5,2024-03-01,2024,3,chargesheeted,Dead body found at Pradhan Marg. Prima facie case of murder registered.,46.0,Male,1,13.096533995888588,77.6239725232666,0,0,1
2570,FIR/2024/KA01/01324,94,29,2024-04-27,2024,4,under_investigation,FIR registered for Mischief at Mane Nagar.,39.0,Female,2,13.019698112851275,77.5653779631289,0,0,0
2571,FIR/2022/KA01/01325,71,18,2022-08-16,2022,8,chargesheeted,FIR registered for Cyber Crime - Hacking at Panchal Path.,39.0,Other,3,13.023478755171302,77.58055965046665,1,0,1
2572,FIR/2024/KA01/01326,141,23,2024-01-05,2024,1,closed,FIR registered for Domestic Violence at Sehgal Road.,40.0,Female,1,13.108303898514386,77.59136568026157,0,0,1
2573,FIR/2023/KA08/00046,406,9,2023-05-02,2023,5,closed,FIR registered for Assault on Women at Chahal Circle.,44.0,Other,5,13.08107181054191,76.23729631586859,0,0,1
2574,FIR/2023/KA01/01327,37,23,2023-04-19,2023,4,closed,FIR registered for Domestic Violence at Sawhney Ganj.,24.0,Female,4,13.089942639493321,77.53835148112375,0,0,1
2575,FIR/2023/KA11/00083,533,5,2023-02-12,2023,2,closed,Dead body found at Savant Marg. Prima facie case of murder registered.,59.0,Female,2,15.06474573720663,77.0114783556751,0,0,1
2576,FIR/2023/KA01/01328,120,1,2023-06-13,2023,6,chargesheeted,Complaint received regarding theft of gold chain worth Rs.151033.,45.0,Female,2,13.00670616376454,77.45473001984952,0,0,1
2577,FIR/2023/KA16/00042,704,30,2023-10-28,2023,10,registered,FIR registered for Extortion at Sachdeva Marg.,47.0,Other,4,14.7618582968009,75.44545741845685,0,0,0
2578,FIR/2024/KA01/01329,164,1,2024-07-06,2024,7,under_investigation,Complaint received regarding theft of cash worth Rs.142243.,55.0,Other,3,12.923633480778115,77.57671083235914,0,0,0
2579,FIR/2023/KA01/01330,5,35,2023-01-16,2023,1,under_investigation,FIR registered for SC/ST Atrocities Act at Johal Street.,23.0,Male,1,12.93647155712803,77.59757160810427,0,0,0
2580,FIR/2022/KA01/01331,123,32,2022-10-17,2022,10,registered,FIR registered for Missing Person at Soman Road.,,Female,2,13.098613069997741,77.47091804447814,0,0,0
2581,FIR/2022/KA06/00062,318,16,2022-07-18,2022,7,chargesheeted,Victim lost Rs.472189 through online fraud/UPI scam.,,Other,1,12.979168830396702,74.72151501275951,1,0,1
2582,FIR/2024/KA01/01332,154,19,2024-04-07,2024,4,chargesheeted,FIR registered for Cyber Crime - Phishing at Prashad Zila.,26.0,Other,4,13.035744086640626,77.46785875082128,1,0,1
2583,FIR/2022/KA01/01333,1,33,2022-08-03,2022,8,pending_trial,FIR registered for Road Accident Death at Ahuja Zila.,41.0,Female,5,13.050776434989563,77.50990060481162,0,0,1
2584,FIR/2022/KA01/01334,84,6,2022-08-11,2022,8,chargesheeted,FIR registered for Attempt to Murder at Mahajan Marg.,19.0,Female,3,13.002966037136716,77.56250561971294,0,0,1
2585,FIR/2023/KA01/01335,45,31,2023-11-13,2023,11,under_investigation,FIR registered for Criminal Intimidation at Gill Marg.,41.0,Female,1,13.000459030879098,77.51860462514573,0,0,0
2586,FIR/2024/KA01/01336,42,1,2024-03-23,2024,3,under_investigation,Complaint received regarding theft of gold chain worth Rs.80189.,75.0,Other,5,13.053989509151137,77.6515849466789,0,0,0
2587,FIR/2022/KA20/00051,825,6,2022-02-13,2022,2,chargesheeted,FIR registered for Attempt to Murder at Devan.,63.0,Male,1,12.521662776635239,76.87087410314938,0,0,1
2588,FIR/2022/KA01/01337,80,1,2022-08-10,2022,8,chargesheeted,Complaint received regarding theft of gold chain worth Rs.83086.,20.0,Other,2,12.881622371364674,77.6302996917344,0,0,1
2589,FIR/2023/KA01/01338,155,3,2023-10-09,2023,10,chargesheeted,Complainant robbed at Mann Marg by 2 armed persons.,21.0,Male,3,12.901783079896642,77.64343689552483,0,0,1
2590,FIR/2024/KA01/01339,91,33,2024-12-03,2024,12,closed,FIR registered for Road Accident Death at Swaminathan Circle.,,Other,2,13.117771981882655,77.70777873334745,0,0,1
2591,FIR/2023/KA05/00078,298,11,2023-07-08,2023,7,under_investigation,FIR registered for Kidnapping & Abduction at Mittal Nagar.,,Other,1,17.23046662742319,76.88764212934458,0,0,0
2592,FIR/2023/KA01/01340,148,23,2023-06-23,2023,6,closed,FIR registered for Domestic Violence at Modi.,55.0,Other,1,13.114780082027826,77.49570052491148,0,0,1
2593,FIR/2023/KA20/00052,830,35,2023-08-20,2023,8,pending_trial,FIR registered for SC/ST Atrocities Act at Sheth Chowk.,38.0,Female,4,12.419097443042261,76.92393252671124,0,0,1
2594,FIR/2022/KA05/00079,290,1,2022-10-03,2022,10,pending_trial,Complaint received regarding theft of mobile phone worth Rs.111926.,64.0,Male,3,17.428270786462768,76.86935809375825,0,0,1
2595,FIR/2024/KA01/01341,149,2,2024-08-03,2024,8,under_investigation,FIR registered for House Breaking & Theft at Dube Nagar.,75.0,Female,4,12.895037588851931,77.57015536917545,0,0,0
2596,FIR/2023/KA01/01342,57,13,2023-08-08,2023,8,under_investigation,FIR registered for Criminal Breach of Trust at Mital Road.,67.0,Male,5,13.055860495897665,77.74313122010962,0,1,0
2597,FIR/2024/KA11/00084,509,12,2024-04-17,2024,4,under_investigation,Accused cheated complainant of Rs.25674 through false promises.,72.0,Female,5,15.197547792505134,76.86229676256252,0,1,0
2598,FIR/2022/KA05/00080,300,12,2022-10-02,2022,10,chargesheeted,Accused cheated complainant of Rs.377980 through false promises.,61.0,Female,3,17.343747780122897,76.79967133144744,0,1,1
2599,FIR/2023/KA01/01343,167,27,2023-02-27,2023,2,chargesheeted,FIR registered for Hurt/Grievous Hurt at Swamy Street.,22.0,Other,2,12.91138973088483,77.70439820350154,0,0,1
2600,FIR/2022/KA17/00045,765,14,2022-09-24,2022,9,closed,FIR registered for Forgery at Balakrishnan Ganj.,32.0,Female,4,14.342744244133305,76.32147104841174,0,1,1
2601,FIR/2024/KA01/01344,5,9,2024-12-23,2024,12,pending_trial,FIR registered for Assault on Women at Malhotra Zila.,31.0,Other,5,12.963532521743295,77.56305266866087,0,0,1
2602,FIR/2023/KA14/00052,670,9,2023-02-17,2023,2,closed,FIR registered for Assault on Women at Bhavsar Chowk.,73.0,Male,1,15.317236109859639,74.87656377013472,0,0,1
2603,FIR/2022/KA01/01345,152,12,2022-03-01,2022,3,closed,Accused cheated complainant of Rs.147832 through false promises.,45.0,Male,4,13.050454526693851,77.74979063493325,0,1,1
2604,FIR/2022/KA01/01346,49,2,2022-08-25,2022,8,under_investigation,FIR registered for House Breaking & Theft at Srivastava.,66.0,Other,2,12.98723723851117,77.60078753309733,0,0,0
2605,FIR/2024/KA01/01347,72,1,2024-08-05,2024,8,under_investigation,Complaint received regarding theft of laptop worth Rs.401310.,19.0,Male,4,12.842782240958957,77.63110114034465,0,0,0
2606,FIR/2022/KA01/01348,114,34,2022-02-03,2022,2,chargesheeted,FIR registered for Immoral Traffic Act at Soni Road.,19.0,Male,5,13.064889060485815,77.50989554627952,0,0,1
2607,FIR/2022/KA01/01349,125,11,2022-04-02,2022,4,under_investigation,FIR registered for Kidnapping & Abduction at Prakash Zila.,56.0,Female,4,13.064734894858956,77.59187849733462,0,0,0
2608,FIR/2024/KA18/00012,784,1,2024-07-13,2024,7,chargesheeted,Complaint received regarding theft of two-wheeler worth Rs.456567.,33.0,Male,4,13.37951460845771,75.65441809076145,0,0,1
2609,FIR/2023/KA24/00020,917,16,2023-12-22,2023,12,under_investigation,Victim lost Rs.414652 through online fraud/UPI scam.,73.0,Male,3,16.880264574400115,77.24216932214357,1,0,0
2610,FIR/2024/KA10/00087,459,12,2024-04-08,2024,4,under_investigation,Accused cheated complainant of Rs.117980 through false promises.,43.0,Female,5,13.370527647541438,77.03846110351006,0,1,0
2611,FIR/2023/KA01/01350,17,1,2023-12-18,2023,12,chargesheeted,Complaint received regarding theft of cash worth Rs.106029.,39.0,Other,1,12.908672184239437,77.58299350023154,0,0,1
2612,FIR/2022/KA05/00081,275,29,2022-03-17,2022,3,closed,FIR registered for Mischief at Deshmukh Chowk.,53.0,Female,3,17.244382828880656,76.86552144641729,0,0,1
2613,FIR/2023/KA17/00046,745,3,2023-02-07,2023,2,chargesheeted,Complainant robbed at Gade Path by 4 armed persons.,31.0,Female,5,14.2404682542015,76.32009041976326,0,0,1
2614,FIR/2022/KA01/01351,114,12,2022-04-14,2022,4,chargesheeted,Accused cheated complainant of Rs.481512 through false promises.,49.0,Male,4,13.07552837757617,77.50915451536694,0,1,1
2615,FIR/2023/KA01/01352,181,27,2023-04-05,2023,4,pending_trial,FIR registered for Hurt/Grievous Hurt at Saini Path.,33.0,Female,3,12.857043028972415,77.70589327319647,0,0,1
2616,FIR/2024/KA01/01353,176,28,2024-07-14,2024,7,closed,FIR registered for Criminal Trespass at Bava Path.,63.0,Female,1,13.024364793141988,77.5017057513133,0,0,1
2617,FIR/2024/KA01/01354,176,6,2024-02-05,2024,2,registered,FIR registered for Attempt to Murder at Manne Road.,74.0,Male,5,13.026339598809953,77.49804743406645,0,0,0
2618,FIR/2022/KA05/00082,312,3,2022-02-09,2022,2,under_investigation,Complainant robbed at Bose Circle by 1 armed persons.,67.0,Female,3,17.29670412307628,76.84597485822898,0,0,0
2619,FIR/2024/KA16/00043,703,1,2024-03-18,2024,3,under_investigation,Complaint received regarding theft of gold chain worth Rs.377946.,75.0,Male,1,14.684313853616183,75.43396936633154,0,0,0
2620,FIR/2023/KA01/01355,47,27,2023-02-10,2023,2,under_investigation,FIR registered for Hurt/Grievous Hurt at Chandra Street.,22.0,Male,5,13.083793872468945,77.46184374528256,0,0,0
2621,FIR/2023/KA01/01356,177,29,2023-12-01,2023,12,closed,FIR registered for Mischief at Ganesh.,40.0,Female,2,13.048636739719342,77.73761304924255,0,0,1
2622,FIR/2022/KA04/00074,254,1,2022-04-13,2022,4,chargesheeted,Complaint received regarding theft of gold chain worth Rs.489913.,23.0,Female,1,15.98101918389668,74.56026040038469,0,0,1
2623,FIR/2022/KA01/01357,88,22,2022-11-09,2022,11,chargesheeted,FIR registered for POCSO Act at Mitra Path.,40.0,Other,4,12.84508517109203,77.53308948849036,0,0,1
2624,FIR/2024/KA01/01358,41,12,2024-04-01,2024,4,closed,Accused cheated complainant of Rs.320083 through false promises.,26.0,Male,4,13.094347452523063,77.58979944830887,0,1,1
2625,FIR/2022/KA11/00085,538,2,2022-09-13,2022,9,closed,FIR registered for House Breaking & Theft at Warrior Zila.,62.0,Male,4,15.145797784729567,77.05318386110724,0,0,1
2626,FIR/2024/KA27/00090,1021,6,2024-07-26,2024,7,chargesheeted,FIR registered for Attempt to Murder at Pandey.,38.0,Other,4,16.239107042996118,75.81705173817632,0,0,1
2627,FIR/2022/KA20/00053,843,25,2022-04-09,2022,4,registered,FIR registered for Arms Act at Arya Street.,41.0,Male,5,12.551631078660735,76.9388070358412,0,0,0
2628,FIR/2023/KA17/00047,743,25,2023-12-26,2023,12,under_investigation,FIR registered for Arms Act at Vasa Street.,58.0,Female,5,14.188110407449251,76.47340720385407,0,0,0
2629,FIR/2022/KA01/01359,121,6,2022-08-27,2022,8,chargesheeted,FIR registered for Attempt to Murder at Pradhan Road.,49.0,Other,3,13.095741127559174,77.6811820649441,0,0,1
2630,FIR/2023/KA02/00025,190,17,2023-12-04,2023,12,under_investigation,FIR registered for Cyber Crime - Identity Theft at Sabharwal Chowk.,57.0,Other,4,13.255698870784306,77.64019912351968,1,0,0
2631,FIR/2024/KA01/01360,171,12,2024-03-27,2024,3,under_investigation,Accused cheated complainant of Rs.446749 through false promises.,26.0,Female,3,12.836258242723849,77.49138909643293,0,1,0
2632,FIR/2023/KA25/00042,942,2,2023-01-04,2023,1,under_investigation,FIR registered for House Breaking & Theft at Kamdar Zila.,37.0,Female,5,17.83831555981134,77.58953364796052,0,0,0
2633,FIR/2024/KA01/01361,51,19,2024-06-19,2024,6,under_investigation,FIR registered for Cyber Crime - Phishing at Thakur Street.,63.0,Male,5,12.9377921185315,77.57119924770741,1,0,0
2634,FIR/2024/KA27/00091,1006,8,2024-05-24,2024,5,chargesheeted,Victim reported sexual assault incident at Guha Ganj. Medical examination conducted.,61.0,Male,1,16.102098897200154,75.8155883687838,0,0,1
2635,FIR/2022/KA01/01362,23,18,2022-09-04,2022,9,under_investigation,FIR registered for Cyber Crime - Hacking at Vora Circle.,22.0,Other,2,12.845127164477477,77.65892036183607,1,0,0
2636,FIR/2024/KA24/00021,922,16,2024-10-10,2024,10,chargesheeted,Victim lost Rs.371399 through online fraud/UPI scam.,63.0,Other,2,16.78860616993333,77.12075218398078,1,0,1
2637,FIR/2022/KA17/00048,763,2,2022-03-26,2022,3,pending_trial,FIR registered for House Breaking & Theft at Sharma Marg.,61.0,Other,4,14.177658671930551,76.38725481077785,0,0,1
2638,FIR/2022/KA22/00019,877,9,2022-11-16,2022,11,chargesheeted,FIR registered for Assault on Women at Dada Zila.,,Male,4,13.56427841324309,77.65587528457795,0,0,1
2639,FIR/2022/KA01/01363,168,18,2022-11-15,2022,11,pending_trial,FIR registered for Cyber Crime - Hacking at Badal Street.,53.0,Male,1,13.001768673504317,77.61420018654749,1,0,1
2640,FIR/2023/KA01/01364,99,1,2023-08-02,2023,8,chargesheeted,Complaint received regarding theft of cash worth Rs.419395.,,Other,1,13.115450650021947,77.60853930956388,0,0,1
2641,FIR/2024/KA24/00022,926,31,2024-02-14,2024,2,under_investigation,FIR registered for Criminal Intimidation at Patil Road.,42.0,Other,1,16.680323467747886,77.06766333947996,0,0,0
2642,FIR/2023/KA01/01365,58,30,2023-09-08,2023,9,registered,FIR registered for Extortion at Sathe Street.,29.0,Other,3,12.886419512217017,77.58987090934137,0,0,0
2643,FIR/2024/KA01/01366,56,32,2024-12-27,2024,12,closed,FIR registered for Missing Person at Virk.,29.0,Male,4,13.098389554372314,77.4807372147788,0,0,1
2644,FIR/2022/KA12/00065,567,22,2022-05-18,2022,5,chargesheeted,FIR registered for POCSO Act at Gera Path.,,Other,5,16.837750244134725,75.82010292064948,0,0,1
2645,FIR/2022/KA01/01367,76,22,2022-06-08,2022,6,under_investigation,FIR registered for POCSO Act at Balakrishnan Road.,64.0,Other,1,13.118780055710111,77.67326698049634,0,0,0
2646,FIR/2024/KA01/01368,158,26,2024-03-13,2024,3,chargesheeted,FIR registered for Riots at Kapadia Zila.,44.0,Other,1,13.001799101836307,77.44561110957497,0,0,1
2647,FIR/2024/KA01/01369,163,27,2024-12-27,2024,12,under_investigation,FIR registered for Hurt/Grievous Hurt at Dhar Street.,44.0,Female,4,12.912438225736045,77.70685945899916,0,0,0
2648,FIR/2022/KA10/00088,461,3,2022-03-04,2022,3,closed,Complainant robbed at Mohanty Ganj by 1 armed persons.,65.0,Female,1,13.319423664576117,77.14558352925638,0,0,1
2649,FIR/2022/KA01/01370,113,1,2022-01-15,2022,1,registered,Complaint received regarding theft of two-wheeler worth Rs.260547.,50.0,Other,4,13.041049955831527,77.60615394952599,0,0,0
2650,FIR/2024/KA01/01371,76,13,2024-07-25,2024,7,closed,FIR registered for Criminal Breach of Trust at Brar Street.,,Other,1,13.119581560559006,77.70230207849328,0,1,1
2651,FIR/2024/KA01/01372,38,23,2024-09-08,2024,9,under_investigation,FIR registered for Domestic Violence at Choudhury Marg.,62.0,Female,4,13.000708454002996,77.46985999782284,0,0,0
2652,FIR/2023/KA01/01373,35,32,2023-07-22,2023,7,under_investigation,FIR registered for Missing Person at Bahl Zila.,69.0,Female,3,13.12013296390185,77.71712870352646,0,0,0
2653,FIR/2022/KA01/01374,131,24,2022-08-05,2022,8,under_investigation,FIR registered for NDPS Act at Sankar Chowk.,,Other,5,12.832179387538357,77.47396751479017,0,0,0
2654,FIR/2024/KA11/00086,512,1,2024-10-09,2024,10,chargesheeted,Complaint received regarding theft of cash worth Rs.188513.,69.0,Male,2,15.0342122512563,77.0466615675944,0,0,1
2655,FIR/2022/KA01/01375,161,19,2022-03-02,2022,3,under_investigation,FIR registered for Cyber Crime - Phishing at Bali Zila.,,Male,4,13.117774087311757,77.5417861429619,1,0,0
2656,FIR/2023/KA10/00089,489,25,2023-06-06,2023,6,pending_trial,FIR registered for Arms Act at Bhargava Circle.,57.0,Other,1,13.443355788090052,77.22561385938306,0,0,1
2657,FIR/2024/KA08/00047,392,13,2024-05-25,2024,5,closed,FIR registered for Criminal Breach of Trust at Dani Chowk.,,Other,3,12.970041512981204,76.1649914211387,0,1,1
2658,FIR/2024/KA01/01376,179,28,2024-08-13,2024,8,closed,FIR registered for Criminal Trespass at Bassi Road.,53.0,Male,4,12.885834253160738,77.45183523526715,0,0,1
2659,FIR/2023/KA01/01377,148,3,2023-01-02,2023,1,chargesheeted,Complainant robbed at Mitra Zila by 2 armed persons.,67.0,Female,5,13.12371214357545,77.49217290155936,0,0,1
2660,FIR/2023/KA17/00049,752,3,2023-08-14,2023,8,under_investigation,Complainant robbed at Char Nagar by 2 armed persons.,40.0,Other,4,14.162985634866873,76.42102574091707,0,0,0
2661,FIR/2024/KA16/00044,710,11,2024-09-08,2024,9,chargesheeted,FIR registered for Kidnapping & Abduction at Jha Zila.,66.0,Other,2,14.726040284248397,75.32340110486136,0,0,1
2662,FIR/2024/KA01/01378,89,1,2024-04-23,2024,4,chargesheeted,Complaint received regarding theft of mobile phone worth Rs.8620.,31.0,Female,1,12.840614558537203,77.6764658349881,0,0,1
2663,FIR/2024/KA01/01379,36,8,2024-05-07,2024,5,under_investigation,Victim reported sexual assault incident at Panchal Street. Medical examination conducted.,52.0,Other,2,12.969517006439963,77.4728453737231,0,0,0
2664,FIR/2024/KA01/01380,125,34,2024-11-25,2024,11,pending_trial,FIR registered for Immoral Traffic Act at Chana Nagar.,58.0,Male,3,13.046764600389935,77.57496752660614,0,0,1
2665,FIR/2024/KA01/01381,97,1,2024-10-17,2024,10,closed,Complaint received regarding theft of gold chain worth Rs.399653.,44.0,Other,4,12.881153150409865,77.55882481711807,0,0,1
2666,FIR/2024/KA01/01382,162,1,2024-11-21,2024,11,under_investigation,Complaint received regarding theft of gold chain worth Rs.447578.,64.0,Other,2,13.037826363331689,77.5836407041383,0,0,0
2667,FIR/2022/KA01/01383,12,28,2022-12-18,2022,12,closed,FIR registered for Criminal Trespass at Dyal Path.,19.0,Female,2,13.041503538589438,77.46351655936668,0,0,1
2668,FIR/2024/KA01/01384,46,2,2024-08-07,2024,8,chargesheeted,FIR registered for House Breaking & Theft at Khurana Circle.,34.0,Other,2,13.034998921310438,77.46450570694559,0,0,1
2669,FIR/2023/KA11/00087,511,27,2023-11-26,2023,11,chargesheeted,FIR registered for Hurt/Grievous Hurt at Bir Circle.,56.0,Female,5,15.225506338798073,77.03360878169872,0,0,1
2670,FIR/2023/KA01/01385,121,3,2023-02-23,2023,2,under_investigation,Complainant robbed at Atwal Zila by 1 armed persons.,41.0,Other,4,13.105798079703284,77.69004071259678,0,0,0
2671,FIR/2022/KA05/00083,278,19,2022-02-22,2022,2,chargesheeted,FIR registered for Cyber Crime - Phishing at Kalla Circle.,,Female,4,17.444886037652825,76.87845364531175,1,0,1
2672,FIR/2024/KA27/00092,1036,2,2024-09-13,2024,9,chargesheeted,FIR registered for House Breaking & Theft at Manda Ganj.,37.0,Female,4,16.24754524997068,75.71845230050047,0,0,1
2673,FIR/2023/KA01/01386,6,14,2023-10-19,2023,10,chargesheeted,FIR registered for Forgery at Yogi Street.,40.0,Other,5,12.807111076787285,77.69557452635412,0,1,1
2674,FIR/2023/KA01/01387,162,17,2023-04-17,2023,4,under_investigation,FIR registered for Cyber Crime - Identity Theft at Chaudhary Nagar.,27.0,Male,3,13.048090786582344,77.59443689932789,1,0,0
2675,FIR/2024/KA01/01388,149,23,2024-04-22,2024,4,chargesheeted,FIR registered for Domestic Violence at Thaman Ganj.,56.0,Female,5,12.88663567535834,77.5905269779404,0,0,1
2676,FIR/2023/KA17/00050,767,5,2023-01-07,2023,1,chargesheeted,Dead body found at Peri Chowk. Prima facie case of murder registered.,45.0,Other,3,14.292593454867626,76.34000620600195,0,0,1
2677,FIR/2023/KA06/00063,324,12,2023-09-16,2023,9,under_investigation,Accused cheated complainant of Rs.83442 through false promises.,,Male,4,12.90595558528305,74.76587777675947,0,1,0
2678,FIR/2022/KA01/01389,113,1,2022-07-08,2022,7,chargesheeted,Complaint received regarding theft of two-wheeler worth Rs.188985.,47.0,Male,2,13.011088474210702,77.60714055404989,0,0,1
2679,FIR/2024/KA01/01390,38,22,2024-05-17,2024,5,chargesheeted,FIR registered for POCSO Act at Pant Street.,43.0,Male,1,12.995017412300777,77.44956241095352,0,0,1
2680,FIR/2022/KA27/00093,1040,23,2022-01-10,2022,1,chargesheeted,FIR registered for Domestic Violence at Samra Marg.,31.0,Other,2,16.1753910135424,75.70656827181696,0,0,1
2681,FIR/2023/KA23/00027,892,28,2023-08-25,2023,8,closed,FIR registered for Criminal Trespass at Varkey Ganj.,50.0,Female,5,12.650215691854864,77.3953298047083,0,0,1
2682,FIR/2023/KA06/00064,325,34,2023-02-16,2023,2,pending_trial,FIR registered for Immoral Traffic Act at Reddy Ganj.,49.0,Male,4,12.88477942863467,74.80848240031241,0,0,1
2683,FIR/2022/KA25/00043,950,1,2022-12-22,2022,12,chargesheeted,Complaint received regarding theft of cash worth Rs.61330.,66.0,Female,2,17.953620897185772,77.41788767596249,0,0,1
2684,FIR/2024/KA01/01391,159,17,2024-10-27,2024,10,under_investigation,FIR registered for Cyber Crime - Identity Theft at Shukla Zila.,32.0,Other,4,12.863986540516468,77.7481233239091,1,0,0
2685,FIR/2022/KA30/00024,1116,12,2022-12-25,2022,12,closed,Accused cheated complainant of Rs.73560 through false promises.,42.0,Female,3,15.388699633905937,76.44675602911839,0,1,1
2686,FIR/2022/KA15/00022,697,18,2022-04-15,2022,4,chargesheeted,FIR registered for Cyber Crime - Hacking at Tandon Street.,55.0,Other,5,15.445855274122593,75.53627957709034,1,0,1
2687,FIR/2024/KA01/01392,178,24,2024-05-08,2024,5,closed,FIR registered for NDPS Act at Mani Path.,57.0,Male,5,13.097376071847878,77.68069870559923,0,0,1
2688,FIR/2024/KA01/01393,180,9,2024-06-02,2024,6,under_investigation,FIR registered for Assault on Women at Baria Circle.,69.0,Other,2,12.825863708539707,77.44984965380543,0,0,0
2689,FIR/2023/KA10/00090,472,12,2023-04-12,2023,4,under_investigation,Accused cheated complainant of Rs.316880 through false promises.,25.0,Male,1,13.385313170023581,77.12986803577954,0,1,0
2690,FIR/2022/KA12/00066,566,5,2022-04-17,2022,4,chargesheeted,Dead body found at D’Alia Chowk. Prima facie case of murder registered.,73.0,Female,4,16.807553910964828,75.64523743236111,0,0,1
2691,FIR/2024/KA04/00075,242,9,2024-01-10,2024,1,chargesheeted,FIR registered for Assault on Women at Mander Marg.,46.0,Female,4,15.90807950466545,74.39441224503197,0,0,1
2692,FIR/2023/KA01/01394,43,19,2023-02-22,2023,2,closed,FIR registered for Cyber Crime - Phishing at Muni Chowk.,25.0,Female,1,13.139545518463422,77.62907258988875,1,0,1
2693,FIR/2024/KA01/01395,1,1,2024-10-27,2024,10,chargesheeted,Complaint received regarding theft of gold chain worth Rs.189102.,63.0,Other,1,13.049603944769808,77.53418563287748,0,0,1
2694,FIR/2024/KA21/00036,851,3,2024-01-02,2024,1,closed,Complainant robbed at Reddy Circle by 3 armed persons.,32.0,Male,2,13.06536927422089,78.06426769709248,0,0,1
2695,FIR/2023/KA07/00022,373,20,2023-07-23,2023,7,chargesheeted,FIR registered for Dowry Death at Sangha Road.,50.0,Female,3,13.471665326389886,74.81911180469947,0,0,1
2696,FIR/2023/KA10/00091,495,1,2023-01-06,2023,1,chargesheeted,Complaint received regarding theft of laptop worth Rs.106199.,74.0,Male,1,13.252230378101697,77.11019813305552,0,0,1
2697,FIR/2023/KA28/00028,1071,16,2023-06-28,2023,6,chargesheeted,Victim lost Rs.53571 through online fraud/UPI scam.,42.0,Other,1,14.66382549675298,74.7665164191633,1,0,1
2698,FIR/2024/KA01/01396,44,22,2024-10-04,2024,10,under_investigation,FIR registered for POCSO Act at Arya Street.,,Female,3,12.94187856565797,77.50276755543419,0,0,0
2699,FIR/2022/KA01/01397,135,35,2022-12-26,2022,12,chargesheeted,FIR registered for SC/ST Atrocities Act at Cheema Chowk.,,Female,4,13.068869116518922,77.59761847287376,0,0,1
2700,FIR/2023/KA01/01398,109,32,2023-01-21,2023,1,under_investigation,FIR registered for Missing Person at Sarma Marg.,66.0,Other,3,12.85984290351176,77.6608153625502,0,0,0
2701,FIR/2024/KA01/01399,91,16,2024-12-04,2024,12,chargesheeted,Victim lost Rs.85582 through online fraud/UPI scam.,26.0,Male,2,13.105639941434529,77.68195257523823,1,0,1
2702,FIR/2024/KA01/01400,37,35,2024-03-02,2024,3,chargesheeted,FIR registered for SC/ST Atrocities Act at Dhar Zila.,70.0,Male,4,13.0860112840522,77.5197756706561,0,0,1
2703,FIR/2023/KA01/01401,65,23,2023-08-16,2023,8,under_investigation,FIR registered for Domestic Violence at Rattan Marg.,46.0,Female,5,12.961214202079255,77.4576410611245,0,0,0
2704,FIR/2024/KA01/01402,145,26,2024-02-23,2024,2,pending_trial,FIR registered for Riots at Chaudry.,65.0,Male,1,13.1129476616814,77.58774300123463,0,0,1
2705,FIR/2023/KA01/01403,46,12,2023-07-19,2023,7,pending_trial,Accused cheated complainant of Rs.499504 through false promises.,49.0,Other,1,13.020672733377387,77.4469771865227,0,1,1
2706,FIR/2022/KA01/01404,135,12,2022-07-02,2022,7,closed,Accused cheated complainant of Rs.289186 through false promises.,60.0,Other,2,13.100336184173397,77.62572522405013,0,1,1
2707,FIR/2022/KA11/00088,500,12,2022-04-28,2022,4,chargesheeted,Accused cheated complainant of Rs.490577 through false promises.,29.0,Female,3,15.279131660431748,77.0226065986812,0,1,1
2708,FIR/2023/KA16/00045,731,27,2023-08-19,2023,8,chargesheeted,FIR registered for Hurt/Grievous Hurt at Raval.,32.0,Male,3,14.699688764744863,75.3257237454915,0,0,1
2709,FIR/2023/KA01/01405,108,19,2023-07-18,2023,7,chargesheeted,FIR registered for Cyber Crime - Phishing at Kaul Zila.,74.0,Other,4,12.949448634447258,77.56814882176721,1,0,1
2710,FIR/2022/KA01/01406,85,23,2022-07-28,2022,7,chargesheeted,FIR registered for Domestic Violence at Tata Marg.,23.0,Male,2,13.1152963751605,77.66560793696533,0,0,1
2711,FIR/2022/KA01/01407,34,1,2022-07-01,2022,7,chargesheeted,Complaint received regarding theft of laptop worth Rs.417102.,62.0,Other,1,12.994417903729174,77.50033804956755,0,0,1
2712,FIR/2023/KA01/01408,25,31,2023-07-27,2023,7,registered,FIR registered for Criminal Intimidation at Parekh Marg.,49.0,Male,3,13.10232364221753,77.49707681836837,0,0,0
2713,FIR/2024/KA01/01409,54,5,2024-04-09,2024,4,under_investigation,Dead body found at Ravel Chowk. Prima facie case of murder registered.,40.0,Male,4,12.962948194857187,77.4938591806017,0,0,0
2714,FIR/2024/KA03/00030,221,12,2024-12-11,2024,12,closed,Accused cheated complainant of Rs.23209 through false promises.,62.0,Female,3,12.38983621113681,76.78076093579165,0,1,1
2715,FIR/2022/KA01/01410,142,10,2022-09-08,2022,9,chargesheeted,FIR registered for Sexual Harassment at Din Road.,20.0,Female,3,13.006166383388159,77.48909608052462,0,0,1
2716,FIR/2024/KA01/01411,136,9,2024-02-10,2024,2,under_investigation,FIR registered for Assault on Women at Chokshi Chowk.,40.0,Female,4,12.943436042237483,77.6578086636346,0,0,0
2717,FIR/2022/KA01/01412,104,17,2022-04-22,2022,4,closed,FIR registered for Cyber Crime - Identity Theft at Krishna Zila.,42.0,Other,1,13.114398489115885,77.61839288437982,1,0,1
2718,FIR/2024/KA01/01413,69,12,2024-04-02,2024,4,under_investigation,Accused cheated complainant of Rs.264716 through false promises.,58.0,Female,1,12.989944528832087,77.53125072477684,0,1,0
2719,FIR/2022/KA01/01414,136,21,2022-12-13,2022,12,closed,FIR registered for Dowry Prohibition Act at Desai Ganj.,68.0,Other,4,12.912307088297114,77.68290852320897,0,0,1
2720,FIR/2023/KA01/01415,46,1,2023-07-03,2023,7,under_investigation,Complaint received regarding theft of laptop worth Rs.207871.,52.0,Female,4,13.014267119853017,77.44984763915146,0,0,0
2721,FIR/2024/KA01/01416,57,2,2024-10-17,2024,10,under_investigation,FIR registered for House Breaking & Theft at Bir Nagar.,20.0,Male,4,13.06719111013534,77.72159505258679,0,0,0
2722,FIR/2023/KA01/01417,6,16,2023-08-24,2023,8,chargesheeted,Victim lost Rs.28490 through online fraud/UPI scam.,,Female,4,12.841623820511142,77.67459726948557,1,0,1
2723,FIR/2023/KA01/01418,182,17,2023-12-05,2023,12,under_investigation,FIR registered for Cyber Crime - Identity Theft at Raja Street.,39.0,Other,4,12.838525692859246,77.50992950650675,1,0,0
2724,FIR/2024/KA01/01419,106,23,2024-06-24,2024,6,closed,FIR registered for Domestic Violence at Narain.,46.0,Male,1,13.015349621469673,77.55762899523037,0,0,1
2725,FIR/2024/KA01/01420,70,1,2024-06-25,2024,6,under_investigation,Complaint received regarding theft of gold chain worth Rs.481154.,67.0,Male,2,13.045217681319901,77.51680742078167,0,0,0
2726,FIR/2023/KA01/01421,126,16,2023-06-14,2023,6,registered,Victim lost Rs.439803 through online fraud/UPI scam.,27.0,Male,2,12.95810801504588,77.70248413861343,1,0,0
2727,FIR/2023/KA01/01422,46,17,2023-02-01,2023,2,chargesheeted,FIR registered for Cyber Crime - Identity Theft at Venkatesh Zila.,74.0,Other,2,13.042973499189436,77.47397521535538,1,0,1
2728,FIR/2024/KA01/01423,73,13,2024-05-23,2024,5,chargesheeted,FIR registered for Criminal Breach of Trust at Shukla Chowk.,52.0,Female,5,12.832475821088208,77.51633267149154,0,1,1
2729,FIR/2023/KA06/00065,333,1,2023-04-22,2023,4,closed,Complaint received regarding theft of laptop worth Rs.464250.,52.0,Male,3,12.918633297063685,74.86396349983237,0,0,1
2730,FIR/2024/KA11/00089,525,27,2024-02-14,2024,2,pending_trial,FIR registered for Hurt/Grievous Hurt at Swaminathan Chowk.,57.0,Other,5,15.063216414276077,76.97262697121535,0,0,1
2731,FIR/2024/KA01/01424,55,22,2024-01-02,2024,1,closed,FIR registered for POCSO Act at Lal Circle.,28.0,Female,3,12.916277180277575,77.72235273153436,0,0,1
2732,FIR/2023/KA01/01425,9,12,2023-10-25,2023,10,closed,Accused cheated complainant of Rs.361139 through false promises.,48.0,Female,3,12.912008075607826,77.47247272765006,0,1,1
2733,FIR/2023/KA10/00092,480,3,2023-03-14,2023,3,under_investigation,Complainant robbed at Badami Circle by 2 armed persons.,66.0,Female,2,13.352359688722258,77.08528510593338,0,0,0
2734,FIR/2024/KA25/00044,966,27,2024-03-05,2024,3,chargesheeted,FIR registered for Hurt/Grievous Hurt at Sani Nagar.,,Female,5,17.90744453331098,77.64100208228474,0,0,1
2735,FIR/2024/KA29/00051,1097,1,2024-09-01,2024,9,under_investigation,Complaint received regarding theft of two-wheeler worth Rs.136997.,53.0,Other,5,14.313838516216869,75.98484433409396,0,0,0
2736,FIR/2022/KA01/01426,149,28,2022-03-01,2022,3,pending_trial,FIR registered for Criminal Trespass at Murty Chowk.,42.0,Other,1,12.894454076281221,77.58828142547715,0,0,1
2737,FIR/2024/KA29/00052,1101,18,2024-08-10,2024,8,under_investigation,FIR registered for Cyber Crime - Hacking at Savant Marg.,26.0,Male,4,14.382412237599732,76.04649220826937,1,0,0
2738,FIR/2024/KA01/01427,31,2,2024-04-23,2024,4,pending_trial,FIR registered for House Breaking & Theft at Banik Chowk.,67.0,Other,2,12.947875297613262,77.56452827138635,0,0,1
2739,FIR/2022/KA01/01428,8,27,2022-11-02,2022,11,chargesheeted,FIR registered for Hurt/Grievous Hurt at Goel Nagar.,34.0,Male,1,12.854846813838435,77.45848624801135,0,0,1
2740,FIR/2023/KA10/00093,464,12,2023-07-03,2023,7,under_investigation,Accused cheated complainant of Rs.191369 through false promises.,73.0,Other,4,13.471877946621028,77.09431208885402,0,1,0
2741,FIR/2022/KA11/00090,515,10,2022-08-10,2022,8,under_investigation,FIR registered for Sexual Harassment at Swamy Street.,57.0,Female,1,15.00461096295669,76.94913000605585,0,0,0
2742,FIR/2023/KA01/01429,25,17,2023-06-08,2023,6,under_investigation,FIR registered for Cyber Crime - Identity Theft at Desai Marg.,46.0,Male,5,13.118083441709162,77.49071056454997,1,0,0
2743,FIR/2023/KA12/00067,584,16,2023-01-03,2023,1,registered,Victim lost Rs.396282 through online fraud/UPI scam.,37.0,Male,3,16.847471117172166,75.77999001338158,1,0,0
2744,FIR/2023/KA01/01430,143,1,2023-06-24,2023,6,chargesheeted,Complaint received regarding theft of gold chain worth Rs.431625.,64.0,Other,5,12.960373533321714,77.47319978157418,0,0,1
2745,FIR/2023/KA29/00053,1092,29,2023-08-17,2023,8,under_investigation,FIR registered for Mischief at Swaminathan.,27.0,Female,5,14.438471079083845,75.82379778103169,0,0,0
2746,FIR/2023/KA06/00066,328,28,2023-04-17,2023,4,under_investigation,FIR registered for Criminal Trespass at Zacharia Circle.,31.0,Male,1,12.980712124748045,74.92269666884623,0,0,0
2747,FIR/2023/KA01/01431,7,1,2023-10-11,2023,10,under_investigation,Complaint received regarding theft of mobile phone worth Rs.492262.,,Female,2,12.91239149297263,77.52841641786485,0,0,0
2748,FIR/2022/KA29/00054,1081,22,2022-12-24,2022,12,closed,FIR registered for POCSO Act at Dugar Chowk.,37.0,Female,4,14.414964283309251,75.93715678140587,0,0,1
2749,FIR/2024/KA01/01432,68,25,2024-01-15,2024,1,registered,FIR registered for Arms Act at Bhalla Circle.,66.0,Female,4,12.980456868559996,77.63730240865105,0,0,0
2750,FIR/2022/KA08/00048,392,19,2022-08-13,2022,8,pending_trial,FIR registered for Cyber Crime - Phishing at Lall Marg.,29.0,Other,5,12.969258363522327,76.18229313900333,1,0,1
2751,FIR/2022/KA17/00051,757,26,2022-04-28,2022,4,closed,FIR registered for Riots at Purohit Chowk.,68.0,Female,4,14.074578531995137,76.49626512015281,0,0,1
2752,FIR/2022/KA11/00091,533,3,2022-04-20,2022,4,under_investigation,Complainant robbed at Pandit by 3 armed persons.,41.0,Other,5,15.083572000588932,76.99505754687796,0,0,0
2753,FIR/2023/KA01/01433,73,2,2023-03-22,2023,3,closed,FIR registered for House Breaking & Theft at Nagi Road.,,Female,5,12.837670579778594,77.49781052341511,0,0,1
2754,FIR/2023/KA01/01434,151,16,2023-03-07,2023,3,under_investigation,Victim lost Rs.112785 through online fraud/UPI scam.,64.0,Female,5,13.018499258070369,77.73621686512101,1,0,0
2755,FIR/2023/KA01/01435,98,1,2023-02-17,2023,2,chargesheeted,Complaint received regarding theft of laptop worth Rs.189278.,34.0,Male,1,13.034761571141038,77.5454959451944,0,0,1
2756,FIR/2024/KA01/01436,142,9,2024-04-15,2024,4,chargesheeted,FIR registered for Assault on Women at Peri Street.,63.0,Other,2,13.032071383886416,77.45988081094465,0,0,1
2757,FIR/2023/KA12/00068,591,28,2023-09-04,2023,9,under_investigation,FIR registered for Criminal Trespass at Bala Path.,41.0,Other,5,16.97601561912436,75.76885500534185,0,0,0
2758,FIR/2022/KA01/01437,47,22,2022-10-09,2022,10,under_investigation,FIR registered for POCSO Act at Rai Path.,30.0,Male,2,13.090013495166414,77.46226152688736,0,0,0
2759,FIR/2024/KA01/01438,159,1,2024-12-13,2024,12,under_investigation,Complaint received regarding theft of laptop worth Rs.97938.,45.0,Other,4,12.85231163776115,77.72748028948402,0,0,0
2760,FIR/2024/KA01/01439,46,30,2024-04-12,2024,4,closed,FIR registered for Extortion at Parikh Path.,37.0,Male,4,13.024225546278005,77.46608661192398,0,0,1
2761,FIR/2023/KA01/01440,167,24,2023-10-12,2023,10,under_investigation,FIR registered for NDPS Act at Panchal Marg.,68.0,Female,2,12.911381544448997,77.71300822456901,0,0,0
2762,FIR/2024/KA16/00046,703,12,2024-01-22,2024,1,closed,Accused cheated complainant of Rs.65283 through false promises.,20.0,Male,1,14.671030901809676,75.44311258234187,0,1,1
2763,FIR/2023/KA01/01441,166,33,2023-06-10,2023,6,chargesheeted,FIR registered for Road Accident Death at Keer Ganj.,30.0,Female,3,12.919079654369138,77.57711635444346,0,0,1
2764,FIR/2024/KA01/01442,166,26,2024-02-09,2024,2,pending_trial,FIR registered for Riots at Chad Road.,,Other,5,12.937134438838536,77.57475495224243,0,0,1
2765,FIR/2023/KA05/00084,281,2,2023-07-25,2023,7,closed,FIR registered for House Breaking & Theft at Mody Zila.,19.0,Female,5,17.375975472077524,76.68604749912937,0,0,1
2766,FIR/2024/KA29/00055,1078,24,2024-08-08,2024,8,chargesheeted,FIR registered for NDPS Act at Nazareth Zila.,54.0,Female,4,14.41501626883625,76.0029821796911,0,0,1
2767,FIR/2024/KA01/01443,12,13,2024-03-02,2024,3,chargesheeted,FIR registered for Criminal Breach of Trust at Bahri Street.,66.0,Male,4,13.020220170504674,77.45056910592739,0,1,1
2768,FIR/2024/KA17/00052,760,1,2024-11-06,2024,11,registered,Complaint received regarding theft of cash worth Rs.423611.,46.0,Male,3,14.347925860838853,76.32618299542432,0,0,0
2769,FIR/2023/KA04/00076,273,2,2023-08-04,2023,8,chargesheeted,FIR registered for House Breaking & Theft at Sharma Nagar.,28.0,Female,4,15.95280052042298,74.42298226073494,0,0,1
2770,FIR/2022/KA01/01444,102,16,2022-06-10,2022,6,chargesheeted,Victim lost Rs.442013 through online fraud/UPI scam.,31.0,Other,2,13.01266929794499,77.61202890604142,1,0,1
2771,FIR/2022/KA01/01445,57,27,2022-01-27,2022,1,pending_trial,FIR registered for Hurt/Grievous Hurt at Loke Marg.,53.0,Other,5,13.087107350786463,77.74276568593594,0,0,1
2772,FIR/2023/KA01/01446,84,13,2023-07-25,2023,7,registered,FIR registered for Criminal Breach of Trust at Singh Nagar.,40.0,Other,4,13.006556403476306,77.57205997550524,0,1,0
2773,FIR/2024/KA13/00056,621,13,2024-10-10,2024,10,closed,FIR registered for Criminal Breach of Trust at Bains.,74.0,Female,1,16.283745648955428,77.3982635824132,0,1,1
2774,FIR/2022/KA08/00049,394,1,2022-08-13,2022,8,closed,Complaint received regarding theft of laptop worth Rs.469005.,69.0,Female,3,12.876771703737631,76.20343890590685,0,0,1
2775,FIR/2024/KA01/01447,157,12,2024-07-13,2024,7,chargesheeted,Accused cheated complainant of Rs.336881 through false promises.,65.0,Male,3,12.91990432891761,77.57824728563153,0,1,1
2776,FIR/2022/KA06/00067,317,12,2022-12-08,2022,12,under_investigation,Accused cheated complainant of Rs.480594 through false promises.,59.0,Male,2,12.856174510137414,74.71881811186879,0,1,0
2777,FIR/2023/KA01/01448,82,17,2023-04-15,2023,4,chargesheeted,FIR registered for Cyber Crime - Identity Theft at Chaudhry Chowk.,35.0,Other,5,12.95311865665673,77.52019682287315,1,0,1
2778,FIR/2024/KA03/00031,207,2,2024-04-21,2024,4,chargesheeted,FIR registered for House Breaking & Theft at Nayar Ganj.,69.0,Female,3,12.392231625682264,76.7977909603378,0,0,1
2779,FIR/2023/KA20/00054,822,6,2023-08-17,2023,8,registered,FIR registered for Attempt to Murder at Thakkar Chowk.,52.0,Female,4,12.435452835712816,76.77170818745851,0,0,0
2780,FIR/2023/KA29/00056,1092,10,2023-10-04,2023,10,under_investigation,FIR registered for Sexual Harassment at Ganesan Path.,51.0,Male,3,14.460722897431852,75.8067110221313,0,0,0
2781,FIR/2022/KA01/01449,33,18,2022-04-15,2022,4,under_investigation,FIR registered for Cyber Crime - Hacking at Mistry.,,Female,2,12.84059011644256,77.65176740923957,1,0,0
2782,FIR/2024/KA28/00029,1060,23,2024-05-27,2024,5,registered,FIR registered for Domestic Violence at Sarin Path.,51.0,Male,5,14.726133225443256,74.8181640360398,0,0,0
2783,FIR/2023/KA11/00092,527,17,2023-04-07,2023,4,closed,FIR registered for Cyber Crime - Identity Theft at Taneja Ganj.,35.0,Other,4,15.095992759921039,76.90284767947117,1,0,1
2784,FIR/2023/KA20/00055,833,4,2023-04-07,2023,4,closed,FIR registered for Dacoity at Wason Zila.,68.0,Other,5,12.602030481571333,76.89980337418308,0,0,1
2785,FIR/2023/KA27/00094,1005,17,2023-10-05,2023,10,closed,FIR registered for Cyber Crime - Identity Theft at Mani Ganj.,,Male,1,16.149160570676653,75.72826732140476,1,0,1
2786,FIR/2022/KA01/01450,163,3,2022-01-16,2022,1,closed,Complainant robbed at Batta Road by 3 armed persons.,37.0,Other,3,12.905794964141236,77.69857335448282,0,0,1
2787,FIR/2023/KA01/01451,87,16,2023-10-21,2023,10,chargesheeted,Victim lost Rs.107924 through online fraud/UPI scam.,19.0,Female,1,12.824692429926518,77.54259351476236,1,0,1
2788,FIR/2023/KA01/01452,161,31,2023-06-15,2023,6,closed,FIR registered for Criminal Intimidation at Chanda Ganj.,31.0,Female,1,13.129075483460118,77.54207639078616,0,0,1
2789,FIR/2022/KA01/01453,163,1,2022-11-25,2022,11,closed,Complaint received regarding theft of two-wheeler worth Rs.219902.,47.0,Male,4,12.916547696193653,77.69892884756891,0,0,1
2790,FIR/2024/KA14/00053,642,17,2024-07-25,2024,7,chargesheeted,FIR registered for Cyber Crime - Identity Theft at Nayar.,56.0,Male,2,15.384161848308677,75.15294407278755,1,0,1
2791,FIR/2022/KA01/01454,54,17,2022-02-28,2022,2,under_investigation,FIR registered for Cyber Crime - Identity Theft at Bhavsar Road.,34.0,Female,5,12.988270312959983,77.48749169154804,1,0,0
2792,FIR/2022/KA01/01455,82,1,2022-05-22,2022,5,under_investigation,Complaint received regarding theft of two-wheeler worth Rs.481696.,50.0,Female,1,12.942051644560774,77.53534094321662,0,0,0
2793,FIR/2024/KA01/01456,111,1,2024-01-16,2024,1,chargesheeted,Complaint received regarding theft of mobile phone worth Rs.334236.,41.0,Male,1,13.08446479464916,77.52645512514091,0,0,1
2794,FIR/2022/KA01/01457,111,1,2022-08-02,2022,8,pending_trial,Complaint received regarding theft of cash worth Rs.112471.,64.0,Female,5,13.09047740924772,77.54798322460921,0,0,1
2795,FIR/2024/KA06/00068,328,1,2024-04-09,2024,4,chargesheeted,Complaint received regarding theft of gold chain worth Rs.247451.,73.0,Female,3,13.001908996896265,74.91553755485462,0,0,1
2796,FIR/2023/KA28/00030,1065,5,2023-05-09,2023,5,chargesheeted,Dead body found at Mital Circle. Prima facie case of murder registered.,30.0,Male,4,14.9306032411686,74.71572370530619,0,0,1
2797,FIR/2023/KA01/01458,8,19,2023-04-26,2023,4,chargesheeted,FIR registered for Cyber Crime - Phishing at Zacharia Marg.,23.0,Female,4,12.859192233155984,77.46663988110843,1,0,1
2798,FIR/2024/KA01/01459,97,3,2024-10-17,2024,10,closed,Complainant robbed at Iyengar Path by 1 armed persons.,60.0,Other,3,12.899399620421896,77.54658394629611,0,0,1
2799,FIR/2024/KA01/01460,150,2,2024-01-07,2024,1,pending_trial,FIR registered for House Breaking & Theft at Ratti Marg.,72.0,Other,3,12.873169603332318,77.65921155124599,0,0,1
2800,FIR/2022/KA05/00085,295,28,2022-01-04,2022,1,closed,FIR registered for Criminal Trespass at Varma Road.,56.0,Other,5,17.368790217908472,76.68147834559767,0,0,1
2801,FIR/2022/KA14/00054,662,21,2022-01-20,2022,1,closed,FIR registered for Dowry Prohibition Act at Gole Chowk.,43.0,Female,3,15.423335125075821,74.96701786017944,0,0,1
2802,FIR/2024/KA11/00093,513,13,2024-01-15,2024,1,chargesheeted,FIR registered for Criminal Breach of Trust at Varty Nagar.,68.0,Male,2,15.0076066933004,77.01060021489846,0,1,1
2803,FIR/2023/KA01/01461,51,19,2023-03-01,2023,3,under_investigation,FIR registered for Cyber Crime - Phishing at Tata Street.,,Female,1,12.929553665998283,77.5698279137441,1,0,0
2804,FIR/2024/KA28/00031,1054,10,2024-02-22,2024,2,pending_trial,FIR registered for Sexual Harassment at Sibal Ganj.,62.0,Female,5,14.704224607002184,74.57437562503846,0,0,1
2805,FIR/2024/KA25/00045,942,8,2024-05-17,2024,5,closed,Victim reported sexual assault incident at Walia Road. Medical examination conducted.,21.0,Female,3,17.83305246684786,77.60650366245851,0,0,1
2806,FIR/2023/KA31/00016,1136,6,2023-04-17,2023,4,under_investigation,FIR registered for Attempt to Murder at Saraf.,55.0,Other,2,11.877999809955307,76.9688406032333,0,0,0
2807,FIR/2022/KA03/00032,221,9,2022-11-22,2022,11,under_investigation,FIR registered for Assault on Women at Bhasin.,23.0,Other,2,12.395657780623358,76.79785551455977,0,0,0
2808,FIR/2023/KA01/01462,79,8,2023-04-25,2023,4,chargesheeted,Victim reported sexual assault incident at Iyer Circle. Medical examination conducted.,55.0,Female,1,12.86841173102024,77.51651363609946,0,0,1
2809,FIR/2024/KA01/01463,62,29,2024-06-12,2024,6,chargesheeted,FIR registered for Mischief at Shere Path.,39.0,Other,1,13.026869134463084,77.50851340979281,0,0,1
2810,FIR/2024/KA01/01464,31,19,2024-02-19,2024,2,under_investigation,FIR registered for Cyber Crime - Phishing at Khosla Street.,50.0,Female,4,12.936162563971045,77.59268528911859,1,0,0
2811,FIR/2022/KA28/00032,1052,1,2022-01-27,2022,1,chargesheeted,Complaint received regarding theft of gold chain worth Rs.273696.,25.0,Other,3,14.674719768651023,74.74312984078338,0,0,1
2812,FIR/2024/KA27/00095,998,33,2024-03-21,2024,3,under_investigation,FIR registered for Road Accident Death at Roy Marg.,,Female,1,16.261289788805477,75.5739769489327,0,0,0
2813,FIR/2023/KA13/00057,625,1,2023-10-12,2023,10,under_investigation,Complaint received regarding theft of gold chain worth Rs.320272.,39.0,Other,5,16.096930120288253,77.31343312170426,0,0,0
2814,FIR/2024/KA01/01465,84,2,2024-12-05,2024,12,chargesheeted,FIR registered for House Breaking & Theft at Sachar Ganj.,67.0,Female,4,13.00445486962377,77.56376637587289,0,0,1
2815,FIR/2024/KA01/01466,49,13,2024-10-28,2024,10,under_investigation,FIR registered for Criminal Breach of Trust at Mangat Road.,50.0,Female,2,13.006974035301822,77.59586743191181,0,1,0
2816,FIR/2024/KA01/01467,67,34,2024-04-16,2024,4,chargesheeted,FIR registered for Immoral Traffic Act at Kunda Street.,63.0,Female,3,12.958441292235193,77.73107281666877,0,0,1
2817,FIR/2023/KA05/00086,283,2,2023-05-18,2023,5,closed,FIR registered for House Breaking & Theft at Keer.,34.0,Other,1,17.240787075510255,76.86145087331268,0,0,1
2818,FIR/2023/KA01/01468,153,9,2023-11-19,2023,11,under_investigation,FIR registered for Assault on Women at Khare Marg.,39.0,Female,5,13.089105874667974,77.63340451528867,0,0,0
2819,FIR/2024/KA29/00057,1086,2,2024-03-25,2024,3,chargesheeted,FIR registered for House Breaking & Theft at Doctor Zila.,25.0,Male,2,14.585923762714483,75.94445959928402,0,0,1
2820,FIR/2024/KA01/01469,1,18,2024-07-12,2024,7,under_investigation,FIR registered for Cyber Crime - Hacking at Bala Ganj.,25.0,Other,2,13.035117201123004,77.51792545576215,1,0,0
2821,FIR/2024/KA01/01470,104,2,2024-11-27,2024,11,registered,FIR registered for House Breaking & Theft at Mukherjee Ganj.,33.0,Female,3,13.093498856251266,77.62467303687674,0,0,0
2822,FIR/2023/KA11/00094,539,22,2023-06-14,2023,6,closed,FIR registered for POCSO Act at Sunder Chowk.,68.0,Other,4,15.133404219015402,76.93979971901211,0,0,1
2823,FIR/2024/KA01/01471,91,4,2024-07-14,2024,7,chargesheeted,FIR registered for Dacoity at Sarin Circle.,37.0,Other,5,13.098128312405457,77.68794168280357,0,0,1
2824,FIR/2023/KA01/01472,164,28,2023-12-02,2023,12,under_investigation,FIR registered for Criminal Trespass at Bansal Marg.,39.0,Other,4,12.907644216874438,77.59047934850749,0,0,0
2825,FIR/2023/KA01/01473,153,2,2023-02-21,2023,2,chargesheeted,FIR registered for House Breaking & Theft at Dutta Ganj.,53.0,Female,1,13.111403455385366,77.62198150286866,0,0,1
2826,FIR/2023/KA04/00077,254,1,2023-04-28,2023,4,registered,Complaint received regarding theft of laptop worth Rs.23898.,19.0,Male,1,15.987825153397742,74.55677121122577,0,0,0
2827,FIR/2024/KA14/00055,654,22,2024-09-07,2024,9,chargesheeted,FIR registered for POCSO Act at Kuruvilla Nagar.,29.0,Male,2,15.404614889281342,75.07860850385839,0,0,1
2828,FIR/2023/KA25/00046,959,1,2023-10-23,2023,10,under_investigation,Complaint received regarding theft of two-wheeler worth Rs.375993.,45.0,Male,4,17.903822420562076,77.66058463883044,0,0,0
2829,FIR/2023/KA14/00056,665,16,2023-01-22,2023,1,chargesheeted,Victim lost Rs.289868 through online fraud/UPI scam.,59.0,Male,5,15.475764831319015,74.94554720190723,1,0,1
2830,FIR/2023/KA01/01474,49,29,2023-05-10,2023,5,pending_trial,FIR registered for Mischief at Bhakta Nagar.,44.0,Female,4,12.989080227401871,77.59631024801885,0,0,1
2831,FIR/2024/KA22/00020,875,17,2024-05-27,2024,5,closed,FIR registered for Cyber Crime - Identity Theft at Murthy Zila.,62.0,Male,2,13.56670684712623,77.6212753145698,1,0,1
2832,FIR/2023/KA16/00047,706,21,2023-07-14,2023,7,under_investigation,FIR registered for Dowry Prohibition Act at Misra.,72.0,Male,3,14.790037001135898,75.42593920914904,0,0,0
2833,FIR/2023/KA02/00026,204,27,2023-11-25,2023,11,under_investigation,FIR registered for Hurt/Grievous Hurt at Ray Zila.,46.0,Other,3,13.082655326667346,77.6617519745775,0,0,0
2834,FIR/2024/KA01/01475,140,1,2024-09-16,2024,9,chargesheeted,Complaint received regarding theft of gold chain worth Rs.147934.,51.0,Female,1,12.93513321548589,77.51210790370072,0,0,1
2835,FIR/2023/KA01/01476,33,19,2023-07-27,2023,7,chargesheeted,FIR registered for Cyber Crime - Phishing at Dey Marg.,69.0,Female,3,12.865846449086296,77.62832501438824,1,0,1
2836,FIR/2022/KA01/01477,146,21,2022-11-05,2022,11,under_investigation,FIR registered for Dowry Prohibition Act at Choudhury Ganj.,68.0,Other,1,12.841290622616864,77.62397570865409,0,0,0
2837,FIR/2024/KA06/00069,338,25,2024-07-09,2024,7,closed,FIR registered for Arms Act at Tella.,69.0,Other,1,12.884303472253732,74.79079040791049,0,0,1
2838,FIR/2024/KA01/01478,62,30,2024-09-06,2024,9,closed,FIR registered for Extortion at Vig Zila.,67.0,Other,2,13.02777358706418,77.49344639747603,0,0,1
2839,FIR/2023/KA22/00021,886,14,2023-03-06,2023,3,pending_trial,FIR registered for Forgery at Vohra.,63.0,Other,3,13.400144350299016,77.85100224482164,0,1,1
2840,FIR/2023/KA26/00017,980,30,2023-12-03,2023,12,under_investigation,FIR registered for Extortion at Taneja Road.,51.0,Female,4,15.351727722402993,76.12284531048735,0,0,0
2841,FIR/2023/KA01/01479,99,12,2023-05-26,2023,5,under_investigation,Accused cheated complainant of Rs.206872 through false promises.,46.0,Other,4,13.122014045311047,77.61210838407399,0,1,0
2842,FIR/2024/KA01/01480,103,8,2024-06-27,2024,6,closed,Victim reported sexual assault incident at Das. Medical examination conducted.,,Female,3,12.861308154167691,77.46730642691342,0,0,1
2843,FIR/2022/KA01/01481,26,21,2022-07-21,2022,7,closed,FIR registered for Dowry Prohibition Act at Narayan Path.,34.0,Male,4,12.852354537837561,77.4641193527731,0,0,1
2844,FIR/2022/KA01/01482,124,1,2022-01-12,2022,1,under_investigation,Complaint received regarding theft of gold chain worth Rs.232747.,34.0,Female,2,13.003565438441948,77.73264157330051,0,0,0
2845,FIR/2022/KA13/00058,630,29,2022-02-22,2022,2,chargesheeted,FIR registered for Mischief at Sampath Ganj.,73.0,Female,2,16.245223366997706,77.24018288505258,0,0,1
2846,FIR/2024/KA01/01483,167,13,2024-11-19,2024,11,under_investigation,FIR registered for Criminal Breach of Trust at Dhawan Ganj.,44.0,Female,1,12.91311929731077,77.70135995386431,0,1,0
2847,FIR/2024/KA13/00059,620,16,2024-09-11,2024,9,registered,Victim lost Rs.333156 through online fraud/UPI scam.,29.0,Male,5,16.233391170903932,77.32748713618105,1,0,0
2848,FIR/2023/KA20/00056,812,1,2023-07-14,2023,7,chargesheeted,Complaint received regarding theft of two-wheeler worth Rs.102605.,62.0,Other,1,12.675170617526755,76.76029426850533,0,0,1
2849,FIR/2023/KA25/00047,954,24,2023-04-18,2023,4,under_investigation,FIR registered for NDPS Act at Rege Chowk.,49.0,Male,1,17.846450215413302,77.37689838591622,0,0,0
2850,FIR/2023/KA04/00078,241,11,2023-02-17,2023,2,under_investigation,FIR registered for Kidnapping & Abduction at Bhalla Road.,67.0,Female,3,15.9284553834005,74.45872818399219,0,0,0
2851,FIR/2024/KA10/00094,461,12,2024-03-16,2024,3,registered,Accused cheated complainant of Rs.189207 through false promises.,,Male,3,13.294767751628319,77.1517556362336,0,1,0
2852,FIR/2023/KA20/00057,838,2,2023-09-27,2023,9,under_investigation,FIR registered for House Breaking & Theft at Chowdhury Path.,48.0,Other,3,12.622736108424672,76.86069493969467,0,0,0
2853,FIR/2022/KA01/01484,147,22,2022-02-01,2022,2,chargesheeted,FIR registered for POCSO Act at Sampath Path.,53.0,Other,4,12.833686028472886,77.74392905130716,0,0,1
2854,FIR/2023/KA09/00046,436,29,2023-04-27,2023,4,chargesheeted,FIR registered for Mischief at Koshy Chowk.,27.0,Male,3,13.840754165133799,75.57069056492705,0,0,1
2855,FIR/2022/KA25/00048,962,31,2022-08-10,2022,8,under_investigation,FIR registered for Criminal Intimidation at Dhillon Road.,40.0,Female,1,17.77882135241677,77.59551085266975,0,0,0
2856,FIR/2024/KA01/01485,84,35,2024-02-14,2024,2,pending_trial,FIR registered for SC/ST Atrocities Act at Soman Path.,27.0,Female,4,12.980138529784846,77.56644088419944,0,0,1
2857,FIR/2022/KA01/01486,36,1,2022-07-15,2022,7,pending_trial,Complaint received regarding theft of mobile phone worth Rs.358607.,75.0,Female,1,12.953940935944646,77.48712092930856,0,0,1
2858,FIR/2023/KA31/00017,1137,2,2023-02-01,2023,2,registered,FIR registered for House Breaking & Theft at Banerjee Nagar.,20.0,Female,5,11.929504614825014,77.02445241527037,0,0,0
2859,FIR/2023/KA20/00058,814,1,2023-02-25,2023,2,registered,Complaint received regarding theft of two-wheeler worth Rs.48636.,47.0,Other,5,12.658822377332388,76.79813213021917,0,0,0
2860,FIR/2023/KA01/01487,100,28,2023-04-12,2023,4,closed,FIR registered for Criminal Trespass at Rajagopalan Road.,32.0,Male,3,13.103625733862437,77.48944504370633,0,0,1
2861,FIR/2022/KA11/00095,502,21,2022-10-23,2022,10,under_investigation,FIR registered for Dowry Prohibition Act at Patil Road.,70.0,Male,4,15.216869267136811,76.82312981882467,0,0,0
2862,FIR/2023/KA01/01488,13,12,2023-02-23,2023,2,chargesheeted,Accused cheated complainant of Rs.82545 through false promises.,61.0,Female,4,13.12716104701147,77.71255985228966,0,1,1
2863,FIR/2023/KA16/00048,716,27,2023-11-22,2023,11,under_investigation,FIR registered for Hurt/Grievous Hurt at Savant Ganj.,20.0,Female,1,14.921674759811525,75.51807682335338,0,0,0
2864,FIR/2024/KA07/00023,367,18,2024-02-11,2024,2,chargesheeted,FIR registered for Cyber Crime - Hacking at Anand Marg.,24.0,Male,5,13.288533302820671,74.6375563275588,1,0,1
2865,FIR/2022/KA01/01489,153,8,2022-06-24,2022,6,under_investigation,Victim reported sexual assault incident at Kumer Marg. Medical examination conducted.,,Female,3,13.108262106237964,77.60507931146331,0,0,0
2866,FIR/2023/KA04/00079,252,13,2023-12-28,2023,12,registered,FIR registered for Criminal Breach of Trust at Chana Road.,67.0,Female,2,15.813141488371693,74.49062093252878,0,1,0
2867,FIR/2022/KA01/01490,33,23,2022-11-21,2022,11,under_investigation,FIR registered for Domestic Violence at Mishra Ganj.,25.0,Male,3,12.86167354705741,77.6471429572196,0,0,0
2868,FIR/2022/KA01/01491,71,12,2022-03-18,2022,3,closed,Accused cheated complainant of Rs.457255 through false promises.,58.0,Other,4,12.998951382711256,77.58744475214927,0,1,1
2869,FIR/2023/KA06/00070,322,12,2023-09-12,2023,9,under_investigation,Accused cheated complainant of Rs.243033 through false promises.,41.0,Male,3,12.814946258405207,74.93207422764631,0,1,0
2870,FIR/2022/KA04/00080,254,2,2022-12-08,2022,12,pending_trial,FIR registered for House Breaking & Theft at Bandi Marg.,22.0,Male,3,16.00192735455891,74.56086819849196,0,0,1
2871,FIR/2023/KA22/00022,882,12,2023-10-03,2023,10,closed,Accused cheated complainant of Rs.408218 through false promises.,59.0,Male,4,13.534270320398534,77.69221702118533,0,1,1
2872,FIR/2023/KA01/01492,13,16,2023-07-10,2023,7,chargesheeted,Victim lost Rs.277174 through online fraud/UPI scam.,20.0,Female,3,13.12533429434555,77.71325233437224,1,0,1
2873,FIR/2022/KA05/00087,287,22,2022-05-28,2022,5,under_investigation,FIR registered for POCSO Act at Natarajan Marg.,71.0,Female,4,17.430717170289977,76.68504951917402,0,0,0
2874,FIR/2024/KA01/01493,91,27,2024-07-28,2024,7,under_investigation,FIR registered for Hurt/Grievous Hurt at Chaudhry Marg.,18.0,Female,5,13.129691448869238,77.680645516684,0,0,0
2875,FIR/2022/KA01/01494,49,16,2022-03-21,2022,3,pending_trial,Victim lost Rs.241017 through online fraud/UPI scam.,70.0,Male,4,12.973955773950125,77.57154781636636,1,0,1
2876,FIR/2022/KA01/01495,22,10,2022-11-22,2022,11,under_investigation,FIR registered for Sexual Harassment at Bhatti Circle.,73.0,Male,1,12.921345582162695,77.72321855715839,0,0,0
2877,FIR/2022/KA11/00096,535,16,2022-04-14,2022,4,closed,Victim lost Rs.345448 through online fraud/UPI scam.,72.0,Other,1,15.1712342681524,76.77261672535542,1,0,1
2878,FIR/2022/KA01/01496,4,27,2022-08-02,2022,8,registered,FIR registered for Hurt/Grievous Hurt at Narain.,60.0,Male,5,12.810525928372122,77.52141366836047,0,0,0
2879,FIR/2023/KA07/00024,366,10,2023-11-22,2023,11,chargesheeted,FIR registered for Sexual Harassment at Bala Chowk.,68.0,Male,1,13.210037208827204,74.79678378316837,0,0,1
2880,FIR/2022/KA01/01497,114,1,2022-03-23,2022,3,under_investigation,Complaint received regarding theft of two-wheeler worth Rs.466866.,39.0,Female,5,13.076757417256722,77.48774334732784,0,0,0
2881,FIR/2024/KA01/01498,68,12,2024-01-16,2024,1,chargesheeted,Accused cheated complainant of Rs.316755 through false promises.,69.0,Other,1,13.019575567570936,77.64311141808392,0,1,1
2882,FIR/2023/KA01/01499,95,1,2023-03-02,2023,3,under_investigation,Complaint received regarding theft of mobile phone worth Rs.112296.,72.0,Other,5,12.90568003552989,77.69609182493173,0,0,0
2883,FIR/2023/KA07/00025,364,15,2023-05-24,2023,5,chargesheeted,FIR registered for Counterfeiting at Mody Ganj.,,Female,3,13.368181625955705,74.68932202360767,0,1,1
2884,FIR/2024/KA01/01500,169,17,2024-05-26,2024,5,chargesheeted,FIR registered for Cyber Crime - Identity Theft at Butala Path.,52.0,Male,5,13.022850708008178,77.57569322596898,1,0,1
2885,FIR/2022/KA17/00053,757,10,2022-12-16,2022,12,under_investigation,FIR registered for Sexual Harassment at Dugar Zila.,56.0,Male,3,14.103764656069073,76.51037674994294,0,0,0
2886,FIR/2024/KA01/01501,95,16,2024-10-22,2024,10,chargesheeted,Victim lost Rs.348201 through online fraud/UPI scam.,33.0,Female,4,12.892506418655719,77.69318618671682,1,0,1
2887,FIR/2024/KA01/01502,181,1,2024-02-06,2024,2,under_investigation,Complaint received regarding theft of mobile phone worth Rs.446635.,21.0,Other,4,12.875166351068906,77.70216943019689,0,0,0
2888,FIR/2024/KA16/00049,709,9,2024-10-04,2024,10,under_investigation,FIR registered for Assault on Women at Seth Path.,55.0,Other,2,14.698881754686344,75.36745201970811,0,0,0
2889,FIR/2024/KA01/01503,153,29,2024-01-07,2024,1,chargesheeted,FIR registered for Mischief at Deol Chowk.,20.0,Female,4,13.101480775482596,77.61796298368056,0,0,1
2890,FIR/2024/KA04/00081,234,22,2024-12-24,2024,12,closed,FIR registered for POCSO Act at Ghose Road.,39.0,Male,4,15.83937383752646,74.4876155314111,0,0,1
2891,FIR/2024/KA01/01504,178,9,2024-10-22,2024,10,under_investigation,FIR registered for Assault on Women at Narang.,25.0,Male,2,13.118094221021904,77.69051823848358,0,0,0
2892,FIR/2024/KA01/01505,79,12,2024-11-19,2024,11,under_investigation,Accused cheated complainant of Rs.69078 through false promises.,28.0,Male,2,12.871394365289756,77.51243516252246,0,1,0
2893,FIR/2022/KA12/00069,556,12,2022-11-15,2022,11,chargesheeted,Accused cheated complainant of Rs.479829 through false promises.,54.0,Other,3,16.865809403677826,75.70637664571595,0,1,1
2894,FIR/2022/KA01/01506,128,9,2022-08-12,2022,8,closed,FIR registered for Assault on Women at Gopal Path.,62.0,Other,4,12.904762821684155,77.6471369879957,0,0,1
2895,FIR/2023/KA12/00070,586,6,2023-10-03,2023,10,chargesheeted,FIR registered for Attempt to Murder at Purohit Marg.,31.0,Female,3,16.83364883378963,75.83294440310827,0,0,1
2896,FIR/2023/KA01/01507,139,31,2023-12-03,2023,12,registered,FIR registered for Criminal Intimidation at Kapur.,,Other,2,12.983290263183799,77.55963409044156,0,0,0
2897,FIR/2023/KA01/01508,29,1,2023-01-20,2023,1,under_investigation,Complaint received regarding theft of mobile phone worth Rs.389341.,62.0,Female,4,12.83079008276854,77.68048945293191,0,0,0
2898,FIR/2023/KA06/00071,347,12,2023-03-20,2023,3,under_investigation,Accused cheated complainant of Rs.307313 through false promises.,42.0,Female,1,12.858765463890807,74.72433628479297,0,1,0
2899,FIR/2023/KA01/01509,20,16,2023-06-01,2023,6,under_investigation,Victim lost Rs.124448 through online fraud/UPI scam.,24.0,Male,1,12.89686165931673,77.51075827636973,1,0,0
2900,FIR/2022/KA01/01510,54,1,2022-08-25,2022,8,closed,Complaint received regarding theft of laptop worth Rs.141546.,71.0,Other,2,12.967075283740765,77.50496396318,0,0,1
2901,FIR/2022/KA01/01511,37,18,2022-02-28,2022,2,chargesheeted,FIR registered for Cyber Crime - Hacking at Bawa Street.,57.0,Other,1,13.059665115618522,77.5230789421366,1,0,1
2902,FIR/2024/KA01/01512,91,2,2024-11-19,2024,11,under_investigation,FIR registered for House Breaking & Theft at Sanghvi Marg.,68.0,Other,1,13.098491818203792,77.6808300306973,0,0,0
2903,FIR/2023/KA20/00059,826,3,2023-08-02,2023,8,closed,Complainant robbed at Lad by 3 armed persons.,59.0,Male,4,12.645828694024075,76.881099845389,0,0,1
2904,FIR/2022/KA01/01513,76,14,2022-11-06,2022,11,under_investigation,FIR registered for Forgery at Chakraborty Street.,36.0,Female,2,13.096885859719286,77.67384474834725,0,1,0
2905,FIR/2024/KA10/00095,482,16,2024-02-27,2024,2,under_investigation,Victim lost Rs.420784 through online fraud/UPI scam.,62.0,Male,2,13.467074453874218,77.21541463759557,1,0,0
2906,FIR/2024/KA01/01514,59,27,2024-01-16,2024,1,closed,FIR registered for Hurt/Grievous Hurt at Dalal.,36.0,Male,3,13.087729845752902,77.5105137857417,0,0,1
2907,FIR/2022/KA01/01515,46,12,2022-10-11,2022,10,closed,Accused cheated complainant of Rs.252613 through false promises.,21.0,Female,1,13.045796251093687,77.45225541396282,0,1,1
2908,FIR/2023/KA01/01516,92,6,2023-10-17,2023,10,closed,FIR registered for Attempt to Murder at Setty Marg.,67.0,Female,1,13.038216316333617,77.53774788093348,0,0,1
2909,FIR/2022/KA01/01517,148,35,2022-02-09,2022,2,chargesheeted,FIR registered for SC/ST Atrocities Act at Dani Chowk.,,Male,2,13.098126607341143,77.48867576244866,0,0,1
2910,FIR/2024/KA29/00058,1088,3,2024-06-13,2024,6,registered,Complainant robbed at Jani Ganj by 3 armed persons.,60.0,Male,5,14.390669287708006,76.01973694481653,0,0,0
2911,FIR/2024/KA01/01518,122,1,2024-05-04,2024,5,under_investigation,Complaint received regarding theft of two-wheeler worth Rs.232934.,69.0,Male,2,13.109705544027253,77.61920795624816,0,0,0
2912,FIR/2023/KA01/01519,111,21,2023-10-26,2023,10,pending_trial,FIR registered for Dowry Prohibition Act at Talwar Road.,74.0,Female,5,13.056380913214936,77.54163388053507,0,0,1
2913,FIR/2024/KA01/01520,170,14,2024-02-22,2024,2,under_investigation,FIR registered for Forgery at De Marg.,63.0,Female,2,12.973936978367744,77.65031370967694,0,1,0
2914,FIR/2024/KA01/01521,32,21,2024-03-06,2024,3,under_investigation,FIR registered for Dowry Prohibition Act at Jhaveri Marg.,24.0,Other,3,12.887018295533904,77.59809187311937,0,0,0
2915,FIR/2024/KA01/01522,21,1,2024-10-09,2024,10,chargesheeted,Complaint received regarding theft of gold chain worth Rs.62754.,,Male,2,13.004376697208293,77.6784331008311,0,0,1
2916,FIR/2022/KA01/01523,157,12,2022-12-23,2022,12,under_investigation,Accused cheated complainant of Rs.309653 through false promises.,36.0,Male,4,12.918618897327493,77.5533418630324,0,1,0
2917,FIR/2023/KA01/01524,182,1,2023-02-27,2023,2,under_investigation,Complaint received regarding theft of mobile phone worth Rs.61661.,20.0,Male,1,12.830051192938736,77.53014555073173,0,0,0
2918,FIR/2023/KA13/00060,621,6,2023-05-23,2023,5,under_investigation,FIR registered for Attempt to Murder at Dhingra Marg.,57.0,Female,5,16.279981114156673,77.41193150264397,0,0,0
2919,FIR/2024/KA30/00025,1126,22,2024-08-06,2024,8,pending_trial,FIR registered for POCSO Act at Mannan Nagar.,47.0,Other,3,15.317347949693762,76.50477985225517,0,0,1
2920,FIR/2022/KA01/01525,149,25,2022-07-10,2022,7,pending_trial,FIR registered for Arms Act at Keer Road.,27.0,Other,1,12.895552857964107,77.56768545661868,0,0,1
2921,FIR/2023/KA01/01526,45,2,2023-02-04,2023,2,under_investigation,FIR registered for House Breaking & Theft at Seshadri.,40.0,Female,5,13.008793101605304,77.52912245439096,0,0,0
2922,FIR/2024/KA20/00060,809,11,2024-04-10,2024,4,under_investigation,FIR registered for Kidnapping & Abduction at Pingle Ganj.,27.0,Other,3,12.448712440786766,76.7706257817429,0,0,0
2923,FIR/2023/KA11/00097,534,17,2023-08-27,2023,8,under_investigation,FIR registered for Cyber Crime - Identity Theft at Shanker.,,Male,3,15.136927881057172,76.9432533169907,1,0,0
2924,FIR/2022/KA05/00088,312,10,2022-05-06,2022,5,under_investigation,FIR registered for Sexual Harassment at Anne Zila.,48.0,Female,1,17.27717147108363,76.8365646221027,0,0,0
2925,FIR/2022/KA30/00026,1128,1,2022-12-07,2022,12,chargesheeted,Complaint received regarding theft of cash worth Rs.398894.,75.0,Female,4,15.34454020112877,76.37184935719509,0,0,1
2926,FIR/2024/KA22/00023,877,9,2024-09-23,2024,9,closed,FIR registered for Assault on Women at Rao Path.,,Female,3,13.536007125702826,77.65242550052822,0,0,1
2927,FIR/2022/KA01/01527,118,12,2022-12-02,2022,12,registered,Accused cheated complainant of Rs.371455 through false promises.,41.0,Male,1,13.059663902587776,77.59380002073166,0,1,0
2928,FIR/2024/KA01/01528,124,12,2024-10-23,2024,10,closed,Accused cheated complainant of Rs.153718 through false promises.,26.0,Female,3,13.009186874790746,77.7348222083768,0,1,1
2929,FIR/2022/KA02/00027,196,35,2022-02-14,2022,2,closed,FIR registered for SC/ST Atrocities Act at Chandran Zila.,49.0,Female,2,13.320109204119834,77.47710850502447,0,0,1
2930,FIR/2024/KA01/01529,181,17,2024-03-08,2024,3,chargesheeted,FIR registered for Cyber Crime - Identity Theft at Bhargava Circle.,50.0,Other,2,12.87579742631022,77.71106216798822,1,0,1
2931,FIR/2024/KA01/01530,18,17,2024-11-21,2024,11,under_investigation,FIR registered for Cyber Crime - Identity Theft at Natarajan Nagar.,48.0,Other,1,13.004567888587905,77.61771354009758,1,0,0
2932,FIR/2022/KA01/01531,87,29,2022-04-12,2022,4,pending_trial,FIR registered for Mischief at Sinha Ganj.,,Other,5,12.828837629084472,77.54340558667623,0,0,1
2933,FIR/2024/KA12/00071,569,33,2024-02-24,2024,2,under_investigation,FIR registered for Road Accident Death at Bath Path.,59.0,Male,3,16.960513855775492,75.73547035583937,0,0,0
2934,FIR/2024/KA01/01532,158,1,2024-12-02,2024,12,under_investigation,Complaint received regarding theft of laptop worth Rs.453095.,41.0,Male,5,13.017926144719251,77.45936906427431,0,0,0
2935,FIR/2024/KA01/01533,169,1,2024-05-19,2024,5,under_investigation,Complaint received regarding theft of cash worth Rs.324512.,40.0,Female,4,13.037804750945137,77.599346975336,0,0,0
2936,FIR/2022/KA01/01534,173,1,2022-07-05,2022,7,closed,Complaint received regarding theft of two-wheeler worth Rs.291698.,55.0,Female,1,12.953686497159106,77.68130924126994,0,0,1
2937,FIR/2024/KA01/01535,24,17,2024-09-09,2024,9,closed,FIR registered for Cyber Crime - Identity Theft at Deo Path.,41.0,Other,3,12.99044187720538,77.70179277930485,1,0,1
2938,FIR/2024/KA01/01536,182,27,2024-04-23,2024,4,registered,FIR registered for Hurt/Grievous Hurt at Barman Circle.,24.0,Other,4,12.813606764601303,77.53745258060718,0,0,0
2939,FIR/2024/KA08/00050,388,1,2024-02-24,2024,2,chargesheeted,Complaint received regarding theft of mobile phone worth Rs.18584.,39.0,Male,2,13.1137070795254,75.99974747808805,0,0,1
2940,FIR/2024/KA01/01537,150,17,2024-07-08,2024,7,under_investigation,FIR registered for Cyber Crime - Identity Theft at Gara Road.,39.0,Other,1,12.87706135320356,77.6540884523398,1,0,0
2941,FIR/2022/KA01/01538,126,32,2022-08-05,2022,8,under_investigation,FIR registered for Missing Person at Tailor Circle.,49.0,Other,4,12.987768006976287,77.71208253304563,0,0,0
2942,FIR/2024/KA10/00096,482,1,2024-12-07,2024,12,closed,Complaint received regarding theft of two-wheeler worth Rs.118497.,23.0,Female,1,13.476003719475404,77.22755813304852,0,0,1
2943,FIR/2023/KA01/01539,41,1,2023-10-21,2023,10,chargesheeted,Complaint received regarding theft of two-wheeler worth Rs.190233.,65.0,Other,3,13.09842303752751,77.58970971011885,0,0,1
2944,FIR/2023/KA01/01540,134,3,2023-02-03,2023,2,pending_trial,Complainant robbed at Wali Path by 3 armed persons.,45.0,Male,4,13.108697911042912,77.60852229954813,0,0,1
2945,FIR/2023/KA01/01541,159,1,2023-02-10,2023,2,chargesheeted,Complaint received regarding theft of two-wheeler worth Rs.130098.,52.0,Other,4,12.839740956930038,77.72246551244528,0,0,1
2946,FIR/2024/KA16/00050,719,22,2024-07-24,2024,7,closed,FIR registered for POCSO Act at Dada Road.,19.0,Male,2,14.786430560251647,75.27766188497768,0,0,1
2947,FIR/2022/KA11/00098,518,9,2022-09-26,2022,9,registered,FIR registered for Assault on Women at Basu Path.,61.0,Male,1,15.05641056761471,77.01407599313673,0,0,0
2948,FIR/2024/KA01/01542,98,27,2024-05-03,2024,5,chargesheeted,FIR registered for Hurt/Grievous Hurt at Tata Street.,26.0,Other,3,13.072498602287846,77.53245124626321,0,0,1
2949,FIR/2022/KA01/01543,178,1,2022-11-18,2022,11,chargesheeted,Complaint received regarding theft of laptop worth Rs.341346.,22.0,Female,5,13.120016294212204,77.6935188913544,0,0,1
2950,FIR/2022/KA01/01544,116,17,2022-01-07,2022,1,chargesheeted,FIR registered for Cyber Crime - Identity Theft at Mandal Marg.,60.0,Female,3,13.035462806217502,77.63463623138415,1,0,1
2951,FIR/2024/KA27/00096,1026,12,2024-05-05,2024,5,under_investigation,Accused cheated complainant of Rs.194385 through false promises.,69.0,Male,3,16.284415218961684,75.78711277156401,0,1,0
2952,FIR/2023/KA14/00057,652,24,2023-01-21,2023,1,under_investigation,FIR registered for NDPS Act at Munshi Circle.,39.0,Other,4,15.511156987967807,74.89302831964902,0,0,0
2953,FIR/2024/KA08/00051,410,19,2024-12-16,2024,12,closed,FIR registered for Cyber Crime - Phishing at Gala Marg.,56.0,Female,4,13.126042822311828,75.9803620882224,1,0,1
2954,FIR/2024/KA05/00089,280,31,2024-08-05,2024,8,chargesheeted,FIR registered for Criminal Intimidation at Swamy Path.,69.0,Other,5,17.227143745613475,76.89217662551094,0,0,1
2955,FIR/2022/KA14/00058,645,29,2022-12-18,2022,12,pending_trial,FIR registered for Mischief at Sarraf Street.,46.0,Female,1,15.543299502965242,75.09571231929515,0,0,1
2956,FIR/2023/KA01/01545,31,14,2023-11-03,2023,11,under_investigation,FIR registered for Forgery at Gulati Nagar.,54.0,Male,5,12.950288861495025,77.5861514424009,0,1,0
2957,FIR/2023/KA17/00054,758,13,2023-03-02,2023,3,under_investigation,FIR registered for Criminal Breach of Trust at Bhagat Street.,25.0,Other,3,14.141898405246014,76.28844155464425,0,1,0
2958,FIR/2023/KA04/00082,237,1,2023-07-17,2023,7,closed,Complaint received regarding theft of mobile phone worth Rs.343270.,32.0,Female,1,15.896193037592983,74.6191831339066,0,0,1
2959,FIR/2023/KA17/00055,756,2,2023-01-16,2023,1,pending_trial,FIR registered for House Breaking & Theft at Singhal Nagar.,64.0,Other,1,14.23551500254082,76.2764682646461,0,0,1
2960,FIR/2022/KA06/00072,338,2,2022-02-12,2022,2,closed,FIR registered for House Breaking & Theft at Gade Road.,54.0,Male,5,12.87145640258136,74.7954580390003,0,0,1
2961,FIR/2022/KA29/00059,1100,12,2022-07-24,2022,7,under_investigation,Accused cheated complainant of Rs.477135 through false promises.,56.0,Male,2,14.427330168219656,75.96572333171497,0,1,0
2962,FIR/2023/KA01/01546,62,21,2023-11-19,2023,11,under_investigation,FIR registered for Dowry Prohibition Act at Talwar Zila.,38.0,Female,4,13.017459326568446,77.51012384609561,0,0,0
2963,FIR/2024/KA09/00047,443,1,2024-12-15,2024,12,pending_trial,Complaint received regarding theft of mobile phone worth Rs.407510.,53.0,Other,3,14.057215455802671,75.55535632149198,0,0,1
2964,FIR/2023/KA01/01547,140,9,2023-06-12,2023,6,chargesheeted,FIR registered for Assault on Women at Sundaram Path.,61.0,Female,3,12.934191621542267,77.50448584459156,0,0,1
2965,FIR/2024/KA01/01548,140,28,2024-01-15,2024,1,closed,FIR registered for Criminal Trespass at Tailor Chowk.,62.0,Other,5,12.944416865121141,77.50621274515075,0,0,1
2966,FIR/2024/KA01/01549,109,28,2024-03-21,2024,3,chargesheeted,FIR registered for Criminal Trespass at Divan Zila.,20.0,Other,1,12.877373275442727,77.62967252745985,0,0,1
2967,FIR/2023/KA27/00097,1004,5,2023-11-01,2023,11,pending_trial,Dead body found at Palla Zila. Prima facie case of murder registered.,22.0,Male,2,16.20836580651025,75.79503500051406,0,0,1
2968,FIR/2022/KA01/01550,99,27,2022-08-12,2022,8,chargesheeted,FIR registered for Hurt/Grievous Hurt at Jani Zila.,35.0,Male,1,13.13404757217111,77.62488784712511,0,0,1
2969,FIR/2023/KA05/00090,295,10,2023-09-14,2023,9,under_investigation,FIR registered for Sexual Harassment at Gole Road.,35.0,Male,4,17.357745318799015,76.6853387805118,0,0,0
2970,FIR/2023/KA09/00048,446,28,2023-08-02,2023,8,chargesheeted,FIR registered for Criminal Trespass at Trivedi Street.,25.0,Male,1,14.03376322699761,75.49193004857331,0,0,1
2971,FIR/2023/KA20/00061,823,6,2023-01-08,2023,1,under_investigation,FIR registered for Attempt to Murder at Kala Road.,60.0,Female,2,12.623960210001801,76.98673092957485,0,0,0
2972,FIR/2023/KA01/01551,162,1,2023-04-05,2023,4,under_investigation,Complaint received regarding theft of laptop worth Rs.350719.,54.0,Other,4,13.060282741232674,77.57431668158743,0,0,0
2973,FIR/2024/KA10/00097,469,17,2024-11-02,2024,11,closed,FIR registered for Cyber Crime - Identity Theft at Gole Circle.,24.0,Female,4,13.425030105965496,77.07591501768825,1,0,1
2974,FIR/2022/KA05/00091,304,1,2022-09-19,2022,9,chargesheeted,Complaint received regarding theft of gold chain worth Rs.216782.,19.0,Female,5,17.29257747906389,76.90099565097013,0,0,1
2975,FIR/2022/KA06/00073,343,8,2022-11-07,2022,11,registered,Victim reported sexual assault incident at Tara Ganj. Medical examination conducted.,33.0,Male,3,13.066381072830819,74.90195859009354,0,0,0
2976,FIR/2023/KA01/01552,155,16,2023-06-04,2023,6,chargesheeted,Victim lost Rs.92058 through online fraud/UPI scam.,23.0,Female,1,12.87531795790843,77.64460708909859,1,0,1
2977,FIR/2023/KA12/00072,550,19,2023-08-09,2023,8,under_investigation,FIR registered for Cyber Crime - Phishing at Mane Nagar.,48.0,Female,1,16.992717195900358,75.82220390577159,1,0,0
2978,FIR/2024/KA13/00061,605,19,2024-12-11,2024,12,under_investigation,FIR registered for Cyber Crime - Phishing at Ramesh Zila.,60.0,Male,2,16.29613788678343,77.40263676115481,1,0,0
2979,FIR/2024/KA05/00092,280,1,2024-05-04,2024,5,chargesheeted,Complaint received regarding theft of mobile phone worth Rs.315311.,19.0,Female,1,17.209058008540172,76.87991786346132,0,0,1
2980,FIR/2024/KA01/01553,135,35,2024-07-21,2024,7,chargesheeted,FIR registered for SC/ST Atrocities Act at Dube Path.,26.0,Male,1,13.104907832117467,77.60967867902731,0,0,1
2981,FIR/2022/KA06/00074,328,6,2022-03-21,2022,3,closed,FIR registered for Attempt to Murder at Bumb Nagar.,41.0,Male,5,12.984925567402177,74.92069156683372,0,0,1
2982,FIR/2023/KA01/01554,123,14,2023-07-04,2023,7,under_investigation,FIR registered for Forgery at Srinivasan Chowk.,57.0,Other,5,13.089284320831696,77.49039032962538,0,1,0
2983,FIR/2024/KA03/00033,207,2,2024-07-26,2024,7,chargesheeted,FIR registered for House Breaking & Theft at Luthra Chowk.,46.0,Female,5,12.40892205015058,76.77617604326737,0,0,1
2984,FIR/2024/KA01/01555,39,33,2024-03-24,2024,3,chargesheeted,FIR registered for Road Accident Death at Ahluwalia.,57.0,Other,3,12.861063481198608,77.6600998968894,0,0,1
2985,FIR/2023/KA04/00083,234,23,2023-04-05,2023,4,under_investigation,FIR registered for Domestic Violence at Bassi Path.,50.0,Male,2,15.849752246702929,74.51495738592294,0,0,0
2986,FIR/2023/KA08/00052,416,10,2023-11-11,2023,11,closed,FIR registered for Sexual Harassment at Sethi.,69.0,Female,3,12.937398845897931,76.03477497245386,0,0,1
2987,FIR/2023/KA05/00093,313,16,2023-11-17,2023,11,under_investigation,Victim lost Rs.428779 through online fraud/UPI scam.,68.0,Female,2,17.346255141364583,76.91768595023005,1,0,0
2988,FIR/2022/KA01/01556,103,12,2022-12-16,2022,12,chargesheeted,Accused cheated complainant of Rs.137703 through false promises.,35.0,Other,4,12.869205732629037,77.4614080195476,0,1,1
2989,FIR/2022/KA01/01557,19,6,2022-01-10,2022,1,under_investigation,FIR registered for Attempt to Murder at Naidu Road.,,Other,5,13.067045588663767,77.47833813822118,0,0,0
2990,FIR/2022/KA01/01558,38,27,2022-07-10,2022,7,chargesheeted,FIR registered for Hurt/Grievous Hurt at Bobal Nagar.,41.0,Male,4,12.990312481062439,77.45734179764735,0,0,1
2991,FIR/2024/KA10/00098,466,8,2024-09-12,2024,9,pending_trial,Victim reported sexual assault incident at Raj Circle. Medical examination conducted.,,Male,2,13.190348336485785,77.05084511882927,0,0,1
2992,FIR/2023/KA01/01559,174,9,2023-05-01,2023,5,chargesheeted,FIR registered for Assault on Women at Rastogi Zila.,56.0,Female,1,12.941427194187781,77.53395260823335,0,0,1
2993,FIR/2022/KA01/01560,137,17,2022-10-27,2022,10,pending_trial,FIR registered for Cyber Crime - Identity Theft at Gokhale Road.,46.0,Other,2,13.068204555729926,77.59150903696172,1,0,1
2994,FIR/2023/KA31/00018,1140,12,2023-11-26,2023,11,under_investigation,Accused cheated complainant of Rs.160529 through false promises.,43.0,Male,2,11.881535849377313,76.8775796967829,0,1,0
2995,FIR/2024/KA11/00099,535,12,2024-04-24,2024,4,chargesheeted,Accused cheated complainant of Rs.160790 through false promises.,56.0,Other,5,15.148997266611737,76.78062450307138,0,1,1
2996,FIR/2022/KA01/01561,163,23,2022-03-15,2022,3,chargesheeted,FIR registered for Domestic Violence at Gaba Ganj.,68.0,Female,5,12.91853209477824,77.7029103526291,0,0,1
2997,FIR/2022/KA20/00062,809,24,2022-12-09,2022,12,under_investigation,FIR registered for NDPS Act at Rau Marg.,40.0,Female,5,12.467964863221399,76.73985102896376,0,0,0
2998,FIR/2024/KA01/01562,53,9,2024-12-07,2024,12,chargesheeted,FIR registered for Assault on Women at Dube Road.,73.0,Other,2,12.920968955344126,77.68736081580386,0,0,1
2999,FIR/2022/KA01/01563,93,13,2022-04-05,2022,4,closed,FIR registered for Criminal Breach of Trust at Misra Zila.,56.0,Male,4,13.095318879975814,77.70439404731076,0,1,1
3000,FIR/2024/KA01/01564,143,17,2024-08-13,2024,8,under_investigation,FIR registered for Cyber Crime - Identity Theft at Sankaran Chowk.,67.0,Other,3,12.979249761340748,77.45081159774077,1,0,0
3001,FIR/2023/KA03/00034,212,27,2023-07-11,2023,7,chargesheeted,FIR registered for Hurt/Grievous Hurt at Deep Road.,32.0,Other,1,12.318459069864621,76.8044289563689,0,0,1
3002,FIR/2023/KA01/01565,15,9,2023-06-01,2023,6,pending_trial,FIR registered for Assault on Women at Char Path.,,Other,3,12.935347837643514,77.63919339924969,0,0,1
3003,FIR/2022/KA27/00098,1040,28,2022-06-06,2022,6,closed,FIR registered for Criminal Trespass at Vala Path.,75.0,Female,4,16.178117766743004,75.70531630017237,0,0,1
3004,FIR/2024/KA01/01566,79,2,2024-04-20,2024,4,under_investigation,FIR registered for House Breaking & Theft at Suri Ganj.,74.0,Female,2,12.877490357785325,77.51445475214776,0,0,0
3005,FIR/2023/KA20/00063,822,25,2023-08-17,2023,8,pending_trial,FIR registered for Arms Act at Rama Chowk.,,Female,1,12.413881572883342,76.76976513673357,0,0,1
3006,FIR/2022/KA01/01567,181,13,2022-01-16,2022,1,chargesheeted,FIR registered for Criminal Breach of Trust at Loyal Chowk.,58.0,Other,3,12.877634373100243,77.71301432719336,0,1,1
3007,FIR/2022/KA01/01568,182,1,2022-07-19,2022,7,chargesheeted,Complaint received regarding theft of laptop worth Rs.419226.,49.0,Male,3,12.841384156779192,77.52895810658188,0,0,1
3008,FIR/2023/KA23/00028,900,24,2023-02-01,2023,2,under_investigation,FIR registered for NDPS Act at Sami Zila.,,Female,2,12.78498484802713,77.1457649984089,0,0,0
3009,FIR/2024/KA03/00035,213,12,2024-06-02,2024,6,chargesheeted,Accused cheated complainant of Rs.446081 through false promises.,72.0,Male,1,12.303689217599564,76.51015303088175,0,1,1
3010,FIR/2024/KA14/00059,659,25,2024-04-09,2024,4,pending_trial,FIR registered for Arms Act at Sandhu Marg.,,Male,4,15.604211665859832,74.91252834200868,0,0,1
3011,FIR/2023/KA01/01569,74,10,2023-10-21,2023,10,closed,FIR registered for Sexual Harassment at Baria Zila.,63.0,Male,1,12.93060282187116,77.46411975329791,0,0,1
3012,FIR/2023/KA01/01570,119,24,2023-03-01,2023,3,chargesheeted,FIR registered for NDPS Act at Om Circle.,25.0,Other,5,13.050914791299517,77.57881317972543,0,0,1
3013,FIR/2024/KA01/01571,50,12,2024-06-06,2024,6,under_investigation,Accused cheated complainant of Rs.303967 through false promises.,26.0,Male,2,12.926733449885386,77.46601210063824,0,1,0
3014,FIR/2023/KA01/01572,81,18,2023-10-25,2023,10,closed,FIR registered for Cyber Crime - Hacking at Tandon Street.,25.0,Female,3,12.894755190260637,77.72189020177817,1,0,1
3015,FIR/2024/KA01/01573,26,14,2024-04-06,2024,4,under_investigation,FIR registered for Forgery at Vohra Circle.,73.0,Male,5,12.827055376377988,77.46017650373247,0,1,0
3016,FIR/2023/KA02/00028,202,29,2023-06-01,2023,6,under_investigation,FIR registered for Mischief at Mannan Zila.,21.0,Female,5,13.301070937913138,77.60304187632157,0,0,0
3017,FIR/2023/KA01/01574,31,33,2023-11-12,2023,11,chargesheeted,FIR registered for Road Accident Death at Sarkar Chowk.,39.0,Male,5,12.945581181130123,77.59083927538138,0,0,1
3018,FIR/2023/KA05/00094,311,27,2023-05-11,2023,5,registered,FIR registered for Hurt/Grievous Hurt at Sridhar Zila.,33.0,Female,4,17.248402982426185,76.88840718414204,0,0,0
3019,FIR/2023/KA11/00100,544,1,2023-03-15,2023,3,under_investigation,Complaint received regarding theft of laptop worth Rs.182794.,25.0,Female,2,15.112595404629609,76.86925619630041,0,0,0
3020,FIR/2022/KA01/01575,52,27,2022-04-21,2022,4,chargesheeted,FIR registered for Hurt/Grievous Hurt at Mital Street.,62.0,Female,4,13.003486462779179,77.63793375751064,0,0,1
3021,FIR/2023/KA11/00101,545,35,2023-07-09,2023,7,chargesheeted,FIR registered for SC/ST Atrocities Act at Virk Ganj.,75.0,Female,1,15.216177794092212,77.08005279886765,0,0,1
3022,FIR/2023/KA04/00084,259,13,2023-12-25,2023,12,closed,FIR registered for Criminal Breach of Trust at Merchant Marg.,75.0,Other,5,15.910837626641815,74.3965330348397,0,1,1
3023,FIR/2024/KA01/01576,171,18,2024-10-17,2024,10,closed,FIR registered for Cyber Crime - Hacking at Batta.,57.0,Male,1,12.831700055565385,77.51690417648072,1,0,1
3024,FIR/2024/KA27/00099,1016,28,2024-07-15,2024,7,chargesheeted,FIR registered for Criminal Trespass at Bose Circle.,57.0,Male,5,16.03823166546737,75.58238700638532,0,0,1
3025,FIR/2024/KA01/01577,168,21,2024-06-07,2024,6,chargesheeted,FIR registered for Dowry Prohibition Act at Varghese Nagar.,31.0,Male,4,12.997958406574837,77.59384296449345,0,0,1
3026,FIR/2023/KA01/01578,141,15,2023-11-20,2023,11,chargesheeted,FIR registered for Counterfeiting at Uppal Zila.,46.0,Other,1,13.106633288423655,77.58494671823118,0,1,1
3027,FIR/2024/KA07/00026,351,22,2024-01-16,2024,1,chargesheeted,FIR registered for POCSO Act at Sachar Marg.,,Other,4,13.423375796144578,74.87231772722646,0,0,1
3028,FIR/2023/KA01/01579,88,24,2023-03-14,2023,3,closed,FIR registered for NDPS Act at Shetty Zila.,67.0,Male,2,12.83235291817499,77.5402767119114,0,0,1
3029,FIR/2023/KA01/01580,97,26,2023-06-25,2023,6,chargesheeted,FIR registered for Riots at Kulkarni.,29.0,Male,2,12.893644398729196,77.52327338654986,0,0,1
3030,FIR/2023/KA10/00099,469,10,2023-09-25,2023,9,under_investigation,FIR registered for Sexual Harassment at Kumar Path.,25.0,Female,2,13.405731460144532,77.05297838518645,0,0,0
3031,FIR/2022/KA08/00053,392,12,2022-06-25,2022,6,under_investigation,Accused cheated complainant of Rs.8621 through false promises.,39.0,Female,5,12.972690295937795,76.18518653763894,0,1,0
3032,FIR/2024/KA28/00033,1065,16,2024-01-23,2024,1,pending_trial,Victim lost Rs.111002 through online fraud/UPI scam.,,Male,4,14.92197511233754,74.6905189256869,1,0,1
3033,FIR/2023/KA01/01581,148,11,2023-10-17,2023,10,under_investigation,FIR registered for Kidnapping & Abduction at Shere Zila.,69.0,Female,1,13.11593868142579,77.51645872553262,0,0,0
3034,FIR/2023/KA01/01582,147,16,2023-07-02,2023,7,registered,Victim lost Rs.497118 through online fraud/UPI scam.,,Female,2,12.832086822303259,77.7295915888508,1,0,0
3035,FIR/2023/KA01/01583,179,1,2023-01-26,2023,1,under_investigation,Complaint received regarding theft of cash worth Rs.46599.,75.0,Female,2,12.870932771868175,77.44635231589868,0,0,0
3036,FIR/2024/KA01/01584,61,1,2024-11-24,2024,11,chargesheeted,Complaint received regarding theft of laptop worth Rs.129970.,73.0,Male,3,13.046258404613855,77.67206691544538,0,0,1
3037,FIR/2023/KA07/00027,362,21,2023-05-27,2023,5,registered,FIR registered for Dowry Prohibition Act at Murthy Road.,45.0,Female,1,13.28491092075504,74.78053479889975,0,0,0
3038,FIR/2024/KA25/00049,957,19,2024-09-24,2024,9,chargesheeted,FIR registered for Cyber Crime - Phishing at Sha.,41.0,Male,1,17.90155870188714,77.67386571978415,1,0,1
3039,FIR/2024/KA01/01585,133,15,2024-10-17,2024,10,chargesheeted,FIR registered for Counterfeiting at Lanka Chowk.,61.0,Other,2,12.944663310026943,77.4497213288642,0,1,1
3040,FIR/2022/KA20/00064,824,2,2022-04-23,2022,4,under_investigation,FIR registered for House Breaking & Theft at Grover Path.,54.0,Male,1,12.546224038935984,77.03315503312866,0,0,0
3041,FIR/2024/KA01/01586,103,8,2024-04-28,2024,4,pending_trial,Victim reported sexual assault incident at Goyal Ganj. Medical examination conducted.,34.0,Female,4,12.876759172999996,77.46971874649947,0,0,1
3042,FIR/2022/KA01/01587,12,1,2022-02-12,2022,2,closed,Complaint received regarding theft of gold chain worth Rs.62914.,42.0,Female,1,13.024840035589351,77.4550545903857,0,0,1
3043,FIR/2024/KA01/01588,72,3,2024-10-27,2024,10,under_investigation,Complainant robbed at Saraf Zila by 1 armed persons.,70.0,Other,3,12.819218324513487,77.63706431792804,0,0,0
3044,FIR/2023/KA05/00095,293,1,2023-08-26,2023,8,closed,Complaint received regarding theft of laptop worth Rs.399178.,70.0,Female,4,17.207810675255082,76.84990510898176,0,0,1
3045,FIR/2024/KA01/01589,147,1,2024-08-13,2024,8,registered,Complaint received regarding theft of gold chain worth Rs.70914.,65.0,Female,2,12.845630620798763,77.72422004428051,0,0,0
3046,FIR/2024/KA11/00102,524,23,2024-06-06,2024,6,registered,FIR registered for Domestic Violence at Arya Zila.,52.0,Other,4,15.105640789605605,76.90915238563584,0,0,0
3047,FIR/2024/KA01/01590,1,4,2024-09-16,2024,9,pending_trial,FIR registered for Dacoity at Sood Street.,27.0,Male,1,13.041309988404812,77.52554556174202,0,0,1
3048,FIR/2024/KA25/00050,947,1,2024-09-12,2024,9,chargesheeted,Complaint received regarding theft of laptop worth Rs.471831.,52.0,Female,2,17.902408190961776,77.41435078209577,0,0,1
3049,FIR/2022/KA16/00051,718,27,2022-11-09,2022,11,registered,FIR registered for Hurt/Grievous Hurt at Sur.,44.0,Female,2,14.767368250108904,75.33048315810318,0,0,0
3050,FIR/2024/KA12/00073,579,15,2024-02-09,2024,2,under_investigation,FIR registered for Counterfeiting at Patel Road.,70.0,Male,2,16.80723089476127,75.73596851026505,0,1,0
3051,FIR/2023/KA05/00096,303,35,2023-02-04,2023,2,closed,FIR registered for SC/ST Atrocities Act at Mittal Marg.,34.0,Other,5,17.42086133097003,76.80484180819957,0,0,1
3052,FIR/2024/KA06/00075,347,14,2024-06-12,2024,6,under_investigation,FIR registered for Forgery at Dass Zila.,24.0,Female,1,12.837561204397456,74.71933472592086,0,1,0
3053,FIR/2024/KA01/01591,28,16,2024-08-09,2024,8,under_investigation,Victim lost Rs.115688 through online fraud/UPI scam.,,Female,5,13.135623795623006,77.59132275470465,1,0,0
3054,FIR/2024/KA14/00060,673,17,2024-09-15,2024,9,chargesheeted,FIR registered for Cyber Crime - Identity Theft at Choudhury Ganj.,43.0,Female,5,15.422773047097856,74.99063371919662,1,0,1
3055,FIR/2023/KA27/00100,1024,1,2023-11-07,2023,11,closed,Complaint received regarding theft of cash worth Rs.378318.,65.0,Other,4,16.3299827805178,75.82147866998147,0,0,1
3056,FIR/2023/KA01/01592,9,10,2023-11-18,2023,11,pending_trial,FIR registered for Sexual Harassment at Kadakia Nagar.,62.0,Male,5,12.905545114412657,77.46096116835629,0,0,1
3057,FIR/2022/KA25/00051,961,28,2022-02-25,2022,2,closed,FIR registered for Criminal Trespass at Dhillon Chowk.,56.0,Female,4,17.868200205036544,77.60098911585334,0,0,1
3058,FIR/2023/KA01/01593,34,17,2023-10-07,2023,10,under_investigation,FIR registered for Cyber Crime - Identity Theft at Sarin Ganj.,73.0,Female,1,13.003700855296046,77.49404618912457,1,0,0
3059,FIR/2024/KA01/01594,96,30,2024-04-14,2024,4,chargesheeted,FIR registered for Extortion at Halder Circle.,,Male,2,13.073960157532468,77.72321891954158,0,0,1
3060,FIR/2023/KA01/01595,145,29,2023-08-27,2023,8,registered,FIR registered for Mischief at Mitra Zila.,65.0,Other,2,13.120428375638792,77.55858390847469,0,0,0
3061,FIR/2022/KA12/00074,575,14,2022-11-15,2022,11,under_investigation,FIR registered for Forgery at Divan Chowk.,54.0,Male,3,16.79605047607322,75.85634638731948,0,1,0
3062,FIR/2024/KA27/00101,998,13,2024-07-06,2024,7,closed,FIR registered for Criminal Breach of Trust at Sami Chowk.,24.0,Female,3,16.26054591642381,75.54863264992004,0,1,1
3063,FIR/2022/KA01/01596,132,1,2022-04-20,2022,4,under_investigation,Complaint received regarding theft of gold chain worth Rs.24120.,64.0,Male,4,13.018655069484184,77.45349229407739,0,0,0
3064,FIR/2023/KA01/01597,178,22,2023-09-03,2023,9,pending_trial,FIR registered for POCSO Act at Dua Street.,38.0,Female,5,13.126021701770023,77.70791636600751,0,0,1
3065,FIR/2024/KA11/00103,514,22,2024-02-22,2024,2,under_investigation,FIR registered for POCSO Act at Sundaram Chowk.,51.0,Female,2,15.280503941385051,77.0539000074071,0,0,0
3066,FIR/2023/KA01/01598,177,32,2023-08-09,2023,8,under_investigation,FIR registered for Missing Person at Bahri Chowk.,50.0,Male,5,13.044562041194277,77.7528608339749,0,0,0
3067,FIR/2023/KA01/01599,162,2,2023-10-26,2023,10,chargesheeted,FIR registered for House Breaking & Theft at Kibe Chowk.,,Male,1,13.034953940558939,77.58885142811847,0,0,1
3068,FIR/2022/KA01/01600,16,19,2022-08-16,2022,8,under_investigation,FIR registered for Cyber Crime - Phishing at Menon Ganj.,62.0,Other,2,13.033559107185548,77.61250774604122,1,0,0
3069,FIR/2023/KA01/01601,110,25,2023-08-16,2023,8,chargesheeted,FIR registered for Arms Act at Ramanathan.,34.0,Female,4,13.075036863604776,77.61434495175381,0,0,1
3070,FIR/2024/KA01/01602,87,2,2024-06-16,2024,6,pending_trial,FIR registered for House Breaking & Theft at Nath Nagar.,24.0,Female,4,12.851653376202025,77.54118397906218,0,0,1
3071,FIR/2023/KA01/01603,47,13,2023-07-14,2023,7,under_investigation,FIR registered for Criminal Breach of Trust at Chauhan Nagar.,69.0,Other,2,13.083779658877091,77.45302628376635,0,1,0
3072,FIR/2024/KA11/00104,503,19,2024-12-02,2024,12,closed,FIR registered for Cyber Crime - Phishing at Sagar Marg.,24.0,Male,3,15.282527260397794,76.96915433731073,1,0,1
3073,FIR/2023/KA01/01604,17,9,2023-04-19,2023,4,registered,FIR registered for Assault on Women at Mannan Chowk.,75.0,Female,4,12.893969170822663,77.57188673541381,0,0,0
3074,FIR/2023/KA01/01605,53,9,2023-10-03,2023,10,closed,FIR registered for Assault on Women at Sura Nagar.,25.0,Other,5,12.907776689839137,77.72255787946224,0,0,1
3075,FIR/2023/KA03/00036,226,21,2023-06-20,2023,6,under_investigation,FIR registered for Dowry Prohibition Act at Sunder Marg.,23.0,Female,2,12.303148031519703,76.6969578152275,0,0,0
3076,FIR/2023/KA11/00105,548,10,2023-07-22,2023,7,under_investigation,FIR registered for Sexual Harassment at Sura Circle.,64.0,Other,3,15.255687599712623,76.79313132608958,0,0,0
3077,FIR/2022/KA04/00085,261,1,2022-12-09,2022,12,closed,Complaint received regarding theft of two-wheeler worth Rs.211503.,43.0,Female,3,15.799197202931602,74.4000724862567,0,0,1
3078,FIR/2024/KA01/01606,150,35,2024-12-25,2024,12,chargesheeted,FIR registered for SC/ST Atrocities Act at Bahl Circle.,28.0,Other,1,12.892250623876206,77.65297454178156,0,0,1
3079,FIR/2024/KA01/01607,32,28,2024-03-06,2024,3,pending_trial,FIR registered for Criminal Trespass at Mutti Marg.,47.0,Other,1,12.914504140043736,77.59506683725883,0,0,1
3080,FIR/2023/KA08/00054,379,27,2023-08-18,2023,8,under_investigation,FIR registered for Hurt/Grievous Hurt at Bhatt Circle.,31.0,Male,5,12.992822393907826,75.98353889344152,0,0,0
3081,FIR/2023/KA01/01608,80,16,2023-01-02,2023,1,chargesheeted,Victim lost Rs.353966 through online fraud/UPI scam.,26.0,Female,5,12.891914371309657,77.63183614297884,1,0,1
3082,FIR/2024/KA04/00086,256,17,2024-08-15,2024,8,closed,FIR registered for Cyber Crime - Identity Theft at Dada Chowk.,25.0,Female,2,15.925361599309584,74.58991464764186,1,0,1
3083,FIR/2024/KA25/00052,944,29,2024-08-21,2024,8,registered,FIR registered for Mischief at Palan Chowk.,32.0,Male,3,17.971263815682217,77.38535728230397,0,0,0
3084,FIR/2022/KA27/00102,1027,1,2022-11-14,2022,11,closed,Complaint received regarding theft of cash worth Rs.154446.,65.0,Female,2,16.219852876758424,75.75748557562751,0,0,1
3085,FIR/2023/KA01/01609,178,28,2023-08-07,2023,8,under_investigation,FIR registered for Criminal Trespass at Edwin Nagar.,64.0,Female,4,13.11850825590021,77.68985319154375,0,0,0
3086,FIR/2022/KA12/00075,593,1,2022-12-27,2022,12,chargesheeted,Complaint received regarding theft of cash worth Rs.219112.,18.0,Male,2,16.691155564222733,75.70962813259601,0,0,1
3087,FIR/2023/KA12/00076,567,2,2023-06-05,2023,6,under_investigation,FIR registered for House Breaking & Theft at Padmanabhan Chowk.,58.0,Male,1,16.8026041893432,75.80119223428679,0,0,0
3088,FIR/2024/KA01/01610,95,11,2024-03-11,2024,3,under_investigation,FIR registered for Kidnapping & Abduction at Kata Chowk.,55.0,Other,3,12.901897162370783,77.6774944044758,0,0,0
3089,FIR/2022/KA01/01611,132,16,2022-11-05,2022,11,under_investigation,Victim lost Rs.221642 through online fraud/UPI scam.,36.0,Male,4,13.025801397841336,77.44616570589712,1,0,0
3090,FIR/2024/KA16/00052,707,12,2024-10-28,2024,10,chargesheeted,Accused cheated complainant of Rs.45621 through false promises.,27.0,Male,5,14.867299589621169,75.45315439007048,0,1,1
3091,FIR/2024/KA12/00077,557,3,2024-10-25,2024,10,under_investigation,Complainant robbed at Sidhu by 2 armed persons.,28.0,Other,3,16.676120493047403,75.79081396615138,0,0,0
3092,FIR/2022/KA08/00055,389,12,2022-11-22,2022,11,pending_trial,Accused cheated complainant of Rs.302672 through false promises.,53.0,Female,1,12.997370611500878,76.19283371594622,0,1,1
3093,FIR/2022/KA27/00103,1025,24,2022-11-22,2022,11,chargesheeted,FIR registered for NDPS Act at Saha Marg.,47.0,Other,2,16.0589102340251,75.77535184110918,0,0,1
3094,FIR/2024/KA01/01612,122,27,2024-08-13,2024,8,chargesheeted,FIR registered for Hurt/Grievous Hurt at Sodhi Path.,46.0,Other,2,13.101418154439761,77.59595654358546,0,0,1
3095,FIR/2024/KA13/00062,625,13,2024-07-13,2024,7,chargesheeted,FIR registered for Criminal Breach of Trust at Johal Street.,70.0,Male,5,16.119169303013948,77.31936746444929,0,1,1
3096,FIR/2024/KA01/01613,139,3,2024-07-17,2024,7,under_investigation,Complainant robbed at Chadha Road by 1 armed persons.,39.0,Other,2,12.960660915090063,77.56658546612547,0,0,0
3097,FIR/2023/KA29/00060,1092,9,2023-03-19,2023,3,chargesheeted,FIR registered for Assault on Women at Dayal Chowk.,72.0,Male,2,14.460553761543126,75.83666645593749,0,0,1
3098,FIR/2024/KA10/00100,485,16,2024-06-15,2024,6,closed,Victim lost Rs.260769 through online fraud/UPI scam.,37.0,Other,4,13.258926476798385,77.1525095058391,1,0,1
3099,FIR/2024/KA13/00063,618,1,2024-10-23,2024,10,under_investigation,Complaint received regarding theft of mobile phone worth Rs.386501.,30.0,Other,2,16.237969612478146,77.42142022234202,0,0,0
3100,FIR/2024/KA13/00064,601,28,2024-07-14,2024,7,under_investigation,FIR registered for Criminal Trespass at Sagar Zila.,37.0,Other,4,16.114039365239517,77.38739888987766,0,0,0
3101,FIR/2023/KA20/00065,829,1,2023-07-28,2023,7,chargesheeted,Complaint received regarding theft of two-wheeler worth Rs.268273.,65.0,Other,5,12.60218415597882,76.93139886311216,0,0,1
3102,FIR/2022/KA21/00037,871,2,2022-10-06,2022,10,under_investigation,FIR registered for House Breaking & Theft at Kadakia Ganj.,66.0,Male,5,13.000513063483293,78.0964356586853,0,0,0
3103,FIR/2022/KA14/00061,666,27,2022-07-20,2022,7,chargesheeted,FIR registered for Hurt/Grievous Hurt at Batta Circle.,37.0,Female,1,15.392460774393035,74.99831467583925,0,0,1
3104,FIR/2023/KA20/00066,825,22,2023-04-23,2023,4,chargesheeted,FIR registered for POCSO Act at Parmer Nagar.,25.0,Female,5,12.539336063537661,76.84528120683531,0,0,1
3105,FIR/2022/KA17/00056,761,12,2022-07-19,2022,7,registered,Accused cheated complainant of Rs.343376 through false promises.,49.0,Other,2,14.353933511265318,76.30608485301514,0,1,0
3106,FIR/2023/KA01/01614,103,16,2023-01-03,2023,1,closed,Victim lost Rs.88856 through online fraud/UPI scam.,,Male,1,12.878670968687887,77.4525985421394,1,0,1
3107,FIR/2023/KA16/00053,708,27,2023-01-01,2023,1,chargesheeted,FIR registered for Hurt/Grievous Hurt at Balay Circle.,31.0,Male,2,14.843981636408593,75.51707080524486,0,0,1
3108,FIR/2022/KA14/00062,652,2,2022-11-25,2022,11,chargesheeted,FIR registered for House Breaking & Theft at Nazareth Zila.,29.0,Male,2,15.50770936463806,74.8950456392082,0,0,1
3109,FIR/2022/KA21/00038,865,1,2022-02-18,2022,2,chargesheeted,Complaint received regarding theft of laptop worth Rs.258706.,,Male,2,13.20518900566163,78.13400580783909,0,0,1
3110,FIR/2024/KA11/00106,514,12,2024-04-04,2024,4,chargesheeted,Accused cheated complainant of Rs.259781 through false promises.,54.0,Other,1,15.250695102049338,77.04026712685081,0,1,1
3111,FIR/2023/KA01/01615,107,1,2023-02-21,2023,2,chargesheeted,Complaint received regarding theft of mobile phone worth Rs.247700.,71.0,Male,2,12.876548440389522,77.72861143953612,0,0,1
3112,FIR/2023/KA05/00097,313,12,2023-09-08,2023,9,under_investigation,Accused cheated complainant of Rs.416124 through false promises.,22.0,Female,3,17.360681306978705,76.91864379828172,0,1,0
3113,FIR/2022/KA21/00039,871,32,2022-10-04,2022,10,under_investigation,FIR registered for Missing Person at Pant Path.,,Female,2,13.007425547617723,78.0830850202209,0,0,0
3114,FIR/2024/KA01/01616,166,16,2024-01-28,2024,1,under_investigation,Victim lost Rs.331759 through online fraud/UPI scam.,64.0,Other,5,12.899490811155394,77.6056478053073,1,0,0
3115,FIR/2024/KA31/00019,1146,3,2024-12-07,2024,12,under_investigation,Complainant robbed at Varma Street by 1 armed persons.,31.0,Male,1,11.950559581589838,77.08466552953142,0,0,0
3116,FIR/2022/KA01/01617,136,1,2022-01-12,2022,1,closed,Complaint received regarding theft of two-wheeler worth Rs.98296.,52.0,Male,2,12.93445764329005,77.68080822865006,0,0,1
3117,FIR/2022/KA01/01618,166,14,2022-03-23,2022,3,chargesheeted,FIR registered for Forgery at Sarma Nagar.,20.0,Male,1,12.907913702429683,77.57481412673134,0,1,1
3118,FIR/2023/KA11/00107,502,9,2023-08-19,2023,8,under_investigation,FIR registered for Assault on Women at Choudhry Chowk.,42.0,Female,1,15.197662558005959,76.84589431143719,0,0,0
3119,FIR/2023/KA01/01619,108,2,2023-07-15,2023,7,chargesheeted,FIR registered for House Breaking & Theft at Chaudry Zila.,47.0,Other,5,12.94057538027598,77.55074797564062,0,0,1
3120,FIR/2022/KA01/01620,84,16,2022-10-01,2022,10,under_investigation,Victim lost Rs.179636 through online fraud/UPI scam.,73.0,Female,2,12.984396409671076,77.56226047567097,1,0,0
3121,FIR/2024/KA02/00029,185,2,2024-01-06,2024,1,under_investigation,FIR registered for House Breaking & Theft at Cheema Circle.,,Other,3,13.269983628771518,77.48480320173525,0,0,0
3122,FIR/2023/KA13/00065,604,1,2023-05-22,2023,5,registered,Complaint received regarding theft of two-wheeler worth Rs.45686.,21.0,Other,3,16.055532746194647,77.19202907694202,0,0,0
3123,FIR/2022/KA01/01621,26,18,2022-06-01,2022,6,chargesheeted,FIR registered for Cyber Crime - Hacking at Pathak Ganj.,44.0,Female,4,12.818226389880385,77.4887617648484,1,0,1
3124,FIR/2024/KA04/00087,238,16,2024-09-09,2024,9,chargesheeted,Victim lost Rs.263021 through online fraud/UPI scam.,53.0,Other,2,15.879634547120958,74.63995846377132,1,0,1
3125,FIR/2023/KA05/00098,274,17,2023-07-09,2023,7,chargesheeted,FIR registered for Cyber Crime - Identity Theft at Toor Chowk.,63.0,Male,1,17.193206024538153,76.68200082304676,1,0,1
3126,FIR/2023/KA27/00104,1037,26,2023-03-15,2023,3,chargesheeted,FIR registered for Riots at Chaudhary Chowk.,54.0,Male,1,16.286147032635213,75.59569673983543,0,0,1
3127,FIR/2024/KA20/00067,806,12,2024-04-05,2024,4,registered,Accused cheated complainant of Rs.52181 through false promises.,,Male,3,12.542133535489553,77.0015656461106,0,1,0
3128,FIR/2024/KA17/00057,745,2,2024-07-18,2024,7,registered,FIR registered for House Breaking & Theft at Devi Path.,29.0,Female,1,14.222040189959406,76.29152763834445,0,0,0
3129,FIR/2023/KA01/01622,105,9,2023-11-16,2023,11,chargesheeted,FIR registered for Assault on Women at Jaggi Zila.,64.0,Male,4,13.024671954269259,77.49942607998452,0,0,1
3130,FIR/2022/KA12/00078,558,3,2022-09-12,2022,9,pending_trial,Complainant robbed at Sagar Chowk by 4 armed persons.,53.0,Female,2,16.847358211215425,75.76989859444342,0,0,1
3131,FIR/2022/KA11/00108,542,2,2022-05-27,2022,5,registered,FIR registered for House Breaking & Theft at Korpal Nagar.,52.0,Other,1,15.028910346447008,76.90020534907922,0,0,0
3132,FIR/2023/KA01/01623,86,12,2023-11-17,2023,11,under_investigation,Accused cheated complainant of Rs.484154 through false promises.,,Female,3,13.079927040189409,77.61934690238397,0,1,0
3133,FIR/2024/KA01/01624,16,20,2024-12-13,2024,12,chargesheeted,FIR registered for Dowry Death at Tiwari Road.,39.0,Male,3,13.018590773783417,77.63685073991829,0,0,1
3134,FIR/2023/KA01/01625,116,9,2023-02-16,2023,2,registered,FIR registered for Assault on Women at Chada Street.,37.0,Female,1,13.064220442816824,77.64576583881224,0,0,0
3135,FIR/2022/KA08/00056,409,2,2022-08-25,2022,8,closed,FIR registered for House Breaking & Theft at Pradhan Road.,53.0,Male,3,12.941352743675106,76.16618727154602,0,0,1
3136,FIR/2023/KA20/00068,835,6,2023-04-10,2023,4,chargesheeted,FIR registered for Attempt to Murder at Patel Marg.,38.0,Male,2,12.385405748141668,76.91065224547759,0,0,1
3137,FIR/2023/KA21/00040,859,21,2023-11-19,2023,11,chargesheeted,FIR registered for Dowry Prohibition Act at Doshi Ganj.,53.0,Female,2,13.059450436405168,78.23040525200832,0,0,1
3138,FIR/2024/KA10/00101,498,1,2024-03-15,2024,3,pending_trial,Complaint received regarding theft of cash worth Rs.323601.,64.0,Female,4,13.486915966842075,77.17257963555238,0,0,1
3139,FIR/2024/KA01/01626,175,27,2024-03-23,2024,3,pending_trial,FIR registered for Hurt/Grievous Hurt at Devi Ganj.,43.0,Other,4,12.867192927811702,77.48472306797836,0,0,1
3140,FIR/2023/KA27/00105,994,30,2023-09-10,2023,9,closed,FIR registered for Extortion at Sachdev Marg.,61.0,Female,2,16.151988446251046,75.5671977467148,0,0,1
3141,FIR/2024/KA01/01627,130,13,2024-12-25,2024,12,under_investigation,FIR registered for Criminal Breach of Trust at Shanker Marg.,53.0,Other,5,12.903970317840312,77.52427395241656,0,1,0
3142,FIR/2024/KA23/00029,892,3,2024-03-26,2024,3,pending_trial,Complainant robbed at Pathak Circle by 3 armed persons.,73.0,Male,2,12.669968503847521,77.39355016550105,0,0,1
3143,FIR/2024/KA16/00054,729,34,2024-07-21,2024,7,under_investigation,FIR registered for Immoral Traffic Act at Savant Nagar.,35.0,Male,1,14.70074512889527,75.53307909428561,0,0,0
3144,FIR/2022/KA01/01628,101,1,2022-02-12,2022,2,under_investigation,Complaint received regarding theft of two-wheeler worth Rs.138916.,73.0,Female,2,12.996617061566868,77.56029443952082,0,0,0
3145,FIR/2024/KA01/01629,105,18,2024-09-18,2024,9,under_investigation,FIR registered for Cyber Crime - Hacking at Boase Circle.,36.0,Female,3,13.037263251506767,77.51567950470202,1,0,0
3146,FIR/2022/KA25/00053,938,19,2022-02-24,2022,2,pending_trial,FIR registered for Cyber Crime - Phishing at Nigam Zila.,27.0,Male,1,17.994663116108413,77.46304235857139,1,0,1
3147,FIR/2023/KA01/01630,67,1,2023-10-09,2023,10,under_investigation,Complaint received regarding theft of cash worth Rs.179299.,28.0,Male,5,12.943992144162713,77.71905030476822,0,0,0
3148,FIR/2023/KA01/01631,180,1,2023-11-25,2023,11,under_investigation,Complaint received regarding theft of two-wheeler worth Rs.270115.,22.0,Male,5,12.819704738896792,77.48010609969361,0,0,0
3149,FIR/2023/KA01/01632,65,19,2023-07-09,2023,7,closed,FIR registered for Cyber Crime - Phishing at Ramaswamy Nagar.,36.0,Male,5,12.984787275075925,77.4617083285676,1,0,1
3150,FIR/2024/KA01/01633,178,12,2024-08-06,2024,8,under_investigation,Accused cheated complainant of Rs.174454 through false promises.,57.0,Other,5,13.1310390973763,77.68937528758332,0,1,0
3151,FIR/2024/KA01/01634,77,16,2024-11-19,2024,11,closed,Victim lost Rs.130758 through online fraud/UPI scam.,,Female,1,13.057174622877772,77.55367688871284,1,0,1
3152,FIR/2023/KA05/00099,284,33,2023-11-03,2023,11,closed,FIR registered for Road Accident Death at Merchant Circle.,54.0,Male,2,17.26170166667378,76.99926042548798,0,0,1
3153,FIR/2023/KA01/01635,167,1,2023-09-06,2023,9,under_investigation,Complaint received regarding theft of two-wheeler worth Rs.44961.,23.0,Male,3,12.919882078381209,77.70069040267805,0,0,0
3154,FIR/2023/KA01/01636,104,2,2023-04-24,2023,4,chargesheeted,FIR registered for House Breaking & Theft at Modi Circle.,65.0,Male,1,13.116109646875337,77.61141217407315,0,0,1
3155,FIR/2024/KA04/00088,246,1,2024-01-14,2024,1,under_investigation,Complaint received regarding theft of cash worth Rs.209082.,42.0,Other,4,15.872241822786197,74.46029795632205,0,0,0
3156,FIR/2023/KA08/00057,404,2,2023-05-20,2023,5,under_investigation,FIR registered for House Breaking & Theft at Mammen Nagar.,49.0,Other,1,13.045469299442459,76.17567316860935,0,0,0
3157,FIR/2023/KA11/00109,549,16,2023-02-28,2023,2,closed,Victim lost Rs.48790 through online fraud/UPI scam.,24.0,Male,2,15.035678844123073,76.9181297258427,1,0,1
3158,FIR/2024/KA01/01637,116,18,2024-04-03,2024,4,under_investigation,FIR registered for Cyber Crime - Hacking at Sehgal Marg.,29.0,Female,2,13.049257873648273,77.65889321070486,1,0,0
3159,FIR/2023/KA10/00102,483,1,2023-09-14,2023,9,closed,Complaint received regarding theft of cash worth Rs.123927.,29.0,Male,5,13.328921428100754,77.22431893440827,0,0,1
3160,FIR/2024/KA23/00030,913,1,2024-12-23,2024,12,chargesheeted,Complaint received regarding theft of gold chain worth Rs.78929.,,Female,5,12.647129180232422,77.2514990682846,0,0,1
3161,FIR/2024/KA27/00106,1037,1,2024-10-27,2024,10,chargesheeted,Complaint received regarding theft of laptop worth Rs.269899.,21.0,Other,1,16.263713703528396,75.584941582642,0,0,1
3162,FIR/2023/KA01/01638,131,28,2023-05-05,2023,5,under_investigation,FIR registered for Criminal Trespass at Bansal Zila.,49.0,Male,2,12.853995263110859,77.49117940634315,0,0,0
3163,FIR/2024/KA01/01639,159,19,2024-07-03,2024,7,chargesheeted,FIR registered for Cyber Crime - Phishing at Natt Circle.,63.0,Female,5,12.861609507675631,77.73682089542999,1,0,1
3164,FIR/2022/KA01/01640,13,18,2022-08-11,2022,8,chargesheeted,FIR registered for Cyber Crime - Hacking at Date Marg.,56.0,Other,2,13.120887335896736,77.68234359054685,1,0,1
3165,FIR/2023/KA01/01641,125,11,2023-06-16,2023,6,chargesheeted,FIR registered for Kidnapping & Abduction at Zachariah Circle.,45.0,Male,4,13.040650318825213,77.58240138690772,0,0,1
3166,FIR/2022/KA01/01642,120,1,2022-01-12,2022,1,chargesheeted,Complaint received regarding theft of cash worth Rs.147917.,67.0,Female,2,13.02120902105274,77.46527262985646,0,0,1
3167,FIR/2024/KA01/01643,12,13,2024-06-26,2024,6,chargesheeted,FIR registered for Criminal Breach of Trust at Vaidya Zila.,67.0,Other,4,13.037730888969637,77.47690020912096,0,1,1
3168,FIR/2024/KA01/01644,42,35,2024-07-23,2024,7,registered,FIR registered for SC/ST Atrocities Act at Muni Circle.,61.0,Female,4,13.028863644684183,77.65100678465326,0,0,0
3169,FIR/2024/KA09/00049,431,19,2024-02-26,2024,2,under_investigation,FIR registered for Cyber Crime - Phishing at Oak Circle.,28.0,Other,2,13.908620583658337,75.45797541354113,1,0,0
3170,FIR/2024/KA01/01645,39,16,2024-05-04,2024,5,chargesheeted,Victim lost Rs.453059 through online fraud/UPI scam.,36.0,Male,5,12.83632559499367,77.68422812048964,1,0,1
3171,FIR/2022/KA06/00076,327,27,2022-11-08,2022,11,under_investigation,FIR registered for Hurt/Grievous Hurt at Zacharia Nagar.,35.0,Other,2,12.942722179866815,74.70643227189271,0,0,0
3172,FIR/2023/KA11/00110,508,16,2023-12-19,2023,12,under_investigation,Victim lost Rs.383921 through online fraud/UPI scam.,41.0,Female,4,15.285752057235094,77.03435362828358,1,0,0
3173,FIR/2024/KA01/01646,123,19,2024-05-18,2024,5,closed,FIR registered for Cyber Crime - Phishing at Modi Ganj.,28.0,Male,3,13.114369454011014,77.4907868123938,1,0,1
3174,FIR/2023/KA01/01647,178,27,2023-05-14,2023,5,chargesheeted,FIR registered for Hurt/Grievous Hurt at Tiwari Marg.,,Female,3,13.126667331129163,77.70847300540287,0,0,1
3175,FIR/2022/KA01/01648,37,1,2022-08-19,2022,8,closed,Complaint received regarding theft of two-wheeler worth Rs.330669.,66.0,Female,3,13.086194809878501,77.52521502300482,0,0,1
3176,FIR/2024/KA01/01649,137,10,2024-10-13,2024,10,chargesheeted,FIR registered for Sexual Harassment at Lad Path.,70.0,Male,5,13.065895763352515,77.58758789744641,0,0,1
3177,FIR/2022/KA12/00079,585,1,2022-01-02,2022,1,chargesheeted,Complaint received regarding theft of mobile phone worth Rs.184562.,36.0,Male,4,16.78172927512282,75.66674715310222,0,0,1
3178,FIR/2022/KA01/01650,99,16,2022-06-08,2022,6,closed,Victim lost Rs.183629 through online fraud/UPI scam.,30.0,Other,5,13.130774877758645,77.600469642518,1,0,1
3179,FIR/2024/KA01/01651,49,35,2024-04-11,2024,4,under_investigation,FIR registered for SC/ST Atrocities Act at Sen Zila.,64.0,Female,2,12.973783622179246,77.56878303153346,0,0,0
3180,FIR/2023/KA01/01652,65,12,2023-06-05,2023,6,registered,Accused cheated complainant of Rs.112213 through false promises.,22.0,Male,5,12.984890732830698,77.46268708139087,0,1,0
3181,FIR/2022/KA14/00063,672,16,2022-04-15,2022,4,under_investigation,Victim lost Rs.346157 through online fraud/UPI scam.,56.0,Male,2,15.575352743017312,74.99775767399515,1,0,0
3182,FIR/2022/KA12/00080,579,12,2022-02-23,2022,2,pending_trial,Accused cheated complainant of Rs.257163 through false promises.,69.0,Female,1,16.81409431990445,75.70818829658312,0,1,1
3183,FIR/2023/KA01/01653,135,16,2023-12-26,2023,12,chargesheeted,Victim lost Rs.269557 through online fraud/UPI scam.,23.0,Other,3,13.075789040520798,77.62341466106973,1,0,1
3184,FIR/2022/KA01/01654,87,12,2022-07-02,2022,7,chargesheeted,Accused cheated complainant of Rs.335543 through false promises.,,Female,5,12.835760492350184,77.5632414495177,0,1,1
3185,FIR/2022/KA14/00064,637,2,2022-11-03,2022,11,registered,FIR registered for House Breaking & Theft at Dey Road.,64.0,Female,4,15.618749702905204,74.90996189695065,0,0,0
3186,FIR/2024/KA10/00103,459,25,2024-08-08,2024,8,closed,FIR registered for Arms Act at Venkatesh Marg.,40.0,Female,3,13.352627967441522,77.06216000914877,0,0,1
3187,FIR/2024/KA01/01655,177,2,2024-04-09,2024,4,closed,FIR registered for House Breaking & Theft at Cheema Ganj.,62.0,Female,2,13.033305127601242,77.7471451488329,0,0,1
3188,FIR/2024/KA11/00111,520,5,2024-02-04,2024,2,pending_trial,Dead body found at Varty Path. Prima facie case of murder registered.,41.0,Male,2,15.103437410211,76.8614012489917,0,0,1
3189,FIR/2024/KA01/01656,38,31,2024-12-25,2024,12,under_investigation,FIR registered for Criminal Intimidation at Hans.,61.0,Other,1,12.984260041962923,77.47442000857782,0,0,0
3190,FIR/2024/KA11/00112,504,33,2024-06-11,2024,6,closed,FIR registered for Road Accident Death at Sha Path.,34.0,Male,4,15.197211582545842,76.85501067787844,0,0,1
3191,FIR/2022/KA01/01657,69,13,2022-01-13,2022,1,chargesheeted,FIR registered for Criminal Breach of Trust at Din Zila.,37.0,Female,5,12.990268479017788,77.52579846244531,0,1,1
3192,FIR/2023/KA01/01658,140,24,2023-07-10,2023,7,chargesheeted,FIR registered for NDPS Act at Sabharwal Marg.,47.0,Other,5,12.941039467547311,77.47629427106853,0,0,1
3193,FIR/2024/KA01/01659,119,18,2024-10-10,2024,10,registered,FIR registered for Cyber Crime - Hacking at Chanda Zila.,40.0,Male,1,13.023411324835326,77.5694150798018,1,0,0
3194,FIR/2022/KA01/01660,18,12,2022-06-17,2022,6,chargesheeted,Accused cheated complainant of Rs.247271 through false promises.,52.0,Male,5,13.004178702846385,77.63113955723003,0,1,1
3195,FIR/2024/KA11/00113,514,1,2024-09-20,2024,9,closed,Complaint received regarding theft of cash worth Rs.356218.,40.0,Male,4,15.277530933162817,77.05339153972558,0,0,1
3196,FIR/2024/KA01/01661,103,2,2024-10-03,2024,10,closed,FIR registered for House Breaking & Theft at Sehgal Ganj.,43.0,Other,3,12.89856147124032,77.4552183594175,0,0,1
3197,FIR/2022/KA01/01662,7,12,2022-06-05,2022,6,under_investigation,Accused cheated complainant of Rs.8095 through false promises.,41.0,Male,3,12.919881895742241,77.52832572896982,0,1,0
3198,FIR/2023/KA01/01663,174,16,2023-12-17,2023,12,under_investigation,Victim lost Rs.196615 through online fraud/UPI scam.,74.0,Male,1,12.957808258493163,77.53538404259696,1,0,0
3199,FIR/2024/KA01/01664,48,12,2024-08-20,2024,8,chargesheeted,Accused cheated complainant of Rs.70501 through false promises.,20.0,Other,5,12.974386802145906,77.5955103977345,0,1,1
3200,FIR/2023/KA14/00065,655,16,2023-08-05,2023,8,closed,Victim lost Rs.478797 through online fraud/UPI scam.,50.0,Other,1,15.368813829823688,75.01865069175935,1,0,1
3201,FIR/2022/KA01/01665,72,9,2022-11-03,2022,11,chargesheeted,FIR registered for Assault on Women at Tara.,62.0,Female,1,12.83131183240181,77.61518183516479,0,0,1
3202,FIR/2023/KA01/01666,90,3,2023-02-08,2023,2,chargesheeted,Complainant robbed at Sarraf Marg by 4 armed persons.,26.0,Other,1,13.003211647259844,77.48169378354586,0,0,1
3203,FIR/2022/KA05/00100,292,35,2022-08-11,2022,8,closed,FIR registered for SC/ST Atrocities Act at Saha Chowk.,63.0,Other,2,17.213535160917015,76.82919422840689,0,0,1
3204,FIR/2023/KA09/00050,439,27,2023-07-16,2023,7,chargesheeted,FIR registered for Hurt/Grievous Hurt at Dhawan Street.,61.0,Male,4,14.01185178623191,75.57145946087536,0,0,1
3205,FIR/2022/KA01/01667,92,6,2022-09-03,2022,9,under_investigation,FIR registered for Attempt to Murder at Datta Circle.,44.0,Other,4,13.025807034206512,77.5411107199412,0,0,0
3206,FIR/2022/KA01/01668,110,24,2022-09-19,2022,9,closed,FIR registered for NDPS Act at Shankar Chowk.,65.0,Male,4,13.082477367133418,77.63482306640951,0,0,1
3207,FIR/2024/KA01/01669,79,22,2024-06-19,2024,6,closed,FIR registered for POCSO Act at Varghese Street.,22.0,Male,2,12.87171449561209,77.52574004443602,0,0,1
3208,FIR/2023/KA01/01670,164,22,2023-04-06,2023,4,under_investigation,FIR registered for POCSO Act at Dalal Circle.,41.0,Female,5,12.901441634379916,77.58357935627099,0,0,0
3209,FIR/2023/KA01/01671,58,12,2023-02-05,2023,2,chargesheeted,Accused cheated complainant of Rs.478715 through false promises.,75.0,Female,5,12.885073263781491,77.59828075447433,0,1,1
3210,FIR/2023/KA27/00107,1035,1,2023-07-19,2023,7,chargesheeted,Complaint received regarding theft of gold chain worth Rs.280562.,70.0,Other,5,16.203181083624468,75.72738403156036,0,0,1
3211,FIR/2022/KA01/01672,118,16,2022-02-19,2022,2,under_investigation,Victim lost Rs.35647 through online fraud/UPI scam.,58.0,Male,3,13.06049185656168,77.57677224680505,1,0,0
3212,FIR/2023/KA01/01673,113,27,2023-03-06,2023,3,closed,FIR registered for Hurt/Grievous Hurt at Rege Zila.,26.0,Male,1,13.041939657498032,77.58331772351536,0,0,1
3213,FIR/2023/KA01/01674,162,9,2023-05-13,2023,5,chargesheeted,FIR registered for Assault on Women at Dara Zila.,24.0,Other,1,13.056818722212283,77.5841583812656,0,0,1
3214,FIR/2024/KA01/01675,138,27,2024-07-08,2024,7,chargesheeted,FIR registered for Hurt/Grievous Hurt at Mann Path.,32.0,Female,1,12.999378447673116,77.49675823744899,0,0,1
3215,FIR/2024/KA01/01676,158,12,2024-04-01,2024,4,under_investigation,Accused cheated complainant of Rs.223721 through false promises.,65.0,Female,4,13.014053952352796,77.44405971548782,0,1,0
3216,FIR/2022/KA01/01677,154,16,2022-12-10,2022,12,under_investigation,Victim lost Rs.278068 through online fraud/UPI scam.,18.0,Female,1,13.04962783732031,77.47579641141657,1,0,0
3217,FIR/2024/KA12/00081,586,16,2024-04-28,2024,4,closed,Victim lost Rs.111555 through online fraud/UPI scam.,26.0,Female,5,16.83235758867474,75.84081856941862,1,0,1
3218,FIR/2024/KA14/00066,652,3,2024-12-13,2024,12,under_investigation,Complainant robbed at Mitter Path by 2 armed persons.,71.0,Female,1,15.49294543554258,74.90829608089236,0,0,0
3219,FIR/2022/KA15/00023,694,11,2022-03-01,2022,3,pending_trial,FIR registered for Kidnapping & Abduction at Sunder Road.,61.0,Other,5,15.436257608304016,75.57853686099939,0,0,1
3220,FIR/2023/KA01/01678,1,13,2023-07-05,2023,7,chargesheeted,FIR registered for Criminal Breach of Trust at Dhar Nagar.,60.0,Male,1,13.027820490677316,77.53527270701562,0,1,1
3221,FIR/2024/KA05/00101,282,2,2024-09-25,2024,9,registered,FIR registered for House Breaking & Theft at Sama Street.,31.0,Other,4,17.21330395007686,76.93443975821154,0,0,0
3222,FIR/2023/KA01/01679,93,3,2023-07-21,2023,7,chargesheeted,Complainant robbed at Mody Nagar by 4 armed persons.,22.0,Other,2,13.067153616069241,77.70589128073723,0,0,1
3223,FIR/2022/KA01/01680,179,3,2022-06-19,2022,6,chargesheeted,Complainant robbed at Kale Road by 2 armed persons.,61.0,Female,5,12.857401934617616,77.43576630287524,0,0,1
3224,FIR/2024/KA01/01681,61,23,2024-11-20,2024,11,under_investigation,FIR registered for Domestic Violence at Suresh Street.,31.0,Female,2,13.037228786786992,77.64805823312597,0,0,0
3225,FIR/2024/KA01/01682,166,23,2024-04-05,2024,4,chargesheeted,FIR registered for Domestic Violence at Das Nagar.,39.0,Female,4,12.932322693464442,77.59414689838867,0,0,1
3226,FIR/2024/KA01/01683,50,20,2024-06-02,2024,6,closed,FIR registered for Dowry Death at Palla Circle.,47.0,Other,1,12.941961251976277,77.455580358064,0,0,1
3227,FIR/2022/KA01/01684,74,2,2022-12-28,2022,12,closed,FIR registered for House Breaking & Theft at Basu Zila.,57.0,Female,5,12.930448298323705,77.46525689405023,0,0,1
3228,FIR/2023/KA01/01685,50,24,2023-03-26,2023,3,chargesheeted,FIR registered for NDPS Act at Srivastava Marg.,63.0,Male,3,12.928550157575053,77.47638205345285,0,0,1
3229,FIR/2023/KA14/00067,656,24,2023-08-16,2023,8,under_investigation,FIR registered for NDPS Act at Mukherjee.,23.0,Female,3,15.512817538562636,74.93767579939913,0,0,0
3230,FIR/2023/KA11/00114,502,1,2023-03-17,2023,3,pending_trial,Complaint received regarding theft of two-wheeler worth Rs.75190.,54.0,Other,3,15.219863955579786,76.84393338295106,0,0,1
3231,FIR/2022/KA09/00051,432,1,2022-10-22,2022,10,closed,Complaint received regarding theft of two-wheeler worth Rs.300029.,34.0,Other,3,14.063460475248487,75.6325502874467,0,0,1
3232,FIR/2022/KA20/00069,820,22,2022-05-24,2022,5,closed,FIR registered for POCSO Act at Deo Chowk.,22.0,Other,2,12.535673278499106,76.77361922970135,0,0,1
3233,FIR/2023/KA11/00115,504,27,2023-07-11,2023,7,chargesheeted,FIR registered for Hurt/Grievous Hurt at Thaman Street.,55.0,Male,3,15.215440516221845,76.85199551790723,0,0,1
3234,FIR/2023/KA01/01686,13,33,2023-12-15,2023,12,chargesheeted,FIR registered for Road Accident Death at Sengupta Chowk.,66.0,Other,2,13.11251092963763,77.68180560038914,0,0,1
3235,FIR/2024/KA01/01687,39,14,2024-02-19,2024,2,closed,FIR registered for Forgery at Dixit Chowk.,,Female,1,12.844840829521358,77.66586817151622,0,1,1
3236,FIR/2022/KA01/01688,80,8,2022-04-14,2022,4,registered,Victim reported sexual assault incident at Chakraborty Path. Medical examination conducted.,46.0,Male,1,12.889436651013092,77.61603371135283,0,0,0
3237,FIR/2023/KA30/00027,1125,2,2023-04-21,2023,4,chargesheeted,FIR registered for House Breaking & Theft at Rout.,28.0,Male,5,15.318399218471445,76.5873667210864,0,0,1
3238,FIR/2024/KA27/00108,993,2,2024-08-14,2024,8,pending_trial,FIR registered for House Breaking & Theft at Kaul Marg.,46.0,Male,3,16.296338791554636,75.83546148374074,0,0,1
3239,FIR/2022/KA27/00109,1034,29,2022-07-12,2022,7,under_investigation,FIR registered for Mischief at Nori Marg.,62.0,Male,3,16.264723274699733,75.74789461322962,0,0,0
3240,FIR/2024/KA09/00052,424,25,2024-08-26,2024,8,under_investigation,FIR registered for Arms Act at Bath Circle.,20.0,Female,3,13.82157473905024,75.55110065517653,0,0,0
3241,FIR/2023/KA01/01689,65,25,2023-10-08,2023,10,registered,FIR registered for Arms Act at Mall Chowk.,65.0,Female,3,13.000447336181196,77.47743462235765,0,0,0
3242,FIR/2024/KA01/01690,63,12,2024-11-18,2024,11,chargesheeted,Accused cheated complainant of Rs.381796 through false promises.,51.0,Other,4,12.840496993419086,77.64764633271606,0,1,1
3243,FIR/2024/KA01/01691,167,16,2024-03-11,2024,3,under_investigation,Victim lost Rs.76616 through online fraud/UPI scam.,74.0,Female,2,12.916351463496245,77.72807355033235,1,0,0
3244,FIR/2023/KA01/01692,144,18,2023-09-02,2023,9,chargesheeted,FIR registered for Cyber Crime - Hacking at Dasgupta Circle.,72.0,Male,3,12.95345421557252,77.55912931264504,1,0,1
3245,FIR/2024/KA01/01693,141,22,2024-10-26,2024,10,chargesheeted,FIR registered for POCSO Act at Chada Circle.,,Other,1,13.134464042479804,77.62184565448563,0,0,1
3246,FIR/2022/KA04/00089,263,25,2022-08-07,2022,8,chargesheeted,FIR registered for Arms Act at Bera Ganj.,66.0,Other,2,15.996379165547916,74.5160945646153,0,0,1
3247,FIR/2022/KA01/01694,76,16,2022-05-08,2022,5,closed,Victim lost Rs.126622 through online fraud/UPI scam.,35.0,Male,2,13.101048501084321,77.68797516943631,1,0,1
3248,FIR/2022/KA01/01695,91,16,2022-10-13,2022,10,chargesheeted,Victim lost Rs.119837 through online fraud/UPI scam.,18.0,Female,3,13.099496106055652,77.69424381723522,1,0,1
3249,FIR/2023/KA01/01696,95,16,2023-11-09,2023,11,chargesheeted,Victim lost Rs.192937 through online fraud/UPI scam.,75.0,Other,1,12.876182756904273,77.68371091028582,1,0,1
3250,FIR/2023/KA27/00110,994,19,2023-05-28,2023,5,closed,FIR registered for Cyber Crime - Phishing at Wali Zila.,36.0,Male,2,16.141107542055583,75.57583622919674,1,0,1
3251,FIR/2022/KA27/00111,1003,26,2022-10-24,2022,10,closed,FIR registered for Riots at Bahl Street.,26.0,Male,5,16.09018465748242,75.78847932983427,0,0,1
3252,FIR/2023/KA01/01697,47,21,2023-07-15,2023,7,under_investigation,FIR registered for Dowry Prohibition Act at Jha Road.,71.0,Other,5,13.082580544456578,77.45866424909791,0,0,0
3253,FIR/2024/KA14/00068,669,24,2024-02-07,2024,2,closed,FIR registered for NDPS Act at Sawhney Ganj.,70.0,Female,5,15.362053699010179,74.93974842005264,0,0,1
3254,FIR/2022/KA30/00028,1111,16,2022-05-22,2022,5,chargesheeted,Victim lost Rs.16192 through online fraud/UPI scam.,44.0,Male,2,15.246634240279027,76.60021097488847,1,0,1
3255,FIR/2024/KA17/00058,757,6,2024-04-21,2024,4,chargesheeted,FIR registered for Attempt to Murder at Nagi.,66.0,Female,2,14.089623975988998,76.52090630057752,0,0,1
3256,FIR/2023/KA28/00034,1054,22,2023-08-04,2023,8,under_investigation,FIR registered for POCSO Act at Bath Marg.,25.0,Male,2,14.732168127565838,74.5422505790899,0,0,0
3257,FIR/2023/KA01/01698,166,12,2023-08-17,2023,8,under_investigation,Accused cheated complainant of Rs.234488 through false promises.,46.0,Female,1,12.92282062650603,77.61036653222808,0,1,0
3258,FIR/2024/KA09/00053,429,24,2024-11-18,2024,11,chargesheeted,FIR registered for NDPS Act at Sarkar Path.,21.0,Male,5,13.88437793550973,75.71268288598797,0,0,1
3259,FIR/2024/KA01/01699,72,14,2024-06-26,2024,6,chargesheeted,FIR registered for Forgery at Sachdeva Street.,71.0,Male,2,12.821100828014899,77.62607085633024,0,1,1
3260,FIR/2024/KA01/01700,171,16,2024-08-17,2024,8,chargesheeted,Victim lost Rs.462133 through online fraud/UPI scam.,56.0,Female,2,12.844636202697405,77.50474314658744,1,0,1
3261,FIR/2024/KA10/00104,469,12,2024-08-03,2024,8,under_investigation,Accused cheated complainant of Rs.152746 through false promises.,34.0,Other,3,13.40384678809547,77.07058502538455,0,1,0
3262,FIR/2022/KA01/01701,59,31,2022-06-08,2022,6,chargesheeted,FIR registered for Criminal Intimidation at Chand Road.,69.0,Female,5,13.093606745639985,77.51331492771722,0,0,1
3263,FIR/2022/KA01/01702,6,29,2022-06-05,2022,6,chargesheeted,FIR registered for Mischief at Chaudhary Zila.,70.0,Other,3,12.841481158871717,77.69682190253516,0,0,1
3264,FIR/2024/KA12/00082,564,27,2024-02-27,2024,2,under_investigation,FIR registered for Hurt/Grievous Hurt at Ganguly Circle.,52.0,Female,1,16.801150679174647,75.70579899845184,0,0,0
3265,FIR/2024/KA30/00029,1125,9,2024-12-14,2024,12,chargesheeted,FIR registered for Assault on Women at Dhawan Road.,,Female,5,15.29405681760578,76.595866797229,0,0,1
3266,FIR/2024/KA01/01703,42,12,2024-04-17,2024,4,closed,Accused cheated complainant of Rs.455615 through false promises.,38.0,Other,1,13.035279098491491,77.65095471492769,0,1,1
3267,FIR/2023/KA01/01704,132,17,2023-09-14,2023,9,registered,FIR registered for Cyber Crime - Identity Theft at Dube Zila.,62.0,Male,2,13.044623027224446,77.4669923519765,1,0,0
3268,FIR/2022/KA09/00054,448,34,2022-04-10,2022,4,chargesheeted,FIR registered for Immoral Traffic Act at Reddy Road.,46.0,Male,3,13.913757213099954,75.48323401681537,0,0,1
3269,FIR/2023/KA05/00102,307,28,2023-06-24,2023,6,chargesheeted,FIR registered for Criminal Trespass at Bhargava Street.,52.0,Other,1,17.23169049530978,76.69039519027021,0,0,1
3270,FIR/2023/KA01/01705,29,17,2023-03-09,2023,3,pending_trial,FIR registered for Cyber Crime - Identity Theft at Nanda.,60.0,Other,4,12.835959941047879,77.66942726106168,1,0,1
3271,FIR/2023/KA01/01706,56,28,2023-12-17,2023,12,pending_trial,FIR registered for Criminal Trespass at Bala Street.,34.0,Female,4,13.087323562280368,77.4611675297577,0,0,1
3272,FIR/2024/KA27/00112,1008,27,2024-04-21,2024,4,chargesheeted,FIR registered for Hurt/Grievous Hurt at Misra Nagar.,35.0,Female,5,16.200384976698608,75.80900597128293,0,0,1
3273,FIR/2022/KA01/01707,2,12,2022-12-06,2022,12,under_investigation,Accused cheated complainant of Rs.304262 through false promises.,68.0,Other,2,13.011764123998852,77.71513045159705,0,1,0
3274,FIR/2023/KA25/00054,961,2,2023-05-03,2023,5,closed,FIR registered for House Breaking & Theft at Dhar Path.,66.0,Other,1,17.88604561312909,77.59360165324654,0,0,1
3275,FIR/2022/KA03/00037,212,6,2022-07-06,2022,7,under_investigation,FIR registered for Attempt to Murder at Naik Marg.,41.0,Female,3,12.294901279393137,76.76841296772913,0,0,0
3276,FIR/2022/KA06/00077,347,1,2022-09-20,2022,9,under_investigation,Complaint received regarding theft of cash worth Rs.475569.,,Male,1,12.862123610651087,74.71673825603985,0,0,0
3277,FIR/2023/KA01/01708,134,23,2023-04-01,2023,4,under_investigation,FIR registered for Domestic Violence at Ben Zila.,30.0,Female,3,13.107895141023032,77.6001868630365,0,0,0
3278,FIR/2023/KA01/01709,152,17,2023-08-19,2023,8,closed,FIR registered for Cyber Crime - Identity Theft at Khatri Ganj.,45.0,Other,5,13.075941679085696,77.7401857781501,1,0,1
3279,FIR/2024/KA27/00113,1013,1,2024-02-07,2024,2,under_investigation,Complaint received regarding theft of gold chain worth Rs.36290.,52.0,Female,5,16.063571151595216,75.64335788653719,0,0,0
3280,FIR/2022/KA24/00023,915,27,2022-11-07,2022,11,under_investigation,FIR registered for Hurt/Grievous Hurt at Trivedi Chowk.,54.0,Male,3,16.8401399975441,77.04139273413107,0,0,0
3281,FIR/2022/KA01/01710,107,23,2022-10-26,2022,10,chargesheeted,FIR registered for Domestic Violence at Rajan Circle.,60.0,Male,4,12.847361487316975,77.71047902826284,0,0,1
3282,FIR/2024/KA16/00055,722,23,2024-04-01,2024,4,closed,FIR registered for Domestic Violence at Luthra Zila.,28.0,Other,4,14.960243892395306,75.36178395512549,0,0,1
3283,FIR/2024/KA01/01711,36,23,2024-01-08,2024,1,pending_trial,FIR registered for Domestic Violence at Nadkarni Nagar.,69.0,Female,4,12.959433507869651,77.46138944451323,0,0,1
3284,FIR/2022/KA17/00059,762,1,2022-02-14,2022,2,closed,Complaint received regarding theft of two-wheeler worth Rs.138235.,61.0,Male,2,14.331246401312058,76.44464852345362,0,0,1
3285,FIR/2023/KA01/01712,134,2,2023-12-04,2023,12,under_investigation,FIR registered for House Breaking & Theft at Sule Zila.,66.0,Male,5,13.084016861620317,77.63330743054,0,0,0
3286,FIR/2024/KA26/00018,975,12,2024-05-03,2024,5,under_investigation,Accused cheated complainant of Rs.284666 through false promises.,72.0,Female,2,15.35950865277024,76.17250148759031,0,1,0
3287,FIR/2022/KA01/01713,1,2,2022-02-25,2022,2,closed,FIR registered for House Breaking & Theft at Bahl Ganj.,23.0,Male,4,13.05330957340909,77.52903349553114,0,0,1
3288,FIR/2022/KA01/01714,118,30,2022-12-02,2022,12,closed,FIR registered for Extortion at Chaudhuri Road.,36.0,Female,5,13.03285049920903,77.56538115482397,0,0,1
3289,FIR/2024/KA07/00028,366,13,2024-05-20,2024,5,chargesheeted,FIR registered for Criminal Breach of Trust at Dass Ganj.,64.0,Female,2,13.234996986313897,74.7843352510664,0,1,1
3290,FIR/2022/KA01/01715,44,3,2022-01-14,2022,1,under_investigation,Complainant robbed at Ray Road by 3 armed persons.,48.0,Male,2,12.973413104970263,77.51619493893968,0,0,0
3291,FIR/2024/KA01/01716,156,8,2024-01-28,2024,1,under_investigation,Victim reported sexual assault incident at Chacko Chowk. Medical examination conducted.,54.0,Male,3,12.992366070263426,77.47108675457882,0,0,0
3292,FIR/2023/KA07/00029,362,18,2023-01-15,2023,1,registered,FIR registered for Cyber Crime - Hacking at Jani Circle.,66.0,Male,5,13.28460239108767,74.76987512878779,1,0,0
3293,FIR/2024/KA01/01717,33,13,2024-04-22,2024,4,chargesheeted,FIR registered for Criminal Breach of Trust at Prakash Street.,45.0,Female,1,12.843626259843852,77.62578272427379,0,1,1
3294,FIR/2024/KA18/00013,772,29,2024-04-22,2024,4,under_investigation,FIR registered for Mischief at Ganguly Circle.,54.0,Female,3,13.279329707542283,75.70431413284028,0,0,0
3295,FIR/2022/KA01/01718,37,3,2022-03-19,2022,3,pending_trial,Complainant robbed at Yogi Ganj by 2 armed persons.,66.0,Other,2,13.057364565886791,77.54968158825511,0,0,1
3296,FIR/2023/KA01/01719,109,1,2023-03-17,2023,3,pending_trial,Complaint received regarding theft of cash worth Rs.42866.,29.0,Male,5,12.882612394996263,77.66405531450894,0,0,1
3297,FIR/2024/KA10/00105,489,29,2024-06-05,2024,6,under_investigation,FIR registered for Mischief at Agarwal Nagar.,25.0,Male,4,13.427683093179617,77.21380578216116,0,0,0
3298,FIR/2022/KA27/00114,1018,1,2022-01-28,2022,1,under_investigation,Complaint received regarding theft of mobile phone worth Rs.255204.,26.0,Female,5,16.313994213433173,75.76651304463601,0,0,0
3299,FIR/2022/KA10/00106,469,9,2022-05-08,2022,5,registered,FIR registered for Assault on Women at Acharya Street.,28.0,Female,3,13.42407116343374,77.07334435263013,0,0,0
3300,FIR/2023/KA01/01720,119,8,2023-04-18,2023,4,under_investigation,Victim reported sexual assault incident at Subramaniam Nagar. Medical examination conducted.,61.0,Male,4,13.042798340286547,77.55398520349195,0,0,0
3301,FIR/2024/KA01/01721,158,16,2024-04-20,2024,4,chargesheeted,Victim lost Rs.85929 through online fraud/UPI scam.,19.0,Male,2,13.035276590737075,77.4493054743165,1,0,1
3302,FIR/2022/KA01/01722,139,6,2022-11-09,2022,11,closed,FIR registered for Attempt to Murder at Panchal Marg.,71.0,Male,5,12.97324698069823,77.56187069339207,0,0,1
3303,FIR/2024/KA01/01723,126,24,2024-01-11,2024,1,pending_trial,FIR registered for NDPS Act at Uppal Ganj.,39.0,Other,1,12.986483709377215,77.6784877377344,0,0,1
3304,FIR/2023/KA10/00107,476,3,2023-03-07,2023,3,chargesheeted,Complainant robbed at Bath Road by 1 armed persons.,48.0,Female,3,13.4223762237306,77.10969551457491,0,0,1
3305,FIR/2023/KA05/00103,303,14,2023-04-19,2023,4,under_investigation,FIR registered for Forgery at Walla Street.,34.0,Other,1,17.40910850733626,76.81232000921875,0,1,0
3306,FIR/2024/KA01/01724,177,17,2024-06-13,2024,6,chargesheeted,FIR registered for Cyber Crime - Identity Theft at Boase.,51.0,Female,3,13.045944337873648,77.73705253425143,1,0,1
3307,FIR/2022/KA01/01725,40,24,2022-04-16,2022,4,under_investigation,FIR registered for NDPS Act at Chakraborty Road.,18.0,Female,2,13.008289877138662,77.72379282224942,0,0,0
3308,FIR/2024/KA01/01726,24,34,2024-01-25,2024,1,under_investigation,FIR registered for Immoral Traffic Act at Das Marg.,53.0,Male,5,12.977038884447861,77.7114012568674,0,0,0
3309,FIR/2022/KA01/01727,22,13,2022-10-07,2022,10,chargesheeted,FIR registered for Criminal Breach of Trust at Mammen Street.,61.0,Other,3,12.920479885588328,77.70760180098583,0,1,1
3310,FIR/2024/KA01/01728,175,27,2024-04-25,2024,4,under_investigation,FIR registered for Hurt/Grievous Hurt at Kade Marg.,67.0,Other,3,12.878701047591647,77.47811227616808,0,0,0
3311,FIR/2023/KA09/00055,425,11,2023-03-23,2023,3,pending_trial,FIR registered for Kidnapping & Abduction at Thaman.,21.0,Male,1,14.005919148157924,75.58629231370577,0,0,1
3312,FIR/2024/KA01/01729,112,30,2024-09-03,2024,9,chargesheeted,FIR registered for Extortion at Oommen Path.,33.0,Female,4,13.011051242045054,77.62728128139025,0,0,1
3313,FIR/2023/KA05/00104,286,10,2023-09-08,2023,9,closed,FIR registered for Sexual Harassment at Sethi Road.,66.0,Female,2,17.42759262352523,76.73962597137108,0,0,1
3314,FIR/2023/KA01/01730,12,27,2023-12-28,2023,12,under_investigation,FIR registered for Hurt/Grievous Hurt at Korpal Road.,56.0,Other,4,13.048158560224515,77.44995819005229,0,0,0
3315,FIR/2024/KA01/01731,117,13,2024-01-03,2024,1,under_investigation,FIR registered for Criminal Breach of Trust at Om Path.,37.0,Female,3,12.856699383838984,77.4580417655249,0,1,0
3316,FIR/2024/KA01/01732,45,28,2024-11-28,2024,11,chargesheeted,FIR registered for Criminal Trespass at Sharaf Ganj.,57.0,Male,5,13.017410220573728,77.5119868389138,0,0,1
3317,FIR/2022/KA27/00115,1033,12,2022-02-20,2022,2,under_investigation,Accused cheated complainant of Rs.455986 through false promises.,46.0,Male,5,16.07823984166041,75.60330280915638,0,1,0
3318,FIR/2022/KA01/01733,134,10,2022-01-22,2022,1,under_investigation,FIR registered for Sexual Harassment at Deol Nagar.,75.0,Female,5,13.109209534673488,77.62899604576151,0,0,0
3319,FIR/2024/KA07/00030,369,14,2024-02-02,2024,2,chargesheeted,FIR registered for Forgery at Soni Nagar.,49.0,Female,4,13.284633981049279,74.81965255202222,0,1,1
3320,FIR/2024/KA01/01734,12,19,2024-04-02,2024,4,chargesheeted,FIR registered for Cyber Crime - Phishing at Andra Nagar.,50.0,Other,5,13.031224616721914,77.45650393223532,1,0,1
3321,FIR/2024/KA13/00066,614,29,2024-02-22,2024,2,chargesheeted,FIR registered for Mischief at Sachdev Street.,50.0,Female,2,16.268787969186,77.42333888170272,0,0,1
3322,FIR/2023/KA27/00116,998,10,2023-02-04,2023,2,registered,FIR registered for Sexual Harassment at Suresh Circle.,53.0,Other,4,16.2615151506892,75.57646640358877,0,0,0
3323,FIR/2022/KA01/01735,6,1,2022-03-13,2022,3,under_investigation,Complaint received regarding theft of laptop worth Rs.368981.,22.0,Other,2,12.837190660873114,77.68981986176588,0,0,0
3324,FIR/2022/KA01/01736,37,6,2022-02-06,2022,2,closed,FIR registered for Attempt to Murder at Brahmbhatt Zila.,28.0,Female,5,13.089311337528756,77.54015399866009,0,0,1
3325,FIR/2022/KA01/01737,11,30,2022-10-13,2022,10,registered,FIR registered for Extortion at Balasubramanian Circle.,40.0,Other,5,13.021327473053079,77.72526271252724,0,0,0
3326,FIR/2024/KA12/00083,574,2,2024-04-15,2024,4,chargesheeted,FIR registered for House Breaking & Theft at Dasgupta Chowk.,75.0,Female,2,16.866594145048143,75.61793959674371,0,0,1
3327,FIR/2024/KA24/00024,919,19,2024-10-13,2024,10,pending_trial,FIR registered for Cyber Crime - Phishing at Puri Path.,57.0,Female,3,16.790006464010116,77.2782656403082,1,0,1
3328,FIR/2024/KA01/01738,2,31,2024-02-09,2024,2,closed,FIR registered for Criminal Intimidation at Parmar.,35.0,Male,4,13.01939366267988,77.69405942890698,0,0,1
3329,FIR/2023/KA24/00025,926,21,2023-04-25,2023,4,closed,FIR registered for Dowry Prohibition Act at Goel Marg.,67.0,Male,4,16.672359242005303,77.05197968639466,0,0,1
3330,FIR/2023/KA24/00026,922,9,2023-03-19,2023,3,under_investigation,FIR registered for Assault on Women at Dash Nagar.,37.0,Male,4,16.8130282413582,77.13643362793832,0,0,0
3331,FIR/2022/KA01/01739,36,32,2022-05-19,2022,5,chargesheeted,FIR registered for Missing Person at Prabhakar Chowk.,41.0,Male,5,12.967399622783677,77.46595624754562,0,0,1
3332,FIR/2024/KA01/01740,81,16,2024-07-14,2024,7,chargesheeted,Victim lost Rs.149629 through online fraud/UPI scam.,41.0,Other,4,12.910388612030593,77.72513785649896,1,0,1
3333,FIR/2022/KA08/00058,396,3,2022-11-24,2022,11,under_investigation,Complainant robbed at Kant Nagar by 1 armed persons.,71.0,Other,3,12.932082569216586,75.95014776809384,0,0,0
3334,FIR/2024/KA13/00067,610,31,2024-12-05,2024,12,under_investigation,FIR registered for Criminal Intimidation at Mand Nagar.,49.0,Female,1,16.338559811848345,77.2784465809401,0,0,0
3335,FIR/2023/KA01/01741,166,30,2023-07-01,2023,7,closed,FIR registered for Extortion at Handa Path.,62.0,Male,3,12.901554700987283,77.60785397902899,0,0,1
3336,FIR/2023/KA04/00090,233,14,2023-06-13,2023,6,pending_trial,FIR registered for Forgery at Mitter Zila.,75.0,Male,4,15.99658909404756,74.46116689681048,0,1,1
3337,FIR/2023/KA14/00069,642,16,2023-08-12,2023,8,under_investigation,Victim lost Rs.234543 through online fraud/UPI scam.,74.0,Female,5,15.388555281637498,75.166378276879,1,0,0
3338,FIR/2023/KA01/01742,93,1,2023-08-04,2023,8,chargesheeted,Complaint received regarding theft of two-wheeler worth Rs.393649.,,Female,2,13.100802236103148,77.68616576707282,0,0,1
3339,FIR/2024/KA01/01743,83,2,2024-10-24,2024,10,chargesheeted,FIR registered for House Breaking & Theft at Mand Nagar.,53.0,Other,1,12.860329229788675,77.74731058475138,0,0,1
3340,FIR/2023/KA10/00108,495,24,2023-08-13,2023,8,under_investigation,FIR registered for NDPS Act at Kadakia Chowk.,,Other,3,13.257336431570582,77.13645620032402,0,0,0
3341,FIR/2024/KA24/00027,923,33,2024-07-21,2024,7,pending_trial,FIR registered for Road Accident Death at Hayre Nagar.,37.0,Female,3,16.89574960452917,77.14771642731603,0,0,1
3342,FIR/2024/KA09/00056,427,9,2024-07-02,2024,7,closed,FIR registered for Assault on Women at Choudhry Marg.,50.0,Male,1,13.842996133461286,75.57085747633492,0,0,1
3343,FIR/2023/KA01/01744,99,2,2023-01-13,2023,1,chargesheeted,FIR registered for House Breaking & Theft at Tella Road.,,Male,4,13.13235645350476,77.59496732602875,0,0,1
3344,FIR/2023/KA01/01745,21,34,2023-01-23,2023,1,chargesheeted,FIR registered for Immoral Traffic Act at Garde Chowk.,27.0,Other,1,13.00437549060188,77.66846252408885,0,0,1
3345,FIR/2023/KA05/00105,285,19,2023-07-15,2023,7,chargesheeted,FIR registered for Cyber Crime - Phishing at Hari Circle.,65.0,Other,2,17.19139164643954,76.91893539606394,1,0,1
3346,FIR/2024/KA01/01746,12,18,2024-11-04,2024,11,chargesheeted,FIR registered for Cyber Crime - Hacking at Gill.,32.0,Other,2,13.050773902880167,77.45837016318316,1,0,1
3347,FIR/2022/KA01/01747,150,24,2022-07-03,2022,7,chargesheeted,FIR registered for NDPS Act at Dave Zila.,51.0,Male,3,12.885112360641108,77.64191063656823,0,0,1
3348,FIR/2023/KA01/01748,80,2,2023-04-13,2023,4,closed,FIR registered for House Breaking & Theft at Datta Zila.,39.0,Female,2,12.879029475582543,77.6274831145842,0,0,1
3349,FIR/2023/KA20/00070,811,27,2023-01-15,2023,1,registered,FIR registered for Hurt/Grievous Hurt at Kari Road.,18.0,Female,2,12.518220778918943,76.84726926257972,0,0,0
3350,FIR/2022/KA06/00078,330,23,2022-09-13,2022,9,chargesheeted,FIR registered for Domestic Violence at Mahal Circle.,30.0,Female,5,12.927176557850055,74.78906762140778,0,0,1
3351,FIR/2023/KA01/01749,61,20,2023-12-18,2023,12,chargesheeted,FIR registered for Dowry Death at Bajaj Ganj.,56.0,Male,4,13.020437366974365,77.66098742333394,0,0,1
3352,FIR/2024/KA29/00061,1102,10,2024-01-13,2024,1,chargesheeted,FIR registered for Sexual Harassment at Krishnan Circle.,,Male,4,14.432282538408685,76.05017503929096,0,0,1
3353,FIR/2023/KA01/01750,80,6,2023-08-23,2023,8,pending_trial,FIR registered for Attempt to Murder at Setty Circle.,51.0,Female,5,12.876062019035421,77.61754768093297,0,0,1
3354,FIR/2022/KA01/01751,115,2,2022-03-15,2022,3,closed,FIR registered for House Breaking & Theft at Sane Nagar.,39.0,Other,1,13.027517516650361,77.6353544934163,0,0,1
3355,FIR/2023/KA01/01752,13,22,2023-08-14,2023,8,chargesheeted,FIR registered for POCSO Act at Naidu Nagar.,23.0,Female,3,13.124495726629467,77.68427280513758,0,0,1
3356,FIR/2022/KA01/01753,34,2,2022-03-23,2022,3,closed,FIR registered for House Breaking & Theft at Ray Marg.,69.0,Male,2,13.018165113164887,77.50208661394957,0,0,1
3357,FIR/2024/KA08/00059,382,1,2024-08-02,2024,8,closed,Complaint received regarding theft of cash worth Rs.54692.,51.0,Other,1,13.09926295064177,76.04054064968334,0,0,1
3358,FIR/2024/KA01/01754,8,5,2024-02-20,2024,2,chargesheeted,Dead body found at Shukla Circle. Prima facie case of murder registered.,67.0,Female,5,12.856065051699016,77.49030756712929,0,0,1
3359,FIR/2024/KA11/00116,547,1,2024-11-24,2024,11,closed,Complaint received regarding theft of mobile phone worth Rs.429409.,50.0,Male,4,15.271593043119298,76.88815295628028,0,0,1
3360,FIR/2023/KA01/01755,177,28,2023-01-24,2023,1,registered,FIR registered for Criminal Trespass at Bassi Circle.,59.0,Other,1,13.04083624132989,77.72829282830908,0,0,0
3361,FIR/2022/KA10/00109,496,31,2022-04-07,2022,4,under_investigation,FIR registered for Criminal Intimidation at Batta Ganj.,65.0,Male,1,13.47914212481566,77.20158913593151,0,0,0
3362,FIR/2022/KA08/00060,404,13,2022-12-08,2022,12,under_investigation,FIR registered for Criminal Breach of Trust at Salvi Road.,55.0,Other,1,13.055429546972864,76.21377221993018,0,1,0
3363,FIR/2024/KA01/01756,6,1,2024-04-03,2024,4,under_investigation,Complaint received regarding theft of laptop worth Rs.303003.,74.0,Male,1,12.809980531714137,77.70458639187434,0,0,0
3364,FIR/2022/KA05/00106,298,16,2022-05-14,2022,5,pending_trial,Victim lost Rs.411731 through online fraud/UPI scam.,25.0,Male,3,17.2201962807137,76.88615300151531,1,0,1
3365,FIR/2023/KA01/01757,169,32,2023-07-25,2023,7,under_investigation,FIR registered for Missing Person at Hayer Marg.,70.0,Other,3,13.041013517371374,77.59878269302784,0,0,0
3366,FIR/2024/KA08/00061,406,26,2024-06-20,2024,6,registered,FIR registered for Riots at Bumb Path.,27.0,Male,2,13.060977677310655,76.2382417486983,0,0,0
3367,FIR/2023/KA03/00038,219,28,2023-05-24,2023,5,chargesheeted,FIR registered for Criminal Trespass at Bakshi.,75.0,Male,4,12.279863724667795,76.52427874603826,0,0,1
3368,FIR/2023/KA23/00031,907,5,2023-09-21,2023,9,under_investigation,Dead body found at Sampath Ganj. Prima facie case of murder registered.,37.0,Male,5,12.759007384825768,77.23039506378582,0,0,0
3369,FIR/2023/KA01/01758,20,27,2023-05-21,2023,5,under_investigation,FIR registered for Hurt/Grievous Hurt at Krish Zila.,27.0,Other,5,12.931336310839106,77.51252321041368,0,0,0
3370,FIR/2024/KA01/01759,83,3,2024-03-25,2024,3,under_investigation,Complainant robbed at Gala Ganj by 4 armed persons.,35.0,Other,5,12.87754436625135,77.733960925263,0,0,0
3371,FIR/2023/KA17/00060,768,16,2023-02-06,2023,2,under_investigation,Victim lost Rs.356011 through online fraud/UPI scam.,67.0,Female,4,14.065042817095458,76.3099645209551,1,0,0
3372,FIR/2024/KA01/01760,171,12,2024-02-17,2024,2,closed,Accused cheated complainant of Rs.453392 through false promises.,37.0,Male,5,12.838285911041556,77.50193081016728,0,1,1
3373,FIR/2023/KA01/01761,46,12,2023-05-27,2023,5,under_investigation,Accused cheated complainant of Rs.274986 through false promises.,50.0,Male,5,13.020831384820216,77.45959682468482,0,1,0
3374,FIR/2023/KA01/01762,179,13,2023-07-12,2023,7,under_investigation,FIR registered for Criminal Breach of Trust at Bajwa Marg.,56.0,Female,2,12.893506899750497,77.44626864307891,0,1,0
3375,FIR/2022/KA01/01763,51,16,2022-03-05,2022,3,under_investigation,Victim lost Rs.128709 through online fraud/UPI scam.,48.0,Female,2,12.964904996922945,77.56961763402069,1,0,0
3376,FIR/2024/KA01/01764,67,1,2024-04-20,2024,4,closed,Complaint received regarding theft of gold chain worth Rs.182846.,70.0,Other,1,12.92917296802124,77.74555500662214,0,0,1
3377,FIR/2024/KA01/01765,154,19,2024-03-17,2024,3,registered,FIR registered for Cyber Crime - Phishing at Solanki Zila.,19.0,Female,2,13.038665135976375,77.46191318664084,1,0,0
3378,FIR/2023/KA10/00110,492,13,2023-01-05,2023,1,closed,FIR registered for Criminal Breach of Trust at Oak Ganj.,67.0,Female,2,13.469008918116893,77.10865823087603,0,1,1
3379,FIR/2023/KA01/01766,135,19,2023-11-10,2023,11,chargesheeted,FIR registered for Cyber Crime - Phishing at Nath Nagar.,29.0,Male,1,13.098876321541962,77.6145543459953,1,0,1
3380,FIR/2022/KA20/00071,815,29,2022-11-24,2022,11,under_investigation,FIR registered for Mischief at Khalsa Circle.,45.0,Other,4,12.506715080222811,77.01594230230721,0,0,0
3381,FIR/2023/KA01/01767,49,19,2023-08-21,2023,8,chargesheeted,FIR registered for Cyber Crime - Phishing at Sarna Zila.,,Male,3,12.972974472222598,77.57561944616809,1,0,1
3382,FIR/2022/KA01/01768,7,29,2022-05-08,2022,5,closed,FIR registered for Mischief at Sekhon Zila.,,Male,5,12.902839618082039,77.51765680082335,0,0,1
3383,FIR/2024/KA27/00117,1001,23,2024-10-25,2024,10,under_investigation,FIR registered for Domestic Violence at Dash.,38.0,Male,5,16.246303072674863,75.7166066111169,0,0,0
3384,FIR/2023/KA01/01769,73,3,2023-03-09,2023,3,under_investigation,Complainant robbed at Bhat Zila by 4 armed persons.,47.0,Female,3,12.838062478964181,77.51552411196418,0,0,0
3385,FIR/2023/KA01/01770,62,9,2023-01-06,2023,1,pending_trial,FIR registered for Assault on Women at Purohit Nagar.,24.0,Female,5,13.029482474297993,77.51085023061026,0,0,1
3386,FIR/2024/KA01/01771,58,2,2024-04-23,2024,4,under_investigation,FIR registered for House Breaking & Theft at Bhattacharyya Path.,52.0,Female,5,12.884780403734176,77.6052192564941,0,0,0
3387,FIR/2024/KA01/01772,60,1,2024-03-26,2024,3,closed,Complaint received regarding theft of gold chain worth Rs.247284.,58.0,Other,5,12.912035326992168,77.66968436421028,0,0,1
3388,FIR/2022/KA29/00062,1092,10,2022-11-17,2022,11,closed,FIR registered for Sexual Harassment at Bhakta Chowk.,,Female,5,14.456328503025585,75.83443466989105,0,0,1
3389,FIR/2024/KA05/00107,303,30,2024-04-22,2024,4,chargesheeted,FIR registered for Extortion at Sankaran Road.,58.0,Male,2,17.447557216220066,76.82126741415799,0,0,1
3390,FIR/2023/KA08/00062,402,9,2023-05-14,2023,5,under_investigation,FIR registered for Assault on Women at Chaudry Zila.,36.0,Female,4,13.06012478797181,75.97831256794373,0,0,0
3391,FIR/2024/KA01/01773,33,21,2024-02-17,2024,2,pending_trial,FIR registered for Dowry Prohibition Act at Ben Nagar.,44.0,Other,1,12.868447345381504,77.64697912936872,0,0,1
3392,FIR/2022/KA29/00063,1073,6,2022-06-20,2022,6,chargesheeted,FIR registered for Attempt to Murder at Raj Road.,22.0,Male,5,14.367037639125682,75.94350810142329,0,0,1
3393,FIR/2024/KA04/00091,268,22,2024-04-21,2024,4,under_investigation,FIR registered for POCSO Act at Char Marg.,49.0,Female,5,15.806333792162906,74.58094613509498,0,0,0
3394,FIR/2023/KA01/01774,70,6,2023-04-17,2023,4,pending_trial,FIR registered for Attempt to Murder at Roy.,54.0,Other,4,13.043616653874626,77.51901369261297,0,0,1
3395,FIR/2023/KA01/01775,119,28,2023-12-16,2023,12,chargesheeted,FIR registered for Criminal Trespass at Anne Ganj.,,Other,1,13.018033653581677,77.54100033098406,0,0,1
3396,FIR/2024/KA15/00024,692,17,2024-12-09,2024,12,under_investigation,FIR registered for Cyber Crime - Identity Theft at Rajagopalan Chowk.,43.0,Male,3,15.35470526531798,75.71125670706753,1,0,0
3397,FIR/2022/KA01/01776,120,27,2022-10-11,2022,10,under_investigation,FIR registered for Hurt/Grievous Hurt at Sangha Chowk.,43.0,Female,1,13.02371566090336,77.45764309538373,0,0,0
3398,FIR/2023/KA04/00092,269,3,2023-01-22,2023,1,chargesheeted,Complainant robbed at Chaudhuri by 3 armed persons.,40.0,Other,4,15.752785435244379,74.44919188919062,0,0,1
3399,FIR/2024/KA01/01777,115,8,2024-11-06,2024,11,chargesheeted,Victim reported sexual assault incident at Bal Path. Medical examination conducted.,63.0,Other,2,13.025522268222753,77.64302249105151,0,0,1
3400,FIR/2024/KA01/01778,58,26,2024-04-28,2024,4,registered,FIR registered for Riots at Varughese Chowk.,47.0,Male,3,12.854050837420713,77.59639339465843,0,0,0
3401,FIR/2022/KA01/01779,8,22,2022-05-07,2022,5,closed,FIR registered for POCSO Act at Hans Path.,47.0,Female,4,12.85661782211091,77.47352325398096,0,0,1
3402,FIR/2024/KA01/01780,15,12,2024-04-09,2024,4,pending_trial,Accused cheated complainant of Rs.208425 through false promises.,48.0,Female,1,12.91645368083859,77.6284369577225,0,1,1
3403,FIR/2023/KA01/01781,5,17,2023-05-23,2023,5,chargesheeted,FIR registered for Cyber Crime - Identity Theft at Bir Nagar.,48.0,Female,1,12.952637926755738,77.58679193148296,1,0,1
3404,FIR/2024/KA21/00041,864,1,2024-03-28,2024,3,chargesheeted,Complaint received regarding theft of laptop worth Rs.49742.,34.0,Female,4,13.072188582433933,78.08802989285931,0,0,1
3405,FIR/2024/KA10/00111,493,21,2024-10-25,2024,10,chargesheeted,FIR registered for Dowry Prohibition Act at Date.,75.0,Other,1,13.29556453882304,77.19262494651262,0,0,1
3406,FIR/2023/KA17/00061,746,1,2023-03-10,2023,3,closed,Complaint received regarding theft of gold chain worth Rs.209497.,69.0,Male,1,14.159345953212272,76.41786159365664,0,0,1
3407,FIR/2023/KA01/01782,143,9,2023-04-13,2023,4,pending_trial,FIR registered for Assault on Women at Sama Path.,38.0,Other,4,12.96921587481735,77.47526314460389,0,0,1
3408,FIR/2024/KA01/01783,138,12,2024-08-07,2024,8,under_investigation,Accused cheated complainant of Rs.253800 through false promises.,60.0,Female,2,13.00347967635744,77.49972189467277,0,1,0
3409,FIR/2023/KA01/01784,32,32,2023-10-10,2023,10,closed,FIR registered for Missing Person at Kibe Street.,22.0,Male,4,12.884143699918601,77.59915172798063,0,0,1
3410,FIR/2023/KA08/00063,404,27,2023-11-26,2023,11,chargesheeted,FIR registered for Hurt/Grievous Hurt at Basu Street.,54.0,Female,2,13.064464328660629,76.21197613866609,0,0,1
3411,FIR/2023/KA01/01785,155,12,2023-06-13,2023,6,chargesheeted,Accused cheated complainant of Rs.121897 through false promises.,22.0,Other,5,12.907928581772119,77.64948794824906,0,1,1
3412,FIR/2022/KA27/00118,994,27,2022-07-07,2022,7,pending_trial,FIR registered for Hurt/Grievous Hurt at Sarin Road.,27.0,Other,1,16.160268687869607,75.5600496763912,0,0,1
3413,FIR/2022/KA01/01786,39,12,2022-11-03,2022,11,under_investigation,Accused cheated complainant of Rs.238482 through false promises.,69.0,Other,1,12.857207801349539,77.68635203345082,0,1,0
3414,FIR/2023/KA08/00064,395,2,2023-09-04,2023,9,under_investigation,FIR registered for House Breaking & Theft at Dhingra Road.,62.0,Other,4,12.872075988081393,76.12055709004177,0,0,0
3415,FIR/2024/KA01/01787,3,9,2024-11-08,2024,11,chargesheeted,FIR registered for Assault on Women at Singh Street.,58.0,Male,5,12.823811114315017,77.48268096452144,0,0,1
3416,FIR/2024/KA01/01788,174,34,2024-07-15,2024,7,chargesheeted,FIR registered for Immoral Traffic Act at Oza Road.,55.0,Other,1,12.95669213335692,77.55601465300934,0,0,1
3417,FIR/2024/KA01/01789,129,1,2024-12-19,2024,12,pending_trial,Complaint received regarding theft of laptop worth Rs.324283.,63.0,Other,2,12.985937155161766,77.53400520069452,0,0,1
3418,FIR/2022/KA25/00055,962,27,2022-01-02,2022,1,chargesheeted,FIR registered for Hurt/Grievous Hurt at Vasa Nagar.,70.0,Male,2,17.811024377014842,77.60310479528442,0,0,1
3419,FIR/2024/KA31/00020,1143,6,2024-10-07,2024,10,chargesheeted,FIR registered for Attempt to Murder at Dhillon.,33.0,Female,5,11.969946255639954,76.81162709862296,0,0,1
3420,FIR/2024/KA25/00056,956,3,2024-06-16,2024,6,chargesheeted,Complainant robbed at Khanna Nagar by 1 armed persons.,29.0,Other,3,17.947314972773324,77.65568143728912,0,0,1
3421,FIR/2023/KA01/01790,111,34,2023-07-25,2023,7,under_investigation,FIR registered for Immoral Traffic Act at Bhagat Circle.,56.0,Male,2,13.060522581371762,77.53050605895518,0,0,0
3422,FIR/2024/KA28/00035,1046,1,2024-03-23,2024,3,chargesheeted,Complaint received regarding theft of cash worth Rs.262030.,75.0,Female,2,14.757496681367826,74.55673094020109,0,0,1
3423,FIR/2022/KA04/00093,245,14,2022-03-18,2022,3,closed,FIR registered for Forgery at Iyer Ganj.,40.0,Male,5,15.883632469501624,74.58654221168507,0,1,1
3424,FIR/2023/KA11/00117,529,2,2023-08-04,2023,8,under_investigation,FIR registered for House Breaking & Theft at Biswas Ganj.,28.0,Female,5,15.270806549797834,76.87393070319078,0,0,0
3425,FIR/2022/KA01/01791,91,4,2022-08-09,2022,8,under_investigation,FIR registered for Dacoity at Gulati Path.,27.0,Other,2,13.098570335601744,77.66822431268265,0,0,0
3426,FIR/2023/KA01/01792,72,5,2023-02-18,2023,2,pending_trial,Dead body found at Sibal Chowk. Prima facie case of murder registered.,48.0,Female,4,12.833996382705719,77.64370099249159,0,0,1
3427,FIR/2024/KA01/01793,84,14,2024-06-25,2024,6,registered,FIR registered for Forgery at Narula.,38.0,Other,1,12.971458892671558,77.57538648004642,0,1,0
3428,FIR/2022/KA11/00118,538,17,2022-11-18,2022,11,closed,FIR registered for Cyber Crime - Identity Theft at Nayak.,34.0,Female,4,15.133457671568687,77.04459788146809,1,0,1
3429,FIR/2024/KA11/00119,512,2,2024-08-18,2024,8,closed,FIR registered for House Breaking & Theft at Mistry.,42.0,Other,3,15.037465480644581,77.02929276996727,0,0,1
3430,FIR/2023/KA01/01794,90,12,2023-04-08,2023,4,under_investigation,Accused cheated complainant of Rs.237094 through false promises.,44.0,Male,2,13.025904913709494,77.49405228406947,0,1,0
3431,FIR/2023/KA20/00072,834,1,2023-03-05,2023,3,closed,Complaint received regarding theft of laptop worth Rs.487280.,57.0,Male,3,12.628131741576349,77.02410307885316,0,0,1
3432,FIR/2024/KA01/01795,51,22,2024-05-07,2024,5,chargesheeted,FIR registered for POCSO Act at Basak Chowk.,21.0,Female,2,12.933286157225695,77.57629869644376,0,0,1
3433,FIR/2024/KA01/01796,156,14,2024-06-21,2024,6,registered,FIR registered for Forgery at Kanda Chowk.,,Female,5,12.998805696903899,77.4847238953383,0,1,0
3434,FIR/2023/KA03/00039,224,14,2023-05-12,2023,5,pending_trial,FIR registered for Forgery at Kapoor Nagar.,44.0,Female,1,12.405009616282413,76.60140598679277,0,1,1
3435,FIR/2024/KA11/00120,506,1,2024-06-19,2024,6,under_investigation,Complaint received regarding theft of cash worth Rs.53828.,49.0,Other,2,15.08404267827196,76.90771454764372,0,0,0
3436,FIR/2024/KA01/01797,157,1,2024-10-15,2024,10,chargesheeted,Complaint received regarding theft of cash worth Rs.188539.,50.0,Other,5,12.933081805394641,77.56696720945382,0,0,1
3437,FIR/2024/KA01/01798,136,1,2024-11-28,2024,11,under_investigation,Complaint received regarding theft of mobile phone worth Rs.133314.,57.0,Other,3,12.945495589790356,77.66120084194412,0,0,0
3438,FIR/2024/KA22/00024,881,29,2024-12-20,2024,12,pending_trial,FIR registered for Mischief at Prashad Path.,54.0,Female,2,13.421622898544936,77.65211397472545,0,0,1
3439,FIR/2023/KA21/00042,851,1,2023-08-16,2023,8,under_investigation,Complaint received regarding theft of laptop worth Rs.340654.,,Male,5,13.061423598843101,78.0486680859593,0,0,0
3440,FIR/2023/KA17/00062,736,12,2023-06-13,2023,6,pending_trial,Accused cheated complainant of Rs.416801 through false promises.,66.0,Other,5,14.219828997487816,76.27675551278782,0,1,1
3441,FIR/2024/KA07/00031,366,12,2024-10-28,2024,10,chargesheeted,Accused cheated complainant of Rs.71496 through false promises.,20.0,Other,1,13.235661789028327,74.78618449396718,0,1,1
3442,FIR/2024/KA01/01799,181,13,2024-01-11,2024,1,under_investigation,FIR registered for Criminal Breach of Trust at Parmar Zila.,53.0,Female,3,12.840780681261814,77.71431227884558,0,1,0
3443,FIR/2023/KA01/01800,177,2,2023-02-19,2023,2,under_investigation,FIR registered for House Breaking & Theft at Contractor Nagar.,26.0,Other,4,13.023101951820813,77.7229712434205,0,0,0
3444,FIR/2024/KA16/00056,727,26,2024-10-08,2024,10,under_investigation,FIR registered for Riots at Mannan Street.,30.0,Female,2,14.70940629511645,75.34909309690944,0,0,0
3445,FIR/2024/KA11/00121,532,6,2024-08-11,2024,8,pending_trial,FIR registered for Attempt to Murder at Hayer Chowk.,69.0,Male,5,15.204041179736327,77.0201550381284,0,0,1
3446,FIR/2022/KA24/00028,921,2,2022-10-13,2022,10,pending_trial,FIR registered for House Breaking & Theft at Parsa.,38.0,Other,4,16.712695893101348,77.2384095633979,0,0,1
3447,FIR/2024/KA29/00064,1092,28,2024-03-25,2024,3,chargesheeted,FIR registered for Criminal Trespass at Balan Nagar.,45.0,Male,1,14.451785587198486,75.82429851280345,0,0,1
3448,FIR/2024/KA23/00032,899,16,2024-04-19,2024,4,chargesheeted,Victim lost Rs.384969 through online fraud/UPI scam.,72.0,Female,4,12.75006501160038,77.28466473567669,1,0,1
3449,FIR/2024/KA04/00094,268,1,2024-10-16,2024,10,chargesheeted,Complaint received regarding theft of gold chain worth Rs.492552.,68.0,Male,3,15.800530655891166,74.57945699350768,0,0,1
3450,FIR/2023/KA01/01801,182,19,2023-01-15,2023,1,chargesheeted,FIR registered for Cyber Crime - Phishing at Lala Ganj.,75.0,Other,1,12.832730746620204,77.5105907092975,1,0,1
3451,FIR/2022/KA01/01802,177,2,2022-08-20,2022,8,under_investigation,FIR registered for House Breaking & Theft at Nori Street.,27.0,Female,5,13.025309544953355,77.72916796437747,0,0,0
3452,FIR/2024/KA01/01803,57,2,2024-04-01,2024,4,under_investigation,FIR registered for House Breaking & Theft at Korpal Circle.,45.0,Female,1,13.055115510131243,77.73298206860909,0,0,0
3453,FIR/2023/KA01/01804,55,8,2023-04-19,2023,4,chargesheeted,Victim reported sexual assault incident at Hayre Street. Medical examination conducted.,38.0,Other,1,12.905209111956855,77.72519241364078,0,0,1
3454,FIR/2024/KA07/00032,377,2,2024-09-15,2024,9,chargesheeted,FIR registered for House Breaking & Theft at Goda Nagar.,,Female,3,13.259697569172525,74.80321930346639,0,0,1
3455,FIR/2023/KA14/00070,661,3,2023-01-12,2023,1,under_investigation,Complainant robbed at Chaudhuri Road by 4 armed persons.,51.0,Male,5,15.43121225888102,74.86841647289032,0,0,0
3456,FIR/2024/KA27/00119,1017,27,2024-08-24,2024,8,chargesheeted,FIR registered for Hurt/Grievous Hurt at Devan Nagar.,72.0,Male,4,16.24171639435846,75.60390837208297,0,0,1
3457,FIR/2023/KA01/01805,30,12,2023-02-25,2023,2,under_investigation,Accused cheated complainant of Rs.171499 through false promises.,53.0,Female,1,13.059980758909235,77.66250645049199,0,1,0
3458,FIR/2023/KA01/01806,68,13,2023-09-11,2023,9,under_investigation,FIR registered for Criminal Breach of Trust at Kade Path.,64.0,Other,2,12.992363194103142,77.61932179360328,0,1,0
3459,FIR/2024/KA01/01807,118,26,2024-02-16,2024,2,under_investigation,FIR registered for Riots at Shan Road.,71.0,Other,3,13.053374795545981,77.56255856493951,0,0,0
3460,FIR/2022/KA01/01808,117,28,2022-09-09,2022,9,chargesheeted,FIR registered for Criminal Trespass at Pingle Ganj.,66.0,Other,1,12.862741390962077,77.44493932826632,0,0,1
3461,FIR/2022/KA18/00014,780,2,2022-09-13,2022,9,under_investigation,FIR registered for House Breaking & Theft at Garg Path.,41.0,Female,5,13.337898057565004,75.65207148100005,0,0,0
3462,FIR/2024/KA09/00057,439,13,2024-12-25,2024,12,closed,FIR registered for Criminal Breach of Trust at Saraf Circle.,65.0,Other,4,13.994816633324445,75.58216659148921,0,1,1
3463,FIR/2023/KA01/01809,131,9,2023-06-01,2023,6,under_investigation,FIR registered for Assault on Women at Dani Zila.,,Other,3,12.858009973144213,77.49099294022452,0,0,0
3464,FIR/2024/KA01/01810,164,10,2024-03-07,2024,3,under_investigation,FIR registered for Sexual Harassment at De Street.,58.0,Male,1,12.90633379585471,77.5659576400576,0,0,0
3465,FIR/2024/KA13/00068,614,28,2024-02-01,2024,2,closed,FIR registered for Criminal Trespass at Handa Ganj.,65.0,Female,5,16.269311806903403,77.42969169049732,0,0,1
3466,FIR/2023/KA01/01811,96,23,2023-01-17,2023,1,chargesheeted,FIR registered for Domestic Violence at Radhakrishnan Circle.,,Other,3,13.072948456423763,77.72476527431819,0,0,1
3467,FIR/2024/KA10/00112,489,14,2024-02-08,2024,2,chargesheeted,FIR registered for Forgery at Nadkarni Path.,59.0,Female,1,13.405075687580059,77.24202324997438,0,1,1
3468,FIR/2024/KA12/00084,563,35,2024-05-11,2024,5,chargesheeted,FIR registered for SC/ST Atrocities Act at Sanghvi.,48.0,Male,4,16.979721615240287,75.82674117186897,0,0,1
3469,FIR/2023/KA25/00057,945,27,2023-11-02,2023,11,pending_trial,FIR registered for Hurt/Grievous Hurt at Batra Ganj.,39.0,Female,3,17.933284079253678,77.4086679920491,0,0,1
3470,FIR/2022/KA01/01812,91,12,2022-11-27,2022,11,chargesheeted,Accused cheated complainant of Rs.487509 through false promises.,43.0,Male,5,13.103163379121378,77.67954725135256,0,1,1
3471,FIR/2023/KA04/00095,232,16,2023-03-28,2023,3,under_investigation,Victim lost Rs.175502 through online fraud/UPI scam.,51.0,Other,2,15.88473449914714,74.37591685847185,1,0,0
3472,FIR/2022/KA29/00065,1089,32,2022-05-28,2022,5,chargesheeted,FIR registered for Missing Person at Narang Street.,73.0,Other,4,14.350619104345784,75.91204838835884,0,0,1
3473,FIR/2023/KA01/01813,133,12,2023-10-02,2023,10,closed,Accused cheated complainant of Rs.141236 through false promises.,63.0,Other,1,12.95230600863334,77.48219578849344,0,1,1
3474,FIR/2023/KA15/00025,689,16,2023-12-18,2023,12,closed,Victim lost Rs.423923 through online fraud/UPI scam.,28.0,Female,1,15.485799644829466,75.70219799013691,1,0,1
3475,FIR/2022/KA20/00073,823,27,2022-07-04,2022,7,closed,FIR registered for Hurt/Grievous Hurt at Suresh Circle.,49.0,Male,5,12.612570406179131,76.99019324996935,0,0,1
3476,FIR/2023/KA11/00122,540,12,2023-07-14,2023,7,pending_trial,Accused cheated complainant of Rs.58816 through false promises.,32.0,Other,5,15.148801299650826,76.97733952750104,0,1,1
3477,FIR/2023/KA01/01814,18,14,2023-11-06,2023,11,chargesheeted,FIR registered for Forgery at Bhattacharyya Chowk.,38.0,Female,4,13.009002211247482,77.5978235877042,0,1,1
3478,FIR/2024/KA01/01815,91,22,2024-08-08,2024,8,under_investigation,FIR registered for POCSO Act at Trivedi Street.,46.0,Female,5,13.11448514372433,77.68361848572331,0,0,0
3479,FIR/2024/KA01/01816,88,1,2024-03-26,2024,3,closed,Complaint received regarding theft of cash worth Rs.190941.,58.0,Other,3,12.8330993004494,77.54649739836893,0,0,1
3480,FIR/2024/KA01/01817,4,33,2024-09-02,2024,9,chargesheeted,FIR registered for Road Accident Death at Tara Path.,75.0,Male,2,12.813143058774962,77.49772506142175,0,0,1
3481,FIR/2022/KA01/01818,116,5,2022-08-04,2022,8,pending_trial,Dead body found at Shetty Circle. Prima facie case of murder registered.,70.0,Male,3,13.060312084901163,77.65723889709034,0,0,1
3482,FIR/2023/KA01/01819,85,1,2023-08-03,2023,8,closed,Complaint received regarding theft of gold chain worth Rs.24341.,24.0,Female,2,13.102320614227425,77.64326315513483,0,0,1
3483,FIR/2023/KA01/01820,60,16,2023-06-22,2023,6,chargesheeted,Victim lost Rs.319360 through online fraud/UPI scam.,36.0,Other,3,12.891439056885693,77.68621538679015,1,0,1
3484,FIR/2022/KA01/01821,107,1,2022-10-26,2022,10,closed,Complaint received regarding theft of two-wheeler worth Rs.493650.,34.0,Other,5,12.858392248842147,77.71175686152573,0,0,1
3485,FIR/2023/KA01/01822,10,24,2023-01-20,2023,1,under_investigation,FIR registered for NDPS Act at Loyal Chowk.,56.0,Female,3,13.12297270771169,77.55065833551018,0,0,0
3486,FIR/2023/KA14/00071,681,12,2023-03-27,2023,3,chargesheeted,Accused cheated complainant of Rs.6274 through false promises.,61.0,Male,3,15.492185329644421,75.13125132015506,0,1,1
3487,FIR/2022/KA02/00030,201,23,2022-05-01,2022,5,closed,FIR registered for Domestic Violence at Bansal.,30.0,Female,2,13.216861000298865,77.44279246334165,0,0,1
3488,FIR/2023/KA01/01823,44,16,2023-02-18,2023,2,under_investigation,Victim lost Rs.382420 through online fraud/UPI scam.,31.0,Other,3,12.974600161585236,77.5334955477948,1,0,0
3489,FIR/2023/KA01/01824,159,19,2023-06-12,2023,6,registered,FIR registered for Cyber Crime - Phishing at Seth Ganj.,26.0,Other,3,12.864171266513994,77.74748685520782,1,0,0
3490,FIR/2024/KA08/00065,397,16,2024-06-01,2024,6,under_investigation,Victim lost Rs.268883 through online fraud/UPI scam.,35.0,Other,5,12.999076430176473,76.15339595064177,1,0,0
3491,FIR/2024/KA11/00123,529,16,2024-08-06,2024,8,chargesheeted,Victim lost Rs.210149 through online fraud/UPI scam.,20.0,Other,2,15.270502006215782,76.84838665456888,1,0,1
3492,FIR/2023/KA21/00043,865,12,2023-09-04,2023,9,closed,Accused cheated complainant of Rs.84401 through false promises.,46.0,Male,2,13.18647803911352,78.12620705329816,0,1,1
3493,FIR/2022/KA13/00069,622,17,2022-08-15,2022,8,pending_trial,FIR registered for Cyber Crime - Identity Theft at Dugar.,57.0,Female,5,16.183339700886222,77.44586375990451,1,0,1
3494,FIR/2024/KA24/00029,917,1,2024-10-21,2024,10,closed,Complaint received regarding theft of laptop worth Rs.286767.,47.0,Female,5,16.88146581723519,77.25881723504948,0,0,1
3495,FIR/2022/KA13/00070,612,35,2022-05-09,2022,5,chargesheeted,FIR registered for SC/ST Atrocities Act at Chad Circle.,49.0,Female,4,16.133662323991594,77.38014031072487,0,0,1
3496,FIR/2023/KA06/00079,343,12,2023-12-25,2023,12,closed,Accused cheated complainant of Rs.269573 through false promises.,56.0,Male,3,13.038684391524177,74.90035040880879,0,1,1
3497,FIR/2023/KA01/01825,33,17,2023-08-21,2023,8,chargesheeted,FIR registered for Cyber Crime - Identity Theft at Saxena Road.,,Male,2,12.868494812399417,77.6315365365321,1,0,1
3498,FIR/2024/KA01/01826,38,18,2024-10-01,2024,10,under_investigation,FIR registered for Cyber Crime - Hacking at Pandey Circle.,52.0,Male,2,12.979795223463835,77.47439440564075,1,0,0
3499,FIR/2023/KA13/00071,628,30,2023-11-24,2023,11,under_investigation,FIR registered for Extortion at Barman Ganj.,52.0,Male,2,16.17172423390179,77.41545787875086,0,0,0
3500,FIR/2023/KA28/00036,1045,28,2023-01-28,2023,1,under_investigation,FIR registered for Criminal Trespass at Vala Chowk.,22.0,Male,3,14.789701256420283,74.78345983133964,0,0,0
3501,FIR/2023/KA01/01827,58,12,2023-04-19,2023,4,chargesheeted,Accused cheated complainant of Rs.193470 through false promises.,69.0,Male,3,12.874685081392844,77.57367039097426,0,1,1
3502,FIR/2024/KA05/00108,310,17,2024-11-13,2024,11,closed,FIR registered for Cyber Crime - Identity Theft at Seshadri Marg.,33.0,Other,4,17.26011765253079,76.76962315008318,1,0,1
3503,FIR/2024/KA02/00031,191,1,2024-01-05,2024,1,under_investigation,Complaint received regarding theft of two-wheeler worth Rs.429536.,49.0,Other,5,13.124281099584762,77.64045200474656,0,0,0
3504,FIR/2022/KA01/01828,112,20,2022-06-04,2022,6,chargesheeted,FIR registered for Dowry Death at Pillai Marg.,75.0,Female,1,13.01330559000256,77.65206597261522,0,0,1
3505,FIR/2022/KA28/00037,1057,1,2022-06-02,2022,6,pending_trial,Complaint received regarding theft of two-wheeler worth Rs.39110.,20.0,Male,3,14.850684915973684,74.73617907777712,0,0,1
3506,FIR/2024/KA01/01829,17,22,2024-10-16,2024,10,pending_trial,FIR registered for POCSO Act at Raja Road.,74.0,Other,1,12.876529810315946,77.60323128832025,0,0,1
3507,FIR/2023/KA01/01830,156,33,2023-08-21,2023,8,under_investigation,FIR registered for Road Accident Death at Gola Nagar.,41.0,Male,5,12.990299952343806,77.48301079526763,0,0,0
3508,FIR/2023/KA08/00066,416,28,2023-07-18,2023,7,pending_trial,FIR registered for Criminal Trespass at Kaur Chowk.,,Male,4,12.975001543307057,76.01704867531653,0,0,1
3509,FIR/2024/KA01/01831,128,30,2024-11-15,2024,11,under_investigation,FIR registered for Extortion at Borra Road.,30.0,Other,1,12.899882875396031,77.65406000082154,0,0,0
3510,FIR/2022/KA29/00066,1093,30,2022-01-02,2022,1,under_investigation,FIR registered for Extortion at Butala Path.,48.0,Male,2,14.624118902981033,76.01000590502254,0,0,0
3511,FIR/2024/KA17/00063,747,12,2024-08-10,2024,8,chargesheeted,Accused cheated complainant of Rs.473090 through false promises.,63.0,Other,5,14.281558792527372,76.25035943946334,0,1,1
3512,FIR/2023/KA01/01832,170,16,2023-03-15,2023,3,under_investigation,Victim lost Rs.471489 through online fraud/UPI scam.,27.0,Other,2,12.951344829387898,77.66114887442086,1,0,0
3513,FIR/2024/KA01/01833,116,1,2024-11-22,2024,11,under_investigation,Complaint received regarding theft of gold chain worth Rs.139176.,55.0,Other,2,13.048967700581294,77.66446800279932,0,0,0
3514,FIR/2024/KA15/00026,702,1,2024-05-16,2024,5,closed,Complaint received regarding theft of gold chain worth Rs.157903.,50.0,Other,4,15.52674146649101,75.68958230272966,0,0,1
3515,FIR/2022/KA08/00067,408,12,2022-05-15,2022,5,chargesheeted,Accused cheated complainant of Rs.254326 through false promises.,35.0,Female,2,12.94621432997128,76.08514659947546,0,1,1
3516,FIR/2023/KA20/00074,835,22,2023-09-08,2023,9,chargesheeted,FIR registered for POCSO Act at Iyer Nagar.,35.0,Female,5,12.392793349851747,76.89366950889232,0,0,1
3517,FIR/2023/KA07/00033,376,1,2023-01-01,2023,1,closed,Complaint received regarding theft of laptop worth Rs.396998.,57.0,Other,1,13.29300982974657,74.81930978200502,0,0,1
3518,FIR/2024/KA01/01834,70,3,2024-03-04,2024,3,chargesheeted,Complainant robbed at Krishna Path by 2 armed persons.,55.0,Other,5,13.01655258937727,77.50392383924385,0,0,1
3519,FIR/2022/KA25/00058,962,12,2022-04-04,2022,4,closed,Accused cheated complainant of Rs.358018 through false promises.,34.0,Male,1,17.77375043566328,77.59995629522828,0,1,1
3520,FIR/2024/KA10/00113,453,29,2024-01-03,2024,1,closed,FIR registered for Mischief at Devi Ganj.,18.0,Female,2,13.359759694936677,77.15152709359185,0,0,1
3521,FIR/2024/KA21/00044,854,16,2024-07-02,2024,7,chargesheeted,Victim lost Rs.45507 through online fraud/UPI scam.,26.0,Female,4,13.143614172581934,77.99736462265798,1,0,1
3522,FIR/2023/KA01/01835,51,11,2023-02-13,2023,2,under_investigation,FIR registered for Kidnapping & Abduction at Mistry Nagar.,18.0,Male,4,12.93210260421273,77.58266212262615,0,0,0
3523,FIR/2024/KA02/00032,195,33,2024-10-26,2024,10,chargesheeted,FIR registered for Road Accident Death at Pal Road.,,Male,5,13.359508106693758,77.66425429248679,0,0,1
3524,FIR/2023/KA01/01836,49,2,2023-01-18,2023,1,registered,FIR registered for House Breaking & Theft at Ravi Marg.,46.0,Male,3,12.979204908860972,77.58308883008985,0,0,0
3525,FIR/2024/KA01/01837,105,18,2024-04-12,2024,4,chargesheeted,FIR registered for Cyber Crime - Hacking at Arora.,29.0,Female,1,13.032303323795606,77.52152031086186,1,0,1
3526,FIR/2024/KA28/00038,1067,19,2024-03-23,2024,3,under_investigation,FIR registered for Cyber Crime - Phishing at Vala Chowk.,24.0,Male,4,14.924262527915042,74.63800663831408,1,0,0
3527,FIR/2023/KA04/00096,234,3,2023-01-06,2023,1,under_investigation,Complainant robbed at Rao Street by 3 armed persons.,46.0,Female,3,15.815038133227436,74.49752556190847,0,0,0
3528,FIR/2022/KA05/00109,282,24,2022-01-12,2022,1,chargesheeted,FIR registered for NDPS Act at Karan Ganj.,63.0,Female,5,17.233546724036852,76.95259160134432,0,0,1
3529,FIR/2024/KA01/01838,133,12,2024-08-23,2024,8,closed,Accused cheated complainant of Rs.90571 through false promises.,38.0,Other,4,12.979132123052802,77.46418556520952,0,1,1
3530,FIR/2024/KA01/01839,160,24,2024-12-28,2024,12,pending_trial,FIR registered for NDPS Act at Varty Ganj.,64.0,Other,2,12.943467349895164,77.50932918023356,0,0,1
3531,FIR/2024/KA01/01840,96,17,2024-06-28,2024,6,pending_trial,FIR registered for Cyber Crime - Identity Theft at Sidhu.,34.0,Male,2,13.059471505992688,77.71823564749096,1,0,1
3532,FIR/2022/KA01/01841,171,35,2022-05-12,2022,5,closed,FIR registered for SC/ST Atrocities Act at Oak Chowk.,,Other,2,12.847262765039668,77.52800256429728,0,0,1
3533,FIR/2024/KA01/01842,27,29,2024-08-27,2024,8,closed,FIR registered for Mischief at Munshi Zila.,43.0,Other,3,13.018154615058153,77.6412802489731,0,0,1
3534,FIR/2024/KA30/00030,1127,21,2024-11-02,2024,11,chargesheeted,FIR registered for Dowry Prohibition Act at Sanghvi Ganj.,18.0,Male,1,15.453482581459081,76.47896867924874,0,0,1
3535,FIR/2023/KA17/00064,754,28,2023-02-15,2023,2,registered,FIR registered for Criminal Trespass at Kadakia Marg.,61.0,Male,4,14.281009687218505,76.27228326447948,0,0,0
3536,FIR/2023/KA01/01843,138,33,2023-02-22,2023,2,pending_trial,FIR registered for Road Accident Death at Sengupta Chowk.,,Male,3,13.001381144604185,77.50598922582748,0,0,1
3537,FIR/2023/KA04/00097,257,13,2023-07-09,2023,7,registered,FIR registered for Criminal Breach of Trust at Balan Circle.,72.0,Other,3,15.760366779461798,74.5734752087227,0,1,0
3538,FIR/2024/KA01/01844,169,1,2024-07-24,2024,7,registered,Complaint received regarding theft of laptop worth Rs.294907.,22.0,Male,4,13.05242478381114,77.57940401349808,0,0,0
3539,FIR/2022/KA01/01845,160,17,2022-12-06,2022,12,under_investigation,FIR registered for Cyber Crime - Identity Theft at Dave.,48.0,Female,3,12.965877129598306,77.50820215454904,1,0,0
3540,FIR/2024/KA01/01846,2,5,2024-03-09,2024,3,pending_trial,Dead body found at Andra Road. Prima facie case of murder registered.,71.0,Male,4,13.040392230196234,77.72754630424579,0,0,1
3541,FIR/2022/KA01/01847,36,30,2022-03-24,2022,3,registered,FIR registered for Extortion at Pant Chowk.,32.0,Other,5,12.980539955380591,77.46207185689805,0,0,0
3542,FIR/2022/KA01/01848,74,2,2022-12-11,2022,12,chargesheeted,FIR registered for House Breaking & Theft at Kar Path.,27.0,Male,4,12.917767972324578,77.45552182178591,0,0,1
3543,FIR/2023/KA13/00072,636,29,2023-04-25,2023,4,pending_trial,FIR registered for Mischief at Sandal Marg.,38.0,Male,4,16.171016309020974,77.3184281389706,0,0,1
3544,FIR/2023/KA01/01849,68,9,2023-05-04,2023,5,under_investigation,FIR registered for Assault on Women at Yogi Marg.,59.0,Other,3,13.00558669505253,77.64012720208454,0,0,0
3545,FIR/2024/KA28/00039,1048,5,2024-04-21,2024,4,under_investigation,Dead body found at Nanda Road. Prima facie case of murder registered.,52.0,Female,5,14.889020425031095,74.70683839427221,0,0,0
3546,FIR/2023/KA01/01850,158,9,2023-08-24,2023,8,under_investigation,FIR registered for Assault on Women at Bajaj.,35.0,Male,3,13.021222939890702,77.46707237910793,0,0,0
3547,FIR/2022/KA01/01851,26,27,2022-11-10,2022,11,chargesheeted,FIR registered for Hurt/Grievous Hurt at Balay.,32.0,Female,5,12.834486902356328,77.4747757636139,0,0,1
3548,FIR/2024/KA12/00085,557,1,2024-10-16,2024,10,registered,Complaint received regarding theft of laptop worth Rs.268173.,41.0,Male,1,16.70143343940325,75.79583130267285,0,0,0
3549,FIR/2024/KA01/01852,70,29,2024-08-26,2024,8,closed,FIR registered for Mischief at Raman Path.,31.0,Female,1,13.019762255578499,77.52611135769331,0,0,1
3550,FIR/2024/KA29/00067,1078,14,2024-09-11,2024,9,chargesheeted,FIR registered for Forgery at Jayaraman Marg.,19.0,Other,5,14.402702758340226,76.0100843745872,0,1,1
3551,FIR/2023/KA01/01853,133,2,2023-06-24,2023,6,closed,FIR registered for House Breaking & Theft at Bhatt Marg.,54.0,Male,5,12.94407383585484,77.45395605151144,0,0,1
3552,FIR/2022/KA01/01854,60,31,2022-12-05,2022,12,under_investigation,FIR registered for Criminal Intimidation at Raju Circle.,65.0,Other,5,12.906565241350812,77.66669744847871,0,0,0
3553,FIR/2023/KA06/00080,331,19,2023-02-14,2023,2,pending_trial,FIR registered for Cyber Crime - Phishing at Soman Ganj.,20.0,Other,4,12.99306007182946,74.72714170963359,1,0,1
3554,FIR/2023/KA10/00114,470,1,2023-11-20,2023,11,registered,Complaint received regarding theft of cash worth Rs.390722.,69.0,Male,1,13.36993053232036,77.04576072194052,0,0,0
3555,FIR/2024/KA01/01855,103,33,2024-11-27,2024,11,under_investigation,FIR registered for Road Accident Death at Seth.,27.0,Male,2,12.868280671570412,77.44116843210357,0,0,0
3556,FIR/2023/KA29/00068,1086,1,2023-06-13,2023,6,chargesheeted,Complaint received regarding theft of two-wheeler worth Rs.186517.,63.0,Male,5,14.6003435044036,75.95499299507328,0,0,1
3557,FIR/2022/KA01/01856,71,1,2022-07-04,2022,7,under_investigation,Complaint received regarding theft of laptop worth Rs.371636.,34.0,Male,2,13.006420738575207,77.56874575872159,0,0,0
3558,FIR/2023/KA10/00115,492,3,2023-11-23,2023,11,chargesheeted,Complainant robbed at Goel Circle by 3 armed persons.,32.0,Other,4,13.492422712800975,77.07609492687732,0,0,1
3559,FIR/2023/KA23/00033,904,22,2023-02-22,2023,2,closed,FIR registered for POCSO Act at Suresh Nagar.,46.0,Other,2,12.654818322027548,77.21178016000174,0,0,1
3560,FIR/2022/KA01/01857,134,13,2022-06-21,2022,6,chargesheeted,FIR registered for Criminal Breach of Trust at Grover Nagar.,21.0,Other,3,13.11290699547916,77.60526166369316,0,1,1
3561,FIR/2024/KA09/00058,424,12,2024-06-08,2024,6,pending_trial,Accused cheated complainant of Rs.457730 through false promises.,72.0,Other,5,13.825598856244556,75.55738880858634,0,1,1
3562,FIR/2023/KA13/00073,608,18,2023-12-20,2023,12,under_investigation,FIR registered for Cyber Crime - Hacking at Mander Marg.,47.0,Other,3,16.19840326099067,77.19917008094232,1,0,0
3563,FIR/2023/KA01/01858,76,26,2023-12-21,2023,12,under_investigation,FIR registered for Riots at Kaul Ganj.,,Female,1,13.100835098004016,77.70225585024734,0,0,0
3564,FIR/2022/KA01/01859,81,2,2022-02-08,2022,2,chargesheeted,FIR registered for House Breaking & Theft at Viswanathan Road.,30.0,Female,1,12.884060802729028,77.70745335402448,0,0,1
3565,FIR/2023/KA14/00072,646,3,2023-10-09,2023,10,pending_trial,Complainant robbed at Sha Zila by 1 armed persons.,26.0,Other,2,15.337908394956871,74.96289408321682,0,0,1
3566,FIR/2024/KA01/01860,162,17,2024-01-18,2024,1,chargesheeted,FIR registered for Cyber Crime - Identity Theft at Pillay Nagar.,73.0,Female,1,13.071637178368132,77.59433774532155,1,0,1
3567,FIR/2022/KA21/00045,852,13,2022-12-19,2022,12,under_investigation,FIR registered for Criminal Breach of Trust at Apte Circle.,18.0,Other,3,13.153373278473252,78.12406826039184,0,1,0
3568,FIR/2023/KA01/01861,153,18,2023-09-07,2023,9,chargesheeted,FIR registered for Cyber Crime - Hacking at Narain Street.,25.0,Female,5,13.087698149392532,77.61237036415766,1,0,1
3569,FIR/2024/KA10/00116,456,2,2024-01-17,2024,1,registered,FIR registered for House Breaking & Theft at Raman Marg.,,Male,5,13.304862404833113,77.10734932572684,0,0,0
3570,FIR/2023/KA01/01862,66,24,2023-09-10,2023,9,under_investigation,FIR registered for NDPS Act at Choudhry Street.,30.0,Female,3,12.896731269014008,77.62061783959957,0,0,0
3571,FIR/2023/KA11/00124,535,1,2023-12-26,2023,12,under_investigation,Complaint received regarding theft of mobile phone worth Rs.55183.,46.0,Male,3,15.161645515975293,76.78575454110369,0,0,0
3572,FIR/2024/KA11/00125,528,3,2024-05-27,2024,5,under_investigation,Complainant robbed at Sridhar Marg by 4 armed persons.,74.0,Male,1,15.248574921155504,76.99165751198667,0,0,0
3573,FIR/2023/KA09/00059,418,17,2023-06-11,2023,6,chargesheeted,FIR registered for Cyber Crime - Identity Theft at Ramachandran Zila.,34.0,Other,1,14.00462944385562,75.70274418671535,1,0,1
3574,FIR/2023/KA01/01863,173,18,2023-01-22,2023,1,chargesheeted,FIR registered for Cyber Crime - Hacking at De Ganj.,38.0,Male,2,12.958417399809926,77.66977869234667,1,0,1
3575,FIR/2022/KA11/00126,518,12,2022-08-16,2022,8,chargesheeted,Accused cheated complainant of Rs.405433 through false promises.,50.0,Female,3,15.060018272372394,76.996850036768,0,1,1
3576,FIR/2023/KA01/01864,77,1,2023-06-14,2023,6,closed,Complaint received regarding theft of mobile phone worth Rs.173363.,20.0,Female,1,13.061984024223735,77.53105770974334,0,0,1
3577,FIR/2022/KA13/00074,595,27,2022-08-02,2022,8,chargesheeted,FIR registered for Hurt/Grievous Hurt at Mukherjee Street.,,Other,1,16.07106534530364,77.36384247342887,0,0,1
3578,FIR/2024/KA28/00040,1059,16,2024-02-19,2024,2,under_investigation,Victim lost Rs.18401 through online fraud/UPI scam.,64.0,Male,2,14.665666345696561,74.75525089223623,1,0,0
3579,FIR/2022/KA11/00127,530,23,2022-08-16,2022,8,chargesheeted,FIR registered for Domestic Violence at Shanker Circle.,58.0,Other,2,15.25770726236098,76.89875590489709,0,0,1
3580,FIR/2024/KA01/01865,79,1,2024-09-19,2024,9,under_investigation,Complaint received regarding theft of mobile phone worth Rs.474843.,41.0,Other,2,12.850037350888734,77.51488221731569,0,0,0
3581,FIR/2023/KA01/01866,124,26,2023-02-13,2023,2,under_investigation,FIR registered for Riots at Dhar Nagar.,45.0,Other,3,13.039140105721884,77.7307213771835,0,0,0
3582,FIR/2022/KA17/00065,738,1,2022-06-26,2022,6,pending_trial,Complaint received regarding theft of mobile phone worth Rs.407533.,71.0,Male,5,14.359199810735078,76.26855809910276,0,0,1
3583,FIR/2023/KA01/01867,123,12,2023-12-08,2023,12,under_investigation,Accused cheated complainant of Rs.332298 through false promises.,70.0,Female,2,13.113102011927538,77.49092951878127,0,1,0
3584,FIR/2023/KA13/00075,621,1,2023-01-20,2023,1,under_investigation,Complaint received regarding theft of cash worth Rs.431090.,38.0,Other,3,16.277463962690472,77.4293732970365,0,0,0
3585,FIR/2024/KA18/00015,778,1,2024-02-19,2024,2,chargesheeted,Complaint received regarding theft of laptop worth Rs.287909.,45.0,Female,4,13.396309910741348,75.74351269120295,0,0,1
3586,FIR/2023/KA30/00031,1111,1,2023-12-18,2023,12,closed,Complaint received regarding theft of laptop worth Rs.143170.,20.0,Female,3,15.221232274056002,76.61578193581886,0,0,1
3587,FIR/2023/KA01/01868,134,26,2023-06-03,2023,6,pending_trial,FIR registered for Riots at Baral.,69.0,Female,1,13.095611061583002,77.60679557503619,0,0,1
3588,FIR/2022/KA09/00060,444,24,2022-02-24,2022,2,under_investigation,FIR registered for NDPS Act at Mani Zila.,56.0,Other,2,13.798565401112542,75.48324370683433,0,0,0
3589,FIR/2023/KA17/00066,767,22,2023-02-08,2023,2,closed,FIR registered for POCSO Act at Palan Chowk.,58.0,Other,1,14.300161941664124,76.34035920377013,0,0,1
3590,FIR/2022/KA23/00034,910,22,2022-10-03,2022,10,closed,FIR registered for POCSO Act at Raman Road.,34.0,Male,1,12.59902105865866,77.37592039909012,0,0,1
3591,FIR/2022/KA01/01869,155,14,2022-01-01,2022,1,under_investigation,FIR registered for Forgery at Gill.,47.0,Female,5,12.906132392784077,77.645585633897,0,1,0
3592,FIR/2024/KA28/00041,1049,1,2024-09-26,2024,9,chargesheeted,Complaint received regarding theft of two-wheeler worth Rs.194415.,,Other,5,14.848901461847177,74.78336209654869,0,0,1
3593,FIR/2024/KA01/01870,182,1,2024-07-14,2024,7,under_investigation,Complaint received regarding theft of laptop worth Rs.226276.,,Male,5,12.806860908506119,77.52872250561978,0,0,0
3594,FIR/2022/KA20/00075,820,16,2022-06-24,2022,6,registered,Victim lost Rs.63775 through online fraud/UPI scam.,24.0,Female,3,12.506006310254474,76.77849200910904,1,0,0
3595,FIR/2022/KA01/01871,44,12,2022-01-18,2022,1,chargesheeted,Accused cheated complainant of Rs.301822 through false promises.,37.0,Male,1,12.950573932745243,77.49983337218451,0,1,1
3596,FIR/2023/KA01/01872,182,20,2023-02-25,2023,2,chargesheeted,FIR registered for Dowry Death at Bassi Marg.,48.0,Female,4,12.84040377088925,77.54264434049628,0,0,1
3597,FIR/2023/KA23/00035,911,19,2023-02-21,2023,2,registered,FIR registered for Cyber Crime - Phishing at Dugar Ganj.,25.0,Other,4,12.810289022594873,77.29302642996137,1,0,0
3598,FIR/2024/KA20/00076,826,13,2024-06-10,2024,6,pending_trial,FIR registered for Criminal Breach of Trust at Yogi Road.,35.0,Female,5,12.65115381424703,76.85839794803078,0,1,1
3599,FIR/2024/KA01/01873,105,1,2024-11-17,2024,11,chargesheeted,Complaint received regarding theft of two-wheeler worth Rs.136751.,,Other,5,13.031828211456663,77.50405053991375,0,0,1
3600,FIR/2024/KA06/00081,328,29,2024-02-28,2024,2,under_investigation,FIR registered for Mischief at Tak Ganj.,35.0,Other,3,13.005001951595878,74.95258950520336,0,0,0
3601,FIR/2023/KA01/01874,20,16,2023-10-27,2023,10,chargesheeted,Victim lost Rs.244892 through online fraud/UPI scam.,23.0,Other,3,12.932853940614946,77.51689549130256,1,0,1
3602,FIR/2023/KA08/00068,408,27,2023-09-19,2023,9,pending_trial,FIR registered for Hurt/Grievous Hurt at Bose Path.,37.0,Female,3,12.964252426503402,76.08022437905038,0,0,1
3603,FIR/2022/KA05/00110,284,22,2022-05-13,2022,5,under_investigation,FIR registered for POCSO Act at Thaman Zila.,71.0,Other,4,17.28215899543401,76.98670679218316,0,0,0
3604,FIR/2024/KA16/00057,727,18,2024-08-25,2024,8,under_investigation,FIR registered for Cyber Crime - Hacking at Rout Path.,34.0,Other,4,14.711344330751235,75.35246657464215,1,0,0
3605,FIR/2023/KA01/01875,122,1,2023-01-11,2023,1,under_investigation,Complaint received regarding theft of two-wheeler worth Rs.188821.,72.0,Other,4,13.09389477246745,77.58505886676463,0,0,0
3606,FIR/2022/KA01/01876,31,20,2022-09-19,2022,9,chargesheeted,FIR registered for Dowry Death at Johal Road.,62.0,Female,1,12.95971288958389,77.56398156623922,0,0,1
3607,FIR/2023/KA13/00076,603,16,2023-02-20,2023,2,under_investigation,Victim lost Rs.90816 through online fraud/UPI scam.,26.0,Female,5,16.073417842860415,77.32233156173115,1,0,0
3608,FIR/2023/KA01/01877,24,19,2023-02-15,2023,2,chargesheeted,FIR registered for Cyber Crime - Phishing at Bala Chowk.,40.0,Female,4,12.989718355339278,77.698618038397,1,0,1
3609,FIR/2023/KA01/01878,101,32,2023-11-12,2023,11,closed,FIR registered for Missing Person at Shenoy Zila.,64.0,Other,4,12.99996846887875,77.55476895705527,0,0,1
3610,FIR/2022/KA01/01879,162,16,2022-05-26,2022,5,chargesheeted,Victim lost Rs.485615 through online fraud/UPI scam.,40.0,Female,4,13.071777605169903,77.56627820474303,1,0,1
3611,FIR/2022/KA27/00120,1006,12,2022-06-24,2022,6,registered,Accused cheated complainant of Rs.193730 through false promises.,34.0,Other,3,16.099910243610353,75.84830695103223,0,1,0
3612,FIR/2023/KA01/01880,139,18,2023-10-23,2023,10,chargesheeted,FIR registered for Cyber Crime - Hacking at Barad Marg.,26.0,Female,4,12.987027465965607,77.54991578417808,1,0,1
3613,FIR/2023/KA11/00128,513,1,2023-05-09,2023,5,pending_trial,Complaint received regarding theft of cash worth Rs.146078.,39.0,Other,4,14.995917050775478,77.03559883386336,0,0,1
3614,FIR/2024/KA17/00067,738,1,2024-11-14,2024,11,under_investigation,Complaint received regarding theft of gold chain worth Rs.366679.,18.0,Other,3,14.33383238666239,76.29020670712069,0,0,0
3615,FIR/2023/KA01/01881,33,27,2023-06-07,2023,6,closed,FIR registered for Hurt/Grievous Hurt at Shetty Path.,48.0,Male,5,12.85852410170447,77.64001084547716,0,0,1
3616,FIR/2022/KA08/00069,382,2,2022-03-16,2022,3,under_investigation,FIR registered for House Breaking & Theft at Shenoy Chowk.,,Other,5,13.11579274748295,76.02262709489533,0,0,0
3617,FIR/2023/KA01/01882,78,1,2023-03-24,2023,3,closed,Complaint received regarding theft of laptop worth Rs.433294.,,Female,4,13.097476258412518,77.5255522472379,0,0,1
3618,FIR/2024/KA03/00040,206,17,2024-11-06,2024,11,closed,FIR registered for Cyber Crime - Identity Theft at Kibe Circle.,29.0,Other,5,12.29696562596697,76.58500604324894,1,0,1
3619,FIR/2023/KA10/00117,463,18,2023-05-07,2023,5,chargesheeted,FIR registered for Cyber Crime - Hacking at Dey Chowk.,43.0,Male,4,13.242045484287718,76.99793095916073,1,0,1
3620,FIR/2024/KA01/01883,170,12,2024-08-22,2024,8,chargesheeted,Accused cheated complainant of Rs.150853 through false promises.,36.0,Other,1,12.967884758890062,77.65373664724906,0,1,1
3621,FIR/2024/KA01/01884,83,1,2024-11-14,2024,11,chargesheeted,Complaint received regarding theft of mobile phone worth Rs.453019.,39.0,Other,2,12.854616739148877,77.72250334020644,0,0,1
3622,FIR/2024/KA01/01885,73,29,2024-10-03,2024,10,under_investigation,FIR registered for Mischief at Chaudhry Nagar.,50.0,Male,2,12.825716832354024,77.51534162778654,0,0,0
3623,FIR/2023/KA01/01886,28,1,2023-01-17,2023,1,registered,Complaint received regarding theft of two-wheeler worth Rs.400425.,55.0,Male,2,13.108776011521263,77.61416549417649,0,0,0
3624,FIR/2024/KA07/00034,375,8,2024-05-08,2024,5,under_investigation,Victim reported sexual assault incident at Warrior Zila. Medical examination conducted.,35.0,Other,3,13.400523762466491,74.80739123340199,0,0,0
3625,FIR/2022/KA06/00082,340,10,2022-12-13,2022,12,chargesheeted,FIR registered for Sexual Harassment at Ganguly Marg.,62.0,Male,5,12.882795003814138,74.92103519843397,0,0,1
3626,FIR/2024/KA13/00077,597,3,2024-05-02,2024,5,under_investigation,Complainant robbed at Apte Zila by 2 armed persons.,56.0,Male,3,16.298932833238016,77.39279911018077,0,0,0
3627,FIR/2024/KA01/01887,151,17,2024-06-04,2024,6,pending_trial,FIR registered for Cyber Crime - Identity Theft at Dube Road.,54.0,Other,1,13.023079143185925,77.7378295030165,1,0,1
3628,FIR/2022/KA20/00077,843,12,2022-07-14,2022,7,chargesheeted,Accused cheated complainant of Rs.138068 through false promises.,36.0,Male,5,12.574117592853012,76.96008843111852,0,1,1
3629,FIR/2022/KA14/00073,642,12,2022-06-28,2022,6,chargesheeted,Accused cheated complainant of Rs.469841 through false promises.,37.0,Female,2,15.367801791014525,75.15615263561432,0,1,1
3630,FIR/2022/KA25/00059,948,2,2022-05-21,2022,5,chargesheeted,FIR registered for House Breaking & Theft at Walia Nagar.,,Other,2,17.824206004956412,77.58755392512559,0,0,1
3631,FIR/2024/KA01/01888,8,19,2024-03-22,2024,3,closed,FIR registered for Cyber Crime - Phishing at Sathe Ganj.,43.0,Male,3,12.831287320752619,77.48727238997758,1,0,1
3632,FIR/2023/KA01/01889,112,9,2023-06-07,2023,6,under_investigation,FIR registered for Assault on Women at Virk Nagar.,71.0,Other,3,13.002617942535288,77.64913012922688,0,0,0
3633,FIR/2024/KA10/00118,493,1,2024-04-23,2024,4,chargesheeted,Complaint received regarding theft of laptop worth Rs.297736.,49.0,Other,2,13.306538072629392,77.1977844746877,0,0,1
3634,FIR/2022/KA01/01890,80,7,2022-09-19,2022,9,closed,FIR registered for Culpable Homicide at Sawhney Road.,45.0,Female,2,12.882936018353817,77.63407607706914,0,0,1
3635,FIR/2022/KA13/00078,635,3,2022-08-26,2022,8,chargesheeted,Complainant robbed at Agrawal Nagar by 1 armed persons.,46.0,Female,2,16.161137332387312,77.39700600316704,0,0,1
3636,FIR/2023/KA21/00046,868,28,2023-07-11,2023,7,under_investigation,FIR registered for Criminal Trespass at Purohit Nagar.,22.0,Other,5,13.210545823926427,77.99778598293807,0,0,0
3637,FIR/2024/KA11/00129,524,16,2024-01-09,2024,1,registered,Victim lost Rs.246273 through online fraud/UPI scam.,26.0,Other,3,15.094446086519095,76.91296005452743,1,0,0
3638,FIR/2023/KA01/01891,113,16,2023-08-02,2023,8,pending_trial,Victim lost Rs.226424 through online fraud/UPI scam.,24.0,Female,5,13.0201143096875,77.60996655961395,1,0,1
3639,FIR/2022/KA01/01892,127,29,2022-06-01,2022,6,registered,FIR registered for Mischief at Chand Ganj.,60.0,Male,1,12.884637372703612,77.71181903874782,0,0,0
3640,FIR/2024/KA01/01893,54,17,2024-09-10,2024,9,under_investigation,FIR registered for Cyber Crime - Identity Theft at Sama Nagar.,23.0,Male,4,12.964787472930432,77.46850786007043,1,0,0
3641,FIR/2024/KA01/01894,70,12,2024-12-23,2024,12,registered,Accused cheated complainant of Rs.149300 through false promises.,,Female,3,13.033052114885203,77.49731674650344,0,1,0
3642,FIR/2024/KA01/01895,89,21,2024-08-08,2024,8,registered,FIR registered for Dowry Prohibition Act at Handa Path.,31.0,Male,5,12.851680965820814,77.683979730812,0,0,0
3643,FIR/2024/KA01/01896,161,33,2024-01-03,2024,1,closed,FIR registered for Road Accident Death at Kannan Zila.,44.0,Male,1,13.124325443283707,77.54480470494974,0,0,1
3644,FIR/2024/KA01/01897,165,17,2024-10-28,2024,10,under_investigation,FIR registered for Cyber Crime - Identity Theft at Ganesh Zila.,,Male,4,12.987793820574497,77.55926572668899,1,0,0
3645,FIR/2023/KA06/00083,335,29,2023-06-09,2023,6,closed,FIR registered for Mischief at Basu Street.,,Other,3,13.06259090300614,74.86306298363296,0,0,1
3646,FIR/2022/KA01/01898,108,3,2022-05-08,2022,5,under_investigation,Complainant robbed at Vala Marg by 3 armed persons.,23.0,Male,5,12.95256680904359,77.54655753905115,0,0,0
3647,FIR/2024/KA01/01899,16,28,2024-01-10,2024,1,under_investigation,FIR registered for Criminal Trespass at Narain Zila.,22.0,Other,1,13.018897983735481,77.62045811958792,0,0,0
3648,FIR/2024/KA10/00119,468,18,2024-11-14,2024,11,registered,FIR registered for Cyber Crime - Hacking at Gupta Path.,30.0,Other,3,13.235016646851223,77.01042673728841,1,0,0
3649,FIR/2023/KA01/01900,173,28,2023-08-16,2023,8,chargesheeted,FIR registered for Criminal Trespass at Johal.,50.0,Female,4,12.935237764823444,77.66726880455289,0,0,1
3650,FIR/2022/KA27/00121,996,22,2022-01-27,2022,1,under_investigation,FIR registered for POCSO Act at Rana Circle.,66.0,Male,4,16.22328251672266,75.59280107725397,0,0,0
3651,FIR/2022/KA05/00111,294,16,2022-12-23,2022,12,chargesheeted,Victim lost Rs.414133 through online fraud/UPI scam.,34.0,Male,5,17.401042407261205,76.95548102227444,1,0,1
3652,FIR/2022/KA06/00084,334,9,2022-02-26,2022,2,under_investigation,FIR registered for Assault on Women at Kala Ganj.,41.0,Other,1,12.868845010796678,74.83021089223958,0,0,0
3653,FIR/2024/KA27/00122,1036,19,2024-11-26,2024,11,closed,FIR registered for Cyber Crime - Phishing at Parikh Zila.,,Male,4,16.24838018189395,75.70555507818527,1,0,1
3654,FIR/2023/KA10/00120,488,11,2023-06-02,2023,6,under_investigation,FIR registered for Kidnapping & Abduction at Ghose Path.,35.0,Other,2,13.321499247503795,77.09186242449945,0,0,0
3655,FIR/2022/KA10/00121,488,15,2022-03-24,2022,3,under_investigation,FIR registered for Counterfeiting at Ratti Nagar.,72.0,Male,1,13.309670246150477,77.05984235959916,0,1,0
3656,FIR/2024/KA21/00047,868,32,2024-08-22,2024,8,chargesheeted,FIR registered for Missing Person at Arora Path.,34.0,Other,4,13.210258015196,78.00277518197119,0,0,1
3657,FIR/2024/KA27/00123,1004,12,2024-02-14,2024,2,chargesheeted,Accused cheated complainant of Rs.66026 through false promises.,18.0,Female,4,16.222942617149286,75.7939528462255,0,1,1
3658,FIR/2024/KA11/00130,525,1,2024-11-01,2024,11,registered,Complaint received regarding theft of cash worth Rs.45794.,41.0,Other,4,15.06615045892611,77.00554043152142,0,0,0
3659,FIR/2023/KA01/01901,174,13,2023-10-24,2023,10,chargesheeted,FIR registered for Criminal Breach of Trust at Mallick Zila.,61.0,Male,3,12.94778701436469,77.5512088614158,0,1,1
3660,FIR/2024/KA01/01902,54,13,2024-02-11,2024,2,registered,FIR registered for Criminal Breach of Trust at Pillay.,,Female,3,12.992796915101032,77.4710902774949,0,1,0
3661,FIR/2022/KA01/01903,6,8,2022-12-18,2022,12,closed,Victim reported sexual assault incident at Bhavsar Nagar. Medical examination conducted.,53.0,Female,2,12.82382615049003,77.70530274567453,0,0,1
3662,FIR/2024/KA01/01904,150,23,2024-06-15,2024,6,chargesheeted,FIR registered for Domestic Violence at Roy Ganj.,48.0,Male,4,12.884103783074886,77.63968807847883,0,0,1
3663,FIR/2022/KA27/00124,1030,18,2022-02-20,2022,2,chargesheeted,FIR registered for Cyber Crime - Hacking at Tata Road.,73.0,Male,3,16.3133550656999,75.78455120863673,1,0,1
3664,FIR/2023/KA27/00125,991,26,2023-10-26,2023,10,under_investigation,FIR registered for Riots at Yadav Zila.,65.0,Female,5,16.17775107020817,75.73203191854843,0,0,0
3665,FIR/2024/KA11/00131,515,32,2024-07-27,2024,7,chargesheeted,FIR registered for Missing Person at Garg.,61.0,Other,1,14.979003120023897,76.95260339734844,0,0,1
3666,FIR/2022/KA01/01905,133,23,2022-06-19,2022,6,chargesheeted,FIR registered for Domestic Violence at Chandran Road.,58.0,Female,5,12.97075757507496,77.46461618235259,0,0,1
3667,FIR/2022/KA01/01906,139,12,2022-09-01,2022,9,under_investigation,Accused cheated complainant of Rs.184433 through false promises.,21.0,Other,2,12.96389066051055,77.57097652557998,0,1,0
3668,FIR/2024/KA01/01907,9,1,2024-09-18,2024,9,registered,Complaint received regarding theft of gold chain worth Rs.262367.,72.0,Female,2,12.90966334007575,77.46704397484235,0,0,0
3669,FIR/2023/KA15/00027,701,31,2023-07-23,2023,7,under_investigation,FIR registered for Criminal Intimidation at Gill Path.,57.0,Female,5,15.461352355911625,75.49143698879892,0,0,0
3670,FIR/2022/KA06/00085,347,33,2022-08-13,2022,8,closed,FIR registered for Road Accident Death at Subramaniam Path.,54.0,Female,3,12.84816950248064,74.71871470240656,0,0,1
3671,FIR/2022/KA11/00132,546,24,2022-12-07,2022,12,under_investigation,FIR registered for NDPS Act at Nayak Zila.,73.0,Female,5,15.101265067002059,77.05584515759476,0,0,0
3672,FIR/2022/KA20/00078,838,27,2022-01-20,2022,1,under_investigation,FIR registered for Hurt/Grievous Hurt at Sen Nagar.,69.0,Other,1,12.633284413159384,76.86981827743742,0,0,0
3673,FIR/2023/KA01/01908,33,1,2023-10-15,2023,10,chargesheeted,Complaint received regarding theft of laptop worth Rs.434591.,75.0,Other,5,12.853443709404754,77.61606603426492,0,0,1
3674,FIR/2022/KA02/00033,188,16,2022-09-07,2022,9,chargesheeted,Victim lost Rs.472682 through online fraud/UPI scam.,21.0,Other,1,13.229952704602452,77.55305852943441,1,0,1
3675,FIR/2022/KA25/00060,963,12,2022-05-17,2022,5,under_investigation,Accused cheated complainant of Rs.451509 through false promises.,66.0,Male,3,17.802041812658185,77.56316580427098,0,1,0
3676,FIR/2023/KA01/01909,108,16,2023-06-27,2023,6,chargesheeted,Victim lost Rs.5687 through online fraud/UPI scam.,42.0,Female,5,12.958606117351865,77.57264966579348,1,0,1
3677,FIR/2024/KA01/01910,99,1,2024-08-12,2024,8,chargesheeted,Complaint received regarding theft of mobile phone worth Rs.154227.,57.0,Male,3,13.125848062747256,77.61832241276818,0,0,1
3678,FIR/2023/KA31/00021,1137,10,2023-01-09,2023,1,chargesheeted,FIR registered for Sexual Harassment at Khalsa Road.,47.0,Female,3,11.944128135734077,77.04586949699333,0,0,1
3679,FIR/2023/KA08/00070,393,23,2023-01-22,2023,1,pending_trial,FIR registered for Domestic Violence at Kohli Marg.,25.0,Other,5,12.888629406044155,76.06525889066134,0,0,1
3680,FIR/2023/KA25/00061,949,16,2023-08-11,2023,8,under_investigation,Victim lost Rs.478381 through online fraud/UPI scam.,29.0,Female,3,17.870535469000938,77.39669054055551,1,0,0
3681,FIR/2024/KA09/00061,449,35,2024-03-17,2024,3,under_investigation,FIR registered for SC/ST Atrocities Act at Devan Nagar.,32.0,Male,1,13.972338055538376,75.61989141383471,0,0,0
3682,FIR/2023/KA01/01911,15,10,2023-09-12,2023,9,registered,FIR registered for Sexual Harassment at Tara Path.,39.0,Male,3,12.926905601292795,77.62932784176188,0,0,0
3683,FIR/2024/KA01/01912,113,22,2024-08-18,2024,8,chargesheeted,FIR registered for POCSO Act at Jaggi Road.,73.0,Other,1,13.039377623490154,77.6033561231475,0,0,1
3684,FIR/2022/KA12/00086,567,31,2022-02-17,2022,2,registered,FIR registered for Criminal Intimidation at Prashad Street.,19.0,Other,1,16.821960535978523,75.82008001213414,0,0,0
3685,FIR/2023/KA21/00048,868,25,2023-01-09,2023,1,closed,FIR registered for Arms Act at Barad Ganj.,56.0,Male,2,13.240626726690914,78.00321699222684,0,0,1
3686,FIR/2024/KA12/00087,571,1,2024-07-23,2024,7,chargesheeted,Complaint received regarding theft of laptop worth Rs.299521.,50.0,Female,5,16.922462592580924,75.59043304230585,0,0,1
3687,FIR/2024/KA04/00098,246,9,2024-03-22,2024,3,under_investigation,FIR registered for Assault on Women at Desai Path.,21.0,Female,4,15.870495793427548,74.47491094221084,0,0,0
3688,FIR/2022/KA09/00062,439,3,2022-08-03,2022,8,under_investigation,Complainant robbed at Nadkarni Road by 4 armed persons.,72.0,Female,5,13.979022942415508,75.58161621834688,0,0,0
3689,FIR/2024/KA01/01913,156,17,2024-09-27,2024,9,registered,FIR registered for Cyber Crime - Identity Theft at Verma Nagar.,36.0,Male,4,12.993622214746821,77.49963384325562,1,0,0
3690,FIR/2024/KA27/00126,999,16,2024-06-22,2024,6,chargesheeted,Victim lost Rs.349869 through online fraud/UPI scam.,38.0,Other,5,16.232041039302885,75.76884193992424,1,0,1
3691,FIR/2022/KA01/01914,158,24,2022-07-18,2022,7,closed,FIR registered for NDPS Act at Karnik Nagar.,36.0,Female,2,13.02745394531926,77.46555947187126,0,0,1
3692,FIR/2022/KA01/01915,134,19,2022-02-18,2022,2,chargesheeted,FIR registered for Cyber Crime - Phishing at Oommen Path.,67.0,Male,2,13.112081238424834,77.6302101886401,1,0,1
3693,FIR/2023/KA12/00088,553,27,2023-03-07,2023,3,registered,FIR registered for Hurt/Grievous Hurt at Jha Ganj.,32.0,Other,5,16.76390114894371,75.85157902725724,0,0,0
3694,FIR/2024/KA01/01916,161,28,2024-02-22,2024,2,chargesheeted,FIR registered for Criminal Trespass at Bhagat Circle.,57.0,Other,2,13.111068368694353,77.51596522629434,0,0,1
3695,FIR/2024/KA01/01917,104,10,2024-01-25,2024,1,under_investigation,FIR registered for Sexual Harassment at Kapadia Ganj.,45.0,Other,3,13.097965082178623,77.61860722392048,0,0,0
3696,FIR/2023/KA05/00112,293,2,2023-11-05,2023,11,under_investigation,FIR registered for House Breaking & Theft at Raj.,50.0,Other,4,17.230510547518083,76.82355348996512,0,0,0
3697,FIR/2024/KA25/00062,939,22,2024-09-01,2024,9,under_investigation,FIR registered for POCSO Act at Nagy Circle.,67.0,Other,2,17.907436895521972,77.5525521130581,0,0,0
3698,FIR/2022/KA13/00079,627,35,2022-01-19,2022,1,chargesheeted,FIR registered for SC/ST Atrocities Act at Sathe Street.,49.0,Male,4,16.231490485447907,77.29457452299154,0,0,1
3699,FIR/2024/KA13/00080,635,1,2024-07-05,2024,7,under_investigation,Complaint received regarding theft of cash worth Rs.270818.,43.0,Female,5,16.174645180652497,77.38978182084544,0,0,0
3700,FIR/2024/KA01/01918,169,11,2024-09-21,2024,9,chargesheeted,FIR registered for Kidnapping & Abduction at Boase Chowk.,,Female,4,13.051762774247853,77.59134094582633,0,0,1
3701,FIR/2023/KA20/00079,825,1,2023-09-03,2023,9,closed,Complaint received regarding theft of two-wheeler worth Rs.259984.,73.0,Male,3,12.516562330206007,76.861446384299,0,0,1
3702,FIR/2024/KA01/01919,132,12,2024-07-11,2024,7,chargesheeted,Accused cheated complainant of Rs.226401 through false promises.,56.0,Male,2,13.038777839544023,77.44790352148016,0,1,1
3703,FIR/2022/KA01/01920,112,35,2022-10-20,2022,10,closed,FIR registered for SC/ST Atrocities Act at Chand Street.,20.0,Other,1,12.996841902111807,77.63158815237199,0,0,1
3704,FIR/2022/KA10/00122,471,21,2022-12-01,2022,12,chargesheeted,FIR registered for Dowry Prohibition Act at Jayaraman Street.,51.0,Female,5,13.34511760499803,77.19808591755842,0,0,1
3705,FIR/2024/KA01/01921,117,27,2024-05-18,2024,5,under_investigation,FIR registered for Hurt/Grievous Hurt at Tripathi Ganj.,62.0,Female,2,12.86128158935281,77.44577591936135,0,0,0
3706,FIR/2022/KA01/01922,119,16,2022-04-03,2022,4,chargesheeted,Victim lost Rs.365575 through online fraud/UPI scam.,45.0,Other,4,13.029009780153308,77.55260105717858,1,0,1
3707,FIR/2022/KA01/01923,75,14,2022-11-20,2022,11,closed,FIR registered for Forgery at Mukhopadhyay Chowk.,19.0,Other,4,12.877915960154708,77.67506756874187,0,1,1
3708,FIR/2024/KA20/00080,804,23,2024-12-07,2024,12,chargesheeted,FIR registered for Domestic Violence at Hora Street.,71.0,Male,4,12.62091061482296,76.88553972926252,0,0,1
3709,FIR/2023/KA11/00133,512,33,2023-09-17,2023,9,chargesheeted,FIR registered for Road Accident Death at Samra Ganj.,38.0,Female,5,15.059937262278021,77.02001022958414,0,0,1
3710,FIR/2024/KA06/00086,349,34,2024-11-24,2024,11,chargesheeted,FIR registered for Immoral Traffic Act at Kothari Street.,25.0,Female,3,12.782626901603635,74.95077601556484,0,0,1
3711,FIR/2024/KA01/01924,12,23,2024-08-20,2024,8,chargesheeted,FIR registered for Domestic Violence at Mangal Road.,49.0,Other,2,13.0309553207208,77.46724347180057,0,0,1
3712,FIR/2024/KA14/00074,680,17,2024-01-12,2024,1,chargesheeted,FIR registered for Cyber Crime - Identity Theft at Sen.,20.0,Other,3,15.468789525172602,74.91675250223733,1,0,1
3713,FIR/2024/KA30/00032,1121,1,2024-08-17,2024,8,under_investigation,Complaint received regarding theft of laptop worth Rs.137679.,39.0,Female,4,15.440098099854435,76.48824997255772,0,0,0
3714,FIR/2023/KA01/01925,102,19,2023-03-04,2023,3,chargesheeted,FIR registered for Cyber Crime - Phishing at Buch Chowk.,39.0,Other,2,12.99610682299869,77.59177111543131,1,0,1
3715,FIR/2024/KA01/01926,56,3,2024-05-05,2024,5,under_investigation,Complainant robbed at Rao Path by 4 armed persons.,29.0,Other,2,13.081292151825162,77.45616628522502,0,0,0
3716,FIR/2024/KA01/01927,46,6,2024-08-06,2024,8,under_investigation,FIR registered for Attempt to Murder at Ganesh Marg.,,Other,1,13.01790772552515,77.48182426520941,0,0,0
3717,FIR/2024/KA01/01928,118,14,2024-05-04,2024,5,under_investigation,FIR registered for Forgery at Sastry Chowk.,60.0,Other,5,13.040892248910493,77.57068884686713,0,1,0
3718,FIR/2023/KA01/01929,82,12,2023-03-26,2023,3,under_investigation,Accused cheated complainant of Rs.354390 through false promises.,40.0,Other,3,12.945601223564976,77.52764372254384,0,1,0
3719,FIR/2024/KA13/00081,606,30,2024-07-06,2024,7,chargesheeted,FIR registered for Extortion at Sant.,43.0,Female,4,16.305735406673854,77.22709466151016,0,0,1
3720,FIR/2022/KA14/00075,645,3,2022-09-10,2022,9,under_investigation,Complainant robbed at Subramaniam Street by 3 armed persons.,55.0,Male,4,15.540416341057133,75.08576957854548,0,0,0
3721,FIR/2024/KA01/01930,138,1,2024-06-01,2024,6,chargesheeted,Complaint received regarding theft of mobile phone worth Rs.32413.,45.0,Female,3,13.016790089331138,77.5162298758466,0,0,1
3722,FIR/2024/KA10/00123,469,1,2024-01-19,2024,1,closed,Complaint received regarding theft of mobile phone worth Rs.154287.,72.0,Male,1,13.401935270386842,77.04503618644742,0,0,1
3723,FIR/2024/KA01/01931,90,12,2024-07-12,2024,7,closed,Accused cheated complainant of Rs.462706 through false promises.,37.0,Other,2,12.989347757139289,77.47480944264107,0,1,1
3724,FIR/2022/KA01/01932,154,13,2022-09-28,2022,9,under_investigation,FIR registered for Criminal Breach of Trust at Gill Street.,73.0,Other,2,13.048279778693633,77.4475689337099,0,1,0
3725,FIR/2024/KA01/01933,144,25,2024-11-11,2024,11,under_investigation,FIR registered for Arms Act at Rai Road.,70.0,Male,1,12.957972995282926,77.56418144909092,0,0,0
3726,FIR/2024/KA01/01934,149,12,2024-03-04,2024,3,under_investigation,Accused cheated complainant of Rs.200830 through false promises.,24.0,Male,4,12.875527717610835,77.58795656947385,0,1,0
3727,FIR/2023/KA27/00127,1025,8,2023-11-13,2023,11,closed,Victim reported sexual assault incident at Mander Chowk. Medical examination conducted.,23.0,Male,3,16.032578174713414,75.75497393069291,0,0,1
3728,FIR/2022/KA14/00076,681,18,2022-01-01,2022,1,under_investigation,FIR registered for Cyber Crime - Hacking at Srivastava Marg.,68.0,Female,2,15.487127459366814,75.12046933817528,1,0,0
3729,FIR/2023/KA08/00071,412,2,2023-05-25,2023,5,chargesheeted,FIR registered for House Breaking & Theft at Nath Zila.,40.0,Male,3,13.144517202712198,76.05357091737886,0,0,1
3730,FIR/2023/KA04/00099,240,29,2023-08-22,2023,8,closed,FIR registered for Mischief at Singh Street.,,Other,3,15.778175766656462,74.56810866410028,0,0,1
3731,FIR/2024/KA01/01935,101,3,2024-04-23,2024,4,closed,Complainant robbed at Dubey Ganj by 4 armed persons.,56.0,Other,5,13.000312750038576,77.54096309923618,0,0,1
3732,FIR/2022/KA01/01936,62,12,2022-12-06,2022,12,registered,Accused cheated complainant of Rs.357901 through false promises.,28.0,Other,2,13.04763001015747,77.47302835443337,0,1,0
3733,FIR/2023/KA14/00077,639,14,2023-02-13,2023,2,pending_trial,FIR registered for Forgery at Tella Nagar.,,Other,2,15.604605131251752,74.96508526827178,0,1,1
3734,FIR/2023/KA01/01937,130,28,2023-10-16,2023,10,chargesheeted,FIR registered for Criminal Trespass at Swamy Path.,67.0,Other,2,12.911043730986066,77.5184783013204,0,0,1
3735,FIR/2024/KA11/00134,546,30,2024-11-15,2024,11,chargesheeted,FIR registered for Extortion at Sagar Marg.,21.0,Female,4,15.119461666564947,77.0239791483944,0,0,1
3736,FIR/2022/KA01/01938,118,35,2022-11-21,2022,11,closed,FIR registered for SC/ST Atrocities Act at Prakash Marg.,73.0,Other,5,13.040590570930211,77.59216714805837,0,0,1
3737,FIR/2022/KA01/01939,136,30,2022-02-19,2022,2,closed,FIR registered for Extortion at Suri Marg.,,Other,5,12.924819702115249,77.6623060078231,0,0,1
3738,FIR/2023/KA01/01940,98,9,2023-03-20,2023,3,chargesheeted,FIR registered for Assault on Women at Bobal Road.,,Other,3,13.038843378649561,77.53509106835233,0,0,1
3739,FIR/2024/KA01/01941,158,23,2024-03-14,2024,3,under_investigation,FIR registered for Domestic Violence at Barad Marg.,21.0,Male,3,13.016491723976653,77.43125355455547,0,0,0
3740,FIR/2024/KA10/00124,486,2,2024-06-21,2024,6,under_investigation,FIR registered for House Breaking & Theft at Rajan Zila.,72.0,Other,3,13.294100790979535,77.20463986787246,0,0,0
3741,FIR/2022/KA01/01942,95,2,2022-06-13,2022,6,under_investigation,FIR registered for House Breaking & Theft at Gaba.,32.0,Female,2,12.905095001793276,77.68058531646105,0,0,0
3742,FIR/2022/KA05/00113,293,1,2022-12-28,2022,12,chargesheeted,Complaint received regarding theft of mobile phone worth Rs.274542.,59.0,Male,1,17.230015585871026,76.82502561268727,0,0,1
3743,FIR/2023/KA01/01943,108,8,2023-06-20,2023,6,chargesheeted,Victim reported sexual assault incident at Pall Road. Medical examination conducted.,68.0,Other,3,12.958393309540673,77.57009510005848,0,0,1
3744,FIR/2022/KA16/00058,733,25,2022-12-16,2022,12,under_investigation,FIR registered for Arms Act at Suresh Circle.,,Male,1,14.83954252585502,75.49571069518774,0,0,0
3745,FIR/2022/KA01/01944,88,15,2022-03-04,2022,3,pending_trial,FIR registered for Counterfeiting at Bhardwaj Path.,67.0,Female,5,12.83377680805958,77.54063937571787,0,1,1
3746,FIR/2024/KA22/00025,880,2,2024-08-21,2024,8,pending_trial,FIR registered for House Breaking & Theft at Samra Marg.,19.0,Female,1,13.557240641308256,77.6988280778524,0,0,1
3747,FIR/2024/KA01/01945,123,12,2024-12-01,2024,12,chargesheeted,Accused cheated complainant of Rs.206761 through false promises.,43.0,Male,3,13.105392777796975,77.49594891712326,0,1,1
3748,FIR/2023/KA06/00087,328,9,2023-04-05,2023,4,under_investigation,FIR registered for Assault on Women at Banerjee Chowk.,49.0,Other,5,12.97640806979875,74.94479643684765,0,0,0
3749,FIR/2022/KA12/00089,566,1,2022-01-16,2022,1,chargesheeted,Complaint received regarding theft of two-wheeler worth Rs.236173.,39.0,Male,2,16.8074906642671,75.6548356216577,0,0,1
3750,FIR/2024/KA01/01946,165,1,2024-04-13,2024,4,chargesheeted,Complaint received regarding theft of mobile phone worth Rs.430072.,35.0,Male,5,13.006513894413002,77.54727823681003,0,0,1
3751,FIR/2022/KA01/01947,77,12,2022-09-12,2022,9,chargesheeted,Accused cheated complainant of Rs.85536 through false promises.,27.0,Other,5,13.047445190632287,77.53119038375857,0,1,1
3752,FIR/2022/KA04/00100,273,1,2022-06-04,2022,6,under_investigation,Complaint received regarding theft of cash worth Rs.169446.,36.0,Female,5,15.985762976656016,74.45811294237272,0,0,0
3753,FIR/2022/KA01/01948,19,4,2022-02-12,2022,2,chargesheeted,FIR registered for Dacoity at Edwin Ganj.,,Other,4,13.05505927950191,77.47234351911752,0,0,1
3754,FIR/2022/KA11/00135,533,1,2022-02-26,2022,2,chargesheeted,Complaint received regarding theft of gold chain worth Rs.433491.,42.0,Male,5,15.076913847825235,77.00779960477506,0,0,1
3755,FIR/2024/KA02/00034,187,13,2024-08-13,2024,8,under_investigation,FIR registered for Criminal Breach of Trust at Rajagopalan Zila.,69.0,Male,1,13.187413194818829,77.60497175646596,0,1,0
3756,FIR/2023/KA27/00128,1029,26,2023-05-22,2023,5,chargesheeted,FIR registered for Riots at Buch Marg.,,Male,3,16.07927398307124,75.66565345923993,0,0,1
3757,FIR/2024/KA01/01949,164,11,2024-06-08,2024,6,chargesheeted,FIR registered for Kidnapping & Abduction at Gulati Circle.,57.0,Other,1,12.898514229390006,77.56847163063834,0,0,1
3758,FIR/2022/KA07/00035,356,17,2022-08-27,2022,8,closed,FIR registered for Cyber Crime - Identity Theft at Gandhi Marg.,47.0,Other,5,13.36439554275729,74.78238857292597,1,0,1
3759,FIR/2023/KA01/01950,17,35,2023-12-28,2023,12,pending_trial,FIR registered for SC/ST Atrocities Act at Krishnan Marg.,29.0,Female,5,12.902095968326515,77.58230716649499,0,0,1
3760,FIR/2024/KA01/01951,159,1,2024-04-03,2024,4,registered,Complaint received regarding theft of gold chain worth Rs.90730.,31.0,Other,4,12.83862190889646,77.73908918855831,0,0,0
3761,FIR/2022/KA01/01952,10,27,2022-08-11,2022,8,chargesheeted,FIR registered for Hurt/Grievous Hurt at Raja Circle.,59.0,Female,3,13.119700580036852,77.54886622080839,0,0,1
3762,FIR/2022/KA23/00036,900,23,2022-02-19,2022,2,chargesheeted,FIR registered for Domestic Violence at Morar.,61.0,Other,4,12.790804429764568,77.12387703144846,0,0,1
3763,FIR/2022/KA05/00114,297,9,2022-04-18,2022,4,under_investigation,FIR registered for Assault on Women at Chakraborty Marg.,46.0,Other,1,17.215498856790408,76.7065556751049,0,0,0
3764,FIR/2023/KA20/00081,834,12,2023-04-22,2023,4,chargesheeted,Accused cheated complainant of Rs.178755 through false promises.,21.0,Female,1,12.663938967387926,77.02160219368385,0,1,1
3765,FIR/2024/KA01/01953,61,12,2024-02-21,2024,2,pending_trial,Accused cheated complainant of Rs.496624 through false promises.,,Other,4,13.028694243388466,77.6836406981663,0,1,1
3766,FIR/2024/KA01/01954,131,35,2024-08-12,2024,8,chargesheeted,FIR registered for SC/ST Atrocities Act at Rao Ganj.,22.0,Other,4,12.858013801275499,77.49897692219494,0,0,1
3767,FIR/2024/KA01/01955,52,2,2024-11-13,2024,11,closed,FIR registered for House Breaking & Theft at Ahuja Road.,,Female,2,13.00852143040693,77.61851279991313,0,0,1
3768,FIR/2022/KA01/01956,141,1,2022-02-01,2022,2,pending_trial,Complaint received regarding theft of laptop worth Rs.347908.,42.0,Other,3,13.11427451654212,77.60160712885933,0,0,1
3769,FIR/2022/KA06/00088,344,27,2022-11-28,2022,11,closed,FIR registered for Hurt/Grievous Hurt at Chatterjee Nagar.,64.0,Male,5,12.997778365551891,74.83985976869003,0,0,1
3770,FIR/2024/KA01/01957,40,32,2024-05-03,2024,5,closed,FIR registered for Missing Person at Sahni Zila.,57.0,Male,2,13.00917711607327,77.71083561644195,0,0,1
3771,FIR/2023/KA06/00089,332,25,2023-05-28,2023,5,under_investigation,FIR registered for Arms Act at Saha Circle.,58.0,Male,4,12.908480289587045,74.85743380647254,0,0,0
3772,FIR/2022/KA13/00082,612,12,2022-06-08,2022,6,closed,Accused cheated complainant of Rs.120200 through false promises.,67.0,Female,2,16.149109893066292,77.34548979633729,0,1,1
3773,FIR/2024/KA12/00090,563,12,2024-08-23,2024,8,chargesheeted,Accused cheated complainant of Rs.83083 through false promises.,,Other,4,16.94921329057539,75.83862022809416,0,1,1
3774,FIR/2024/KA01/01958,126,32,2024-08-04,2024,8,closed,FIR registered for Missing Person at Grewal Path.,56.0,Male,2,12.970371606073666,77.70857353531326,0,0,1
3775,FIR/2023/KA01/01959,87,27,2023-01-11,2023,1,chargesheeted,FIR registered for Hurt/Grievous Hurt at Hora Street.,71.0,Other,4,12.831871604754204,77.55122466869912,0,0,1
3776,FIR/2024/KA26/00019,976,13,2024-04-04,2024,4,chargesheeted,FIR registered for Criminal Breach of Trust at Gopal Chowk.,,Other,4,15.362653986389843,76.20845216687071,0,1,1
3777,FIR/2022/KA01/01960,168,3,2022-05-20,2022,5,under_investigation,Complainant robbed at Choudhary Circle by 2 armed persons.,73.0,Other,2,12.969072955391262,77.60636925999896,0,0,0
3778,FIR/2023/KA01/01961,153,24,2023-08-18,2023,8,chargesheeted,FIR registered for NDPS Act at Kala Chowk.,31.0,Female,3,13.105134850530167,77.63678738211865,0,0,1
3779,FIR/2023/KA11/00136,505,9,2023-12-13,2023,12,chargesheeted,FIR registered for Assault on Women at Iyer Street.,50.0,Male,2,15.129200407275889,76.97395675938446,0,0,1
3780,FIR/2024/KA01/01962,16,27,2024-01-19,2024,1,chargesheeted,FIR registered for Hurt/Grievous Hurt at Goswami Nagar.,70.0,Female,5,13.03553060246412,77.60797721378817,0,0,1
3781,FIR/2022/KA01/01963,146,1,2022-04-28,2022,4,closed,Complaint received regarding theft of two-wheeler worth Rs.206664.,64.0,Other,1,12.810040455509213,77.59952718895228,0,0,1
3782,FIR/2024/KA10/00125,458,18,2024-08-25,2024,8,closed,FIR registered for Cyber Crime - Hacking at Sastry Marg.,52.0,Male,3,13.304604553314288,77.06684359010356,1,0,1
3783,FIR/2024/KA01/01964,92,25,2024-10-21,2024,10,closed,FIR registered for Arms Act at Chopra.,44.0,Female,1,13.045284951287316,77.55106031504246,0,0,1
3784,FIR/2022/KA01/01965,116,16,2022-03-22,2022,3,closed,Victim lost Rs.351377 through online fraud/UPI scam.,54.0,Female,2,13.045708341072379,77.64798637504893,1,0,1
3785,FIR/2023/KA01/01966,163,29,2023-04-04,2023,4,closed,FIR registered for Mischief at Chada Road.,64.0,Male,2,12.897367289944873,77.70332259038929,0,0,1
3786,FIR/2022/KA19/00008,786,17,2022-01-01,2022,1,under_investigation,FIR registered for Cyber Crime - Identity Theft at Dash Marg.,64.0,Female,3,12.509438005478657,75.70617432887852,1,0,0
3787,FIR/2023/KA06/00090,317,16,2023-06-22,2023,6,closed,Victim lost Rs.177285 through online fraud/UPI scam.,32.0,Other,3,12.882358402367268,74.70761255344812,1,0,1
3788,FIR/2022/KA01/01967,43,12,2022-10-03,2022,10,pending_trial,Accused cheated complainant of Rs.331238 through false promises.,71.0,Other,5,13.102318887497518,77.64450823599759,0,1,1
3789,FIR/2023/KA01/01968,36,12,2023-07-22,2023,7,registered,Accused cheated complainant of Rs.438515 through false promises.,71.0,Female,3,12.982587403161265,77.4753159732844,0,1,0
3790,FIR/2024/KA27/00129,994,12,2024-11-14,2024,11,closed,Accused cheated complainant of Rs.55340 through false promises.,47.0,Other,2,16.161977386326708,75.56902924064207,0,1,1
3791,FIR/2022/KA04/00101,242,22,2022-01-14,2022,1,closed,FIR registered for POCSO Act at Andra Zila.,51.0,Other,3,15.913041848959915,74.36905722260634,0,0,1
3792,FIR/2024/KA27/00130,1024,16,2024-11-01,2024,11,under_investigation,Victim lost Rs.259031 through online fraud/UPI scam.,29.0,Female,1,16.304750272031328,75.82109579350582,1,0,0
3793,FIR/2024/KA01/01969,131,1,2024-02-12,2024,2,registered,Complaint received regarding theft of cash worth Rs.458428.,,Female,5,12.848108439803857,77.48725715227572,0,0,0
3794,FIR/2022/KA01/01970,3,14,2022-03-22,2022,3,under_investigation,FIR registered for Forgery at Kakar Zila.,59.0,Male,5,12.821954229361355,77.49131961836564,0,1,0
3795,FIR/2023/KA08/00072,411,34,2023-06-28,2023,6,chargesheeted,FIR registered for Immoral Traffic Act at Amble Circle.,,Other,1,12.877853006263859,76.04205742169621,0,0,1
3796,FIR/2023/KA16/00059,734,16,2023-07-08,2023,7,under_investigation,Victim lost Rs.442812 through online fraud/UPI scam.,46.0,Female,4,14.688928602945897,75.42417295406665,1,0,0
3797,FIR/2024/KA27/00131,1003,29,2024-05-28,2024,5,chargesheeted,FIR registered for Mischief at Sunder Road.,60.0,Other,3,16.098150797294,75.78112977390053,0,0,1
3798,FIR/2022/KA01/01971,107,16,2022-12-09,2022,12,under_investigation,Victim lost Rs.52921 through online fraud/UPI scam.,18.0,Male,1,12.851521980801092,77.72892177023401,1,0,0
3799,FIR/2024/KA01/01972,160,14,2024-08-13,2024,8,chargesheeted,FIR registered for Forgery at Sanghvi.,24.0,Male,5,12.961348667714956,77.50621356655148,0,1,1
3800,FIR/2022/KA24/00030,929,12,2022-06-26,2022,6,pending_trial,Accused cheated complainant of Rs.479827 through false promises.,18.0,Other,2,16.9207837439863,77.07131253119535,0,1,1
3801,FIR/2024/KA20/00082,839,2,2024-08-11,2024,8,closed,FIR registered for House Breaking & Theft at Murty Path.,33.0,Female,2,12.563593138536323,76.83842465362244,0,0,1
3802,FIR/2024/KA01/01973,9,12,2024-06-26,2024,6,closed,Accused cheated complainant of Rs.469439 through false promises.,45.0,Male,5,12.881215503570447,77.44552612862542,0,1,1
3803,FIR/2023/KA01/01974,37,12,2023-04-12,2023,4,registered,Accused cheated complainant of Rs.376960 through false promises.,38.0,Female,5,13.052871964728539,77.55258411616016,0,1,0
3804,FIR/2022/KA25/00063,950,28,2022-09-06,2022,9,chargesheeted,FIR registered for Criminal Trespass at Bhandari.,52.0,Male,5,17.940151701198573,77.4157615673457,0,0,1
3805,FIR/2023/KA01/01975,30,19,2023-06-17,2023,6,chargesheeted,FIR registered for Cyber Crime - Phishing at Narayanan Path.,65.0,Female,1,13.057509102853945,77.6902459801819,1,0,1
3806,FIR/2022/KA10/00126,483,1,2022-03-21,2022,3,chargesheeted,Complaint received regarding theft of cash worth Rs.247762.,51.0,Male,3,13.327359408111839,77.22644015599896,0,0,1
3807,FIR/2024/KA11/00137,502,3,2024-11-05,2024,11,under_investigation,Complainant robbed at Ratti Chowk by 1 armed persons.,47.0,Female,1,15.196142649498807,76.83039969424759,0,0,0
3808,FIR/2024/KA01/01976,22,3,2024-03-21,2024,3,pending_trial,Complainant robbed at Bal Street by 2 armed persons.,67.0,Male,3,12.957778452179172,77.71671713361788,0,0,1
3809,FIR/2022/KA01/01977,156,22,2022-06-25,2022,6,under_investigation,FIR registered for POCSO Act at Das.,49.0,Male,2,13.021212847552652,77.50042099028961,0,0,0
3810,FIR/2023/KA07/00036,376,23,2023-10-18,2023,10,chargesheeted,FIR registered for Domestic Violence at Mammen Circle.,29.0,Other,5,13.285770266147436,74.85453785102179,0,0,1
3811,FIR/2023/KA17/00068,758,18,2023-03-23,2023,3,under_investigation,FIR registered for Cyber Crime - Hacking at Pillay Ganj.,39.0,Female,3,14.162936510690228,76.2892496693946,1,0,0
3812,FIR/2022/KA05/00115,286,17,2022-08-26,2022,8,closed,FIR registered for Cyber Crime - Identity Theft at Soman Chowk.,28.0,Other,3,17.44068646102984,76.7403874857364,1,0,1
3813,FIR/2023/KA01/01978,145,10,2023-03-05,2023,3,registered,FIR registered for Sexual Harassment at Sachdev Circle.,71.0,Female,3,13.118960281639628,77.55632942389514,0,0,0
3814,FIR/2024/KA13/00083,617,14,2024-10-22,2024,10,closed,FIR registered for Forgery at Aggarwal Ganj.,53.0,Other,4,16.325832585818002,77.32446669765345,0,1,1
3815,FIR/2024/KA01/01979,106,12,2024-10-19,2024,10,closed,Accused cheated complainant of Rs.322305 through false promises.,20.0,Female,5,13.008858241303534,77.55247767217874,0,1,1
3816,FIR/2022/KA04/00102,269,16,2022-10-05,2022,10,registered,Victim lost Rs.310248 through online fraud/UPI scam.,,Other,2,15.736166745744123,74.45320628423222,1,0,0
3817,FIR/2024/KA01/01980,143,8,2024-08-26,2024,8,closed,Victim reported sexual assault incident at Sawhney Path. Medical examination conducted.,58.0,Male,3,12.955174157723933,77.45300719679693,0,0,1
3818,FIR/2024/KA01/01981,111,29,2024-11-25,2024,11,under_investigation,FIR registered for Mischief at Sundaram Ganj.,42.0,Other,3,13.05465072737866,77.52433229596541,0,0,0
3819,FIR/2024/KA01/01982,123,16,2024-03-18,2024,3,chargesheeted,Victim lost Rs.310363 through online fraud/UPI scam.,53.0,Other,5,13.11428025135839,77.49150906675358,1,0,1
3820,FIR/2023/KA22/00026,890,2,2023-09-03,2023,9,under_investigation,FIR registered for House Breaking & Theft at Sangha Path.,65.0,Male,2,13.351488617304879,77.81240568441667,0,0,0
3821,FIR/2023/KA01/01983,121,1,2023-07-17,2023,7,registered,Complaint received regarding theft of gold chain worth Rs.297736.,67.0,Female,2,13.099328732371525,77.67764496790694,0,0,0
3822,FIR/2024/KA20/00083,826,12,2024-02-27,2024,2,under_investigation,Accused cheated complainant of Rs.455302 through false promises.,72.0,Female,2,12.668936631812295,76.87503253960776,0,1,0
3823,FIR/2022/KA08/00073,412,12,2022-04-25,2022,4,pending_trial,Accused cheated complainant of Rs.44805 through false promises.,32.0,Other,3,13.133528140238491,76.04405928573271,0,1,1
3824,FIR/2024/KA11/00138,534,28,2024-10-16,2024,10,chargesheeted,FIR registered for Criminal Trespass at Venkatesh Street.,68.0,Female,2,15.131741794348278,76.91471317170934,0,0,1
3825,FIR/2022/KA01/01984,7,3,2022-01-03,2022,1,closed,Complainant robbed at Thaman by 4 armed persons.,23.0,Other,2,12.889152876388502,77.49557356439391,0,0,1
3826,FIR/2022/KA05/00116,303,24,2022-07-12,2022,7,chargesheeted,FIR registered for NDPS Act at Datta Nagar.,,Male,2,17.435367538039596,76.78819452733806,0,0,1
3827,FIR/2024/KA18/00016,782,16,2024-02-16,2024,2,chargesheeted,Victim lost Rs.417379 through online fraud/UPI scam.,63.0,Male,2,13.283743200436597,75.86415857683119,1,0,1
3828,FIR/2024/KA29/00069,1084,1,2024-09-18,2024,9,under_investigation,Complaint received regarding theft of mobile phone worth Rs.284478.,28.0,Male,4,14.325765803840252,75.79167041750745,0,0,0
3829,FIR/2024/KA01/01985,46,12,2024-02-13,2024,2,under_investigation,Accused cheated complainant of Rs.92799 through false promises.,,Other,1,13.014339360326884,77.45602697901238,0,1,0
3830,FIR/2023/KA25/00064,952,16,2023-02-02,2023,2,registered,Victim lost Rs.246006 through online fraud/UPI scam.,22.0,Male,4,17.809876647880685,77.42638988382127,1,0,0
3831,FIR/2022/KA11/00139,532,27,2022-04-18,2022,4,chargesheeted,FIR registered for Hurt/Grievous Hurt at Khosla Circle.,29.0,Male,5,15.222711951203149,77.01439901155271,0,0,1
3832,FIR/2023/KA16/00060,718,14,2023-02-27,2023,2,chargesheeted,FIR registered for Forgery at Kakar Ganj.,42.0,Male,2,14.776640437272007,75.32208718936005,0,1,1
3833,FIR/2024/KA01/01986,152,16,2024-08-16,2024,8,under_investigation,Victim lost Rs.87166 through online fraud/UPI scam.,36.0,Female,1,13.075234325814545,77.73687235559437,1,0,0
3834,FIR/2022/KA04/00103,273,35,2022-09-01,2022,9,chargesheeted,FIR registered for SC/ST Atrocities Act at Saran Zila.,31.0,Female,1,15.956997399641848,74.43444699511905,0,0,1
3835,FIR/2024/KA12/00091,555,27,2024-03-14,2024,3,under_investigation,FIR registered for Hurt/Grievous Hurt at Dyal Nagar.,54.0,Female,4,16.962861454202507,75.56410798210652,0,0,0
3836,FIR/2024/KA07/00037,368,17,2024-01-12,2024,1,chargesheeted,FIR registered for Cyber Crime - Identity Theft at Rajagopal Path.,26.0,Male,5,13.416579238925436,74.63782257913992,1,0,1
3837,FIR/2024/KA17/00069,743,1,2024-10-27,2024,10,pending_trial,Complaint received regarding theft of two-wheeler worth Rs.158834.,23.0,Other,2,14.190748709113318,76.46381364820537,0,0,1
3838,FIR/2024/KA01/01987,149,6,2024-07-14,2024,7,under_investigation,FIR registered for Attempt to Murder at Soni Road.,42.0,Male,5,12.911400519548144,77.58114414147678,0,0,0
3839,FIR/2022/KA01/01988,155,27,2022-05-07,2022,5,under_investigation,FIR registered for Hurt/Grievous Hurt at Deshpande Zila.,19.0,Other,1,12.87556158013684,77.6558628254664,0,0,0
3840,FIR/2022/KA01/01989,2,14,2022-02-13,2022,2,under_investigation,FIR registered for Forgery at Swamy Circle.,,Other,3,13.02183098485217,77.70190072823202,0,1,0
3841,FIR/2023/KA13/00084,605,8,2023-02-09,2023,2,under_investigation,Victim reported sexual assault incident at Natarajan Zila. Medical examination conducted.,34.0,Other,3,16.325888902020136,77.38420217438377,0,0,0
3842,FIR/2024/KA01/01990,32,9,2024-12-22,2024,12,chargesheeted,FIR registered for Assault on Women at Bhattacharyya Ganj.,21.0,Male,5,12.88483903414523,77.6006001954192,0,0,1
3843,FIR/2024/KA01/01991,55,19,2024-10-01,2024,10,under_investigation,FIR registered for Cyber Crime - Phishing at Purohit Path.,40.0,Male,5,12.897434072185144,77.73883272464872,1,0,0
3844,FIR/2022/KA10/00127,493,27,2022-01-13,2022,1,closed,FIR registered for Hurt/Grievous Hurt at Sarkar Marg.,20.0,Female,3,13.28198537282775,77.20192199281853,0,0,1
3845,FIR/2024/KA01/01992,90,30,2024-10-06,2024,10,under_investigation,FIR registered for Extortion at Kapoor Ganj.,35.0,Female,1,13.02321388496907,77.49686612048468,0,0,0
3846,FIR/2023/KA09/00063,435,21,2023-11-05,2023,11,chargesheeted,FIR registered for Dowry Prohibition Act at D’Alia Road.,64.0,Other,4,13.926358066913895,75.45602625080006,0,0,1
3847,FIR/2024/KA01/01993,16,26,2024-12-28,2024,12,chargesheeted,FIR registered for Riots at Chahal Road.,,Male,3,13.029823659671854,77.64516702568547,0,0,1
3848,FIR/2023/KA01/01994,170,30,2023-08-03,2023,8,closed,FIR registered for Extortion at Chakraborty Zila.,49.0,Female,3,12.947963493687546,77.64981180584276,0,0,1
3849,FIR/2024/KA01/01995,106,29,2024-03-24,2024,3,pending_trial,FIR registered for Mischief at Guha Path.,39.0,Male,1,13.035416136182485,77.53819311818256,0,0,1
3850,FIR/2022/KA03/00041,207,1,2022-06-12,2022,6,registered,Complaint received regarding theft of cash worth Rs.31698.,57.0,Male,4,12.398828965108494,76.77412067716105,0,0,0
3851,FIR/2024/KA10/00128,463,12,2024-08-07,2024,8,pending_trial,Accused cheated complainant of Rs.482768 through false promises.,46.0,Other,2,13.25159012269205,76.9869281395979,0,1,1
3852,FIR/2023/KA27/00132,1039,27,2023-11-03,2023,11,registered,FIR registered for Hurt/Grievous Hurt at Agarwal Marg.,21.0,Other,5,16.120377109160458,75.64246262882382,0,0,0
3853,FIR/2022/KA14/00078,667,11,2022-11-10,2022,11,chargesheeted,FIR registered for Kidnapping & Abduction at Bhatia Road.,46.0,Female,1,15.505771372328297,74.98784909133549,0,0,1
3854,FIR/2024/KA01/01996,12,12,2024-01-06,2024,1,under_investigation,Accused cheated complainant of Rs.180964 through false promises.,30.0,Other,1,13.020500302149356,77.46806710853687,0,1,0
3855,FIR/2024/KA01/01997,86,2,2024-08-14,2024,8,under_investigation,FIR registered for House Breaking & Theft at Rama Ganj.,40.0,Female,1,13.071650458116167,77.6099891382243,0,0,0
3856,FIR/2023/KA01/01998,9,26,2023-01-04,2023,1,under_investigation,FIR registered for Riots at Nagarajan Marg.,53.0,Female,5,12.887544928864513,77.44217946180034,0,0,0
3857,FIR/2022/KA01/01999,14,32,2022-04-20,2022,4,under_investigation,FIR registered for Missing Person at Date Path.,75.0,Male,1,12.915425615719425,77.65368776528217,0,0,0
3858,FIR/2022/KA05/00117,278,8,2022-09-06,2022,9,closed,Victim reported sexual assault incident at Kapadia Circle. Medical examination conducted.,24.0,Male,1,17.441065646036368,76.88669754249155,0,0,1
3859,FIR/2022/KA01/02000,18,1,2022-05-13,2022,5,under_investigation,Complaint received regarding theft of laptop worth Rs.443681.,47.0,Other,3,13.008896580245963,77.6049207546386,0,0,0
3860,FIR/2023/KA13/00085,616,14,2023-01-18,2023,1,under_investigation,FIR registered for Forgery at Yohannan Nagar.,74.0,Female,2,16.139014775479378,77.23223196694283,0,1,0
3861,FIR/2024/KA01/02001,151,33,2024-10-19,2024,10,chargesheeted,FIR registered for Road Accident Death at Mutti Chowk.,55.0,Male,5,13.000645187740744,77.71405138994702,0,0,1
3862,FIR/2023/KA11/00140,543,29,2023-09-12,2023,9,chargesheeted,FIR registered for Mischief at Minhas Street.,72.0,Male,3,15.294976124778975,77.03741321018077,0,0,1
3863,FIR/2024/KA01/02002,137,18,2024-04-06,2024,4,pending_trial,FIR registered for Cyber Crime - Hacking at Tata Ganj.,54.0,Male,5,13.082821131570734,77.59095339486369,1,0,1
3864,FIR/2024/KA01/02003,173,12,2024-10-26,2024,10,closed,Accused cheated complainant of Rs.413395 through false promises.,72.0,Male,5,12.960105824185268,77.68365162387546,0,1,1
3865,FIR/2024/KA17/00070,742,12,2024-06-07,2024,6,registered,Accused cheated complainant of Rs.261369 through false promises.,64.0,Other,5,14.180992209049897,76.31606927904313,0,1,0
3866,FIR/2023/KA01/02004,97,1,2023-09-17,2023,9,under_investigation,Complaint received regarding theft of mobile phone worth Rs.391726.,47.0,Female,5,12.865231816584126,77.5506242240917,0,0,0
3867,FIR/2024/KA01/02005,145,1,2024-02-19,2024,2,closed,Complaint received regarding theft of mobile phone worth Rs.390065.,72.0,Female,1,13.110106580428301,77.55246915232618,0,0,1
3868,FIR/2022/KA01/02006,129,17,2022-06-16,2022,6,under_investigation,FIR registered for Cyber Crime - Identity Theft at Thakkar Road.,,Female,5,12.984726993167738,77.53614882352149,1,0,0
3869,FIR/2023/KA01/02007,63,29,2023-05-08,2023,5,chargesheeted,FIR registered for Mischief at Mahal Zila.,37.0,Male,1,12.850013285504529,77.682351058394,0,0,1
3870,FIR/2023/KA27/00133,1039,7,2023-06-24,2023,6,closed,FIR registered for Culpable Homicide at Sridhar.,56.0,Female,5,16.12225996126747,75.6291573297651,0,0,1
3871,FIR/2024/KA01/02008,108,28,2024-12-14,2024,12,under_investigation,FIR registered for Criminal Trespass at Talwar Ganj.,32.0,Female,1,12.93174420648038,77.57978891237339,0,0,0
3872,FIR/2024/KA08/00074,416,27,2024-10-03,2024,10,chargesheeted,FIR registered for Hurt/Grievous Hurt at Puri Road.,38.0,Other,1,12.972532809442168,76.02551438009658,0,0,1
3873,FIR/2024/KA01/02009,128,17,2024-11-08,2024,11,under_investigation,FIR registered for Cyber Crime - Identity Theft at Nath Nagar.,59.0,Male,2,12.913744991340547,77.64710489079374,1,0,0
3874,FIR/2023/KA11/00141,504,1,2023-08-13,2023,8,closed,Complaint received regarding theft of cash worth Rs.50009.,,Female,1,15.214987525617383,76.84201665025486,0,0,1
3875,FIR/2024/KA01/02010,52,3,2024-01-06,2024,1,chargesheeted,Complainant robbed at Ben Ganj by 2 armed persons.,33.0,Female,3,13.026792452150579,77.62705483385184,0,0,1
3876,FIR/2023/KA01/02011,14,3,2023-04-18,2023,4,registered,Complainant robbed at Sura Street by 3 armed persons.,22.0,Male,3,12.919371507206073,77.63456685688845,0,0,0
3877,FIR/2022/KA08/00075,391,16,2022-02-26,2022,2,chargesheeted,Victim lost Rs.79914 through online fraud/UPI scam.,24.0,Other,3,12.92034665366678,76.00806406137825,1,0,1
3878,FIR/2023/KA01/02012,59,3,2023-03-01,2023,3,chargesheeted,Complainant robbed at Bains Street by 4 armed persons.,66.0,Male,3,13.084814433785272,77.48521381993174,0,0,1
3879,FIR/2023/KA01/02013,98,35,2023-06-12,2023,6,closed,FIR registered for SC/ST Atrocities Act at Ramanathan Circle.,30.0,Male,1,13.064735594698794,77.55041823080617,0,0,1
3880,FIR/2023/KA01/02014,22,23,2023-06-19,2023,6,under_investigation,FIR registered for Domestic Violence at Sami Path.,19.0,Male,5,12.955017080955242,77.71987132422113,0,0,0
3881,FIR/2023/KA10/00129,459,8,2023-10-09,2023,10,under_investigation,Victim reported sexual assault incident at Pall Chowk. Medical examination conducted.,60.0,Female,4,13.359679099202095,77.06655111159148,0,0,0
3882,FIR/2022/KA13/00086,636,33,2022-02-13,2022,2,under_investigation,FIR registered for Road Accident Death at Raman Marg.,68.0,Female,1,16.18999721649235,77.33031783848695,0,0,0
3883,FIR/2024/KA01/02015,121,13,2024-11-05,2024,11,under_investigation,FIR registered for Criminal Breach of Trust at Wable Zila.,68.0,Male,4,13.069864079724338,77.66633501789138,0,1,0
3884,FIR/2022/KA25/00065,942,1,2022-12-13,2022,12,registered,Complaint received regarding theft of cash worth Rs.244867.,45.0,Male,1,17.822301308335057,77.58595687008284,0,0,0
3885,FIR/2023/KA01/02016,178,1,2023-02-17,2023,2,under_investigation,Complaint received regarding theft of laptop worth Rs.482573.,55.0,Other,2,13.116556919656404,77.71421418524137,0,0,0
3886,FIR/2024/KA01/02017,54,19,2024-05-11,2024,5,registered,FIR registered for Cyber Crime - Phishing at Deep Zila.,25.0,Other,1,12.978559641266294,77.48625832852971,1,0,0
3887,FIR/2023/KA31/00022,1139,12,2023-05-19,2023,5,under_investigation,Accused cheated complainant of Rs.108593 through false promises.,24.0,Male,2,12.028066652582186,77.07747654775554,0,1,0
3888,FIR/2024/KA20/00084,829,1,2024-03-23,2024,3,under_investigation,Complaint received regarding theft of laptop worth Rs.429584.,41.0,Female,2,12.590321489702355,76.90110912564475,0,0,0
3889,FIR/2023/KA01/02018,147,2,2023-12-17,2023,12,chargesheeted,FIR registered for House Breaking & Theft at Devan Street.,,Female,4,12.824724386406924,77.71384012317861,0,0,1
3890,FIR/2022/KA01/02019,28,22,2022-04-08,2022,4,chargesheeted,FIR registered for POCSO Act at Subramanian Chowk.,47.0,Female,1,13.106617620213658,77.60305867759543,0,0,1
3891,FIR/2024/KA01/02020,112,1,2024-10-01,2024,10,chargesheeted,Complaint received regarding theft of laptop worth Rs.483860.,22.0,Male,3,13.003388376454796,77.6309392488319,0,0,1
3892,FIR/2023/KA01/02021,177,17,2023-02-14,2023,2,chargesheeted,FIR registered for Cyber Crime - Identity Theft at Kamdar Ganj.,58.0,Male,5,13.044900774271264,77.7307394150639,1,0,1
3893,FIR/2024/KA01/02022,148,2,2024-11-19,2024,11,under_investigation,FIR registered for House Breaking & Theft at Andra Ganj.,68.0,Male,4,13.11233391930574,77.50508370182574,0,0,0
3894,FIR/2024/KA01/02023,46,1,2024-05-14,2024,5,chargesheeted,Complaint received regarding theft of two-wheeler worth Rs.316199.,67.0,Female,5,13.034615308718537,77.44820778929035,0,0,1
3895,FIR/2023/KA01/02024,75,9,2023-03-02,2023,3,chargesheeted,FIR registered for Assault on Women at Puri Street.,,Other,1,12.862550417944377,77.7067138126859,0,0,1
3896,FIR/2024/KA01/02025,162,22,2024-11-27,2024,11,closed,FIR registered for POCSO Act at Ganguly Marg.,42.0,Female,5,13.035166341757451,77.59122889603806,0,0,1
3897,FIR/2023/KA09/00064,445,23,2023-05-13,2023,5,chargesheeted,FIR registered for Domestic Violence at Char Nagar.,53.0,Male,3,14.052115159542776,75.4699487332711,0,0,1
3898,FIR/2023/KA01/02026,116,12,2023-03-02,2023,3,pending_trial,Accused cheated complainant of Rs.402033 through false promises.,53.0,Female,3,13.047092635804692,77.64254677651842,0,1,1
3899,FIR/2022/KA29/00070,1108,27,2022-04-27,2022,4,chargesheeted,FIR registered for Hurt/Grievous Hurt at Ben Street.,32.0,Male,4,14.506945677917738,75.89135910452883,0,0,1
3900,FIR/2022/KA01/02027,3,1,2022-12-14,2022,12,pending_trial,Complaint received regarding theft of two-wheeler worth Rs.325455.,63.0,Male,4,12.833428270995919,77.48710149443475,0,0,1
3901,FIR/2024/KA01/02028,41,16,2024-01-14,2024,1,under_investigation,Victim lost Rs.157975 through online fraud/UPI scam.,55.0,Other,3,13.089106643222364,77.58986270155278,1,0,0
3902,FIR/2023/KA12/00092,575,3,2023-07-13,2023,7,pending_trial,Complainant robbed at Raval Street by 2 armed persons.,71.0,Female,4,16.791331250229604,75.86335373498196,0,0,1
3903,FIR/2024/KA02/00035,184,27,2024-09-09,2024,9,under_investigation,FIR registered for Hurt/Grievous Hurt at Bandi Ganj.,49.0,Other,3,13.32484933913055,77.55273169325822,0,0,0
3904,FIR/2024/KA25/00066,959,16,2024-05-11,2024,5,chargesheeted,Victim lost Rs.43645 through online fraud/UPI scam.,37.0,Other,5,17.916483882429063,77.66079136319071,1,0,1
3905,FIR/2022/KA01/02029,41,17,2022-10-13,2022,10,registered,FIR registered for Cyber Crime - Identity Theft at Suresh Marg.,29.0,Female,4,13.083191274850497,77.55403053734499,1,0,0
3906,FIR/2022/KA01/02030,155,19,2022-02-16,2022,2,closed,FIR registered for Cyber Crime - Phishing at Gera Road.,55.0,Other,5,12.91097442761887,77.67028354523883,1,0,1
3907,FIR/2022/KA01/02031,19,1,2022-02-24,2022,2,registered,Complaint received regarding theft of two-wheeler worth Rs.234721.,28.0,Other,3,13.032196158851264,77.47474240686044,0,0,0
3908,FIR/2022/KA01/02032,3,1,2022-09-27,2022,9,chargesheeted,Complaint received regarding theft of mobile phone worth Rs.164394.,23.0,Other,2,12.828616731358451,77.48838636948192,0,0,1
3909,FIR/2023/KA01/02033,80,31,2023-09-01,2023,9,chargesheeted,FIR registered for Criminal Intimidation at Saxena Road.,18.0,Other,4,12.893746954556113,77.61893793149052,0,0,1
3910,FIR/2024/KA01/02034,46,16,2024-10-15,2024,10,pending_trial,Victim lost Rs.459361 through online fraud/UPI scam.,65.0,Other,2,13.038937819694608,77.45052699363136,1,0,1
3911,FIR/2023/KA10/00130,491,9,2023-02-08,2023,2,under_investigation,FIR registered for Assault on Women at Dada Zila.,68.0,Female,5,13.280052251729254,77.14402662866098,0,0,0
3912,FIR/2024/KA11/00142,542,23,2024-01-03,2024,1,closed,FIR registered for Domestic Violence at Dara Zila.,38.0,Female,3,15.012166088082441,76.88699653262597,0,0,1
3913,FIR/2023/KA21/00049,858,28,2023-03-18,2023,3,registered,FIR registered for Criminal Trespass at Upadhyay Chowk.,66.0,Male,3,13.092591772283113,78.12779094272696,0,0,0
3914,FIR/2024/KA01/02035,155,19,2024-06-11,2024,6,chargesheeted,FIR registered for Cyber Crime - Phishing at Bajaj Ganj.,54.0,Female,1,12.905607453431095,77.66361272513186,1,0,1
3915,FIR/2022/KA01/02036,3,31,2022-07-27,2022,7,under_investigation,FIR registered for Criminal Intimidation at Srinivasan.,23.0,Female,4,12.827369999901308,77.48488924363902,0,0,0
3916,FIR/2022/KA01/02037,169,29,2022-03-10,2022,3,under_investigation,FIR registered for Mischief at Chandra Road.,23.0,Other,1,13.029356069351234,77.58037872690939,0,0,0
3917,FIR/2023/KA01/02038,171,1,2023-12-27,2023,12,under_investigation,Complaint received regarding theft of cash worth Rs.241742.,72.0,Female,3,12.845243953250797,77.49174710470358,0,0,0
3918,FIR/2023/KA01/02039,64,12,2023-09-07,2023,9,under_investigation,Accused cheated complainant of Rs.224110 through false promises.,33.0,Other,5,12.8250460519829,77.62503889058826,0,1,0
3919,FIR/2022/KA30/00033,1129,31,2022-10-23,2022,10,chargesheeted,FIR registered for Criminal Intimidation at Misra Marg.,21.0,Other,1,15.365043739839749,76.48343093683154,0,0,1
3920,FIR/2022/KA12/00093,558,1,2022-09-18,2022,9,registered,Complaint received regarding theft of mobile phone worth Rs.156585.,32.0,Female,5,16.839924498316556,75.77966177235737,0,0,0
3921,FIR/2024/KA01/02040,38,15,2024-03-26,2024,3,closed,FIR registered for Counterfeiting at Nanda Zila.,57.0,Male,2,12.978133623158143,77.47792357894785,0,1,1
3922,FIR/2022/KA01/02041,70,2,2022-10-07,2022,10,closed,FIR registered for House Breaking & Theft at Yogi Zila.,22.0,Other,2,13.019848665588105,77.50409790002522,0,0,1
3923,FIR/2022/KA03/00042,209,17,2022-12-11,2022,12,under_investigation,FIR registered for Cyber Crime - Identity Theft at Ravi Street.,48.0,Male,3,12.265337011065531,76.64930667389129,1,0,0
3924,FIR/2024/KA13/00087,609,9,2024-09-16,2024,9,under_investigation,FIR registered for Assault on Women at Ramesh Nagar.,44.0,Female,4,16.156252735044145,77.37821725536195,0,0,0
3925,FIR/2024/KA10/00131,463,12,2024-08-23,2024,8,registered,Accused cheated complainant of Rs.62230 through false promises.,33.0,Female,4,13.246067269624255,77.01697877999223,0,1,0
3926,FIR/2023/KA17/00071,735,9,2023-08-20,2023,8,under_investigation,FIR registered for Assault on Women at Suresh Circle.,64.0,Male,3,14.176074060607874,76.25969221851427,0,0,0
3927,FIR/2022/KA27/00134,1013,2,2022-04-15,2022,4,registered,FIR registered for House Breaking & Theft at Venkataraman Zila.,46.0,Other,1,16.083384303475196,75.6328753138854,0,0,0
3928,FIR/2024/KA01/02042,163,27,2024-10-10,2024,10,under_investigation,FIR registered for Hurt/Grievous Hurt at Yohannan.,57.0,Other,3,12.918205284607096,77.68824910583633,0,0,0
3929,FIR/2022/KA26/00020,981,16,2022-12-17,2022,12,under_investigation,Victim lost Rs.239289 through online fraud/UPI scam.,25.0,Male,4,15.21793527476755,76.13827544662574,1,0,0
3930,FIR/2022/KA06/00091,330,26,2022-09-17,2022,9,under_investigation,FIR registered for Riots at Golla Zila.,18.0,Other,4,12.924603684194052,74.76431080585432,0,0,0
3931,FIR/2023/KA01/02043,62,1,2023-02-10,2023,2,under_investigation,Complaint received regarding theft of two-wheeler worth Rs.174634.,75.0,Other,3,13.041518190957111,77.49851894818731,0,0,0
3932,FIR/2024/KA23/00037,900,21,2024-05-09,2024,5,chargesheeted,FIR registered for Dowry Prohibition Act at Sekhon Nagar.,41.0,Female,3,12.797515588842852,77.11939146209396,0,0,1
3933,FIR/2024/KA01/02044,23,30,2024-09-14,2024,9,registered,FIR registered for Extortion at Das Path.,59.0,Male,5,12.862499145746845,77.68429022897638,0,0,0
3934,FIR/2023/KA01/02045,113,34,2023-08-11,2023,8,pending_trial,FIR registered for Immoral Traffic Act at Dave Nagar.,42.0,Male,2,13.022241359945458,77.58468560287595,0,0,1
3935,FIR/2024/KA23/00038,909,29,2024-09-01,2024,9,under_investigation,FIR registered for Mischief at Jhaveri.,19.0,Other,3,12.653241625951413,77.3432403503861,0,0,0
3936,FIR/2023/KA05/00118,293,1,2023-01-24,2023,1,chargesheeted,Complaint received regarding theft of mobile phone worth Rs.60738.,61.0,Other,2,17.22593755262311,76.83947721420358,0,0,1
3937,FIR/2024/KA01/02046,128,27,2024-03-11,2024,3,under_investigation,FIR registered for Hurt/Grievous Hurt at Kunda Circle.,37.0,Other,4,12.908350898741253,77.61957761995693,0,0,0
3938,FIR/2024/KA25/00067,961,1,2024-08-25,2024,8,chargesheeted,Complaint received regarding theft of cash worth Rs.216421.,64.0,Female,5,17.867810490606665,77.57918017351568,0,0,1
3939,FIR/2022/KA27/00135,1018,26,2022-04-26,2022,4,under_investigation,FIR registered for Riots at Toor Zila.,25.0,Male,1,16.348998127064075,75.73671354278285,0,0,0
3940,FIR/2024/KA01/02047,30,1,2024-07-05,2024,7,under_investigation,Complaint received regarding theft of cash worth Rs.275382.,57.0,Female,4,13.042723277225456,77.68754641431602,0,0,0
3941,FIR/2023/KA08/00076,416,31,2023-05-19,2023,5,chargesheeted,FIR registered for Criminal Intimidation at Garg Circle.,37.0,Female,2,12.968261031669352,76.05352432927415,0,0,1
3942,FIR/2024/KA01/02048,120,19,2024-11-11,2024,11,under_investigation,FIR registered for Cyber Crime - Phishing at Acharya Marg.,21.0,Other,1,13.032330750969248,77.45428823946065,1,0,0
3943,FIR/2023/KA27/00136,1014,27,2023-09-20,2023,9,under_investigation,FIR registered for Hurt/Grievous Hurt at Mital Ganj.,19.0,Other,5,16.305717983588345,75.73978817330413,0,0,0
3944,FIR/2023/KA09/00065,426,28,2023-04-28,2023,4,under_investigation,FIR registered for Criminal Trespass at Venkataraman Nagar.,45.0,Other,4,13.878162735274621,75.48324091001444,0,0,0
3945,FIR/2022/KA01/02049,78,2,2022-02-20,2022,2,under_investigation,FIR registered for House Breaking & Theft at Walla Road.,38.0,Male,3,13.065621234712362,77.51483535471569,0,0,0
3946,FIR/2022/KA11/00143,546,1,2022-02-11,2022,2,chargesheeted,Complaint received regarding theft of gold chain worth Rs.274499.,27.0,Female,4,15.102428783684623,77.05784239769149,0,0,1
3947,FIR/2023/KA01/02050,107,16,2023-02-21,2023,2,closed,Victim lost Rs.240439 through online fraud/UPI scam.,32.0,Male,3,12.856423579579666,77.72827127532373,1,0,1
3948,FIR/2022/KA10/00132,486,1,2022-05-05,2022,5,registered,Complaint received regarding theft of cash worth Rs.145378.,46.0,Female,4,13.288315966831615,77.21225030032988,0,0,0
3949,FIR/2023/KA01/02051,180,10,2023-12-22,2023,12,pending_trial,FIR registered for Sexual Harassment at Yohannan Path.,,Female,3,12.81786816448864,77.44951022853357,0,0,1
3950,FIR/2024/KA01/02052,25,30,2024-09-10,2024,9,registered,FIR registered for Extortion at Kadakia Circle.,58.0,Female,3,13.13385337049191,77.47457801543939,0,0,0
3951,FIR/2024/KA01/02053,44,1,2024-11-14,2024,11,under_investigation,Complaint received regarding theft of gold chain worth Rs.152557.,26.0,Other,1,12.945861260160221,77.52934437719944,0,0,0
3952,FIR/2024/KA10/00133,495,12,2024-05-24,2024,5,pending_trial,Accused cheated complainant of Rs.359113 through false promises.,37.0,Other,1,13.247901044503417,77.12250571589072,0,1,1
3953,FIR/2023/KA13/00088,608,26,2023-09-20,2023,9,under_investigation,FIR registered for Riots at Dhar Ganj.,61.0,Male,3,16.21953321308256,77.20385501894273,0,0,0
3954,FIR/2024/KA01/02054,155,1,2024-11-09,2024,11,closed,Complaint received regarding theft of gold chain worth Rs.335086.,52.0,Other,4,12.90669914490102,77.65961877719997,0,0,1
3955,FIR/2024/KA07/00038,357,2,2024-08-23,2024,8,pending_trial,FIR registered for House Breaking & Theft at Kalita Street.,50.0,Female,4,13.287571565124598,74.72860353018409,0,0,1
3956,FIR/2024/KA25/00068,969,31,2024-04-24,2024,4,closed,FIR registered for Criminal Intimidation at Parmer.,50.0,Other,3,17.868846247148483,77.5651771095386,0,0,1
3957,FIR/2024/KA31/00023,1143,5,2024-09-05,2024,9,chargesheeted,Dead body found at Dave Road. Prima facie case of murder registered.,38.0,Female,4,11.964670667847432,76.80326519431637,0,0,1
3958,FIR/2022/KA17/00072,746,3,2022-01-13,2022,1,chargesheeted,Complainant robbed at Sami by 1 armed persons.,68.0,Other,3,14.181476994333227,76.4221043287032,0,0,1
3959,FIR/2024/KA29/00071,1098,9,2024-11-15,2024,11,under_investigation,FIR registered for Assault on Women at Kumer Zila.,38.0,Other,3,14.465955385025673,76.009810013934,0,0,0
3960,FIR/2023/KA01/02055,2,1,2023-10-26,2023,10,under_investigation,Complaint received regarding theft of two-wheeler worth Rs.291811.,34.0,Other,1,13.00705725602402,77.7318469307237,0,0,0
3961,FIR/2023/KA01/02056,86,22,2023-12-25,2023,12,under_investigation,FIR registered for POCSO Act at Ratta Street.,53.0,Female,2,13.052582699052488,77.63343188869712,0,0,0
3962,FIR/2023/KA01/02057,28,2,2023-11-07,2023,11,chargesheeted,FIR registered for House Breaking & Theft at Chacko Chowk.,66.0,Other,2,13.138259731358703,77.61317436970818,0,0,1
3963,FIR/2023/KA01/02058,67,27,2023-03-13,2023,3,under_investigation,FIR registered for Hurt/Grievous Hurt at Sandal Road.,41.0,Other,3,12.960306991694589,77.73607203883097,0,0,0
3964,FIR/2022/KA01/02059,34,14,2022-07-27,2022,7,under_investigation,FIR registered for Forgery at Wason Street.,68.0,Female,4,13.006145613331391,77.47923760746738,0,1,0
3965,FIR/2024/KA01/02060,47,5,2024-04-20,2024,4,under_investigation,Dead body found at Bobal Ganj. Prima facie case of murder registered.,19.0,Other,3,13.062668895537346,77.46743685821502,0,0,0
3966,FIR/2023/KA27/00137,992,27,2023-09-12,2023,9,closed,FIR registered for Hurt/Grievous Hurt at Hans Road.,51.0,Male,5,16.05923522715017,75.73087740081539,0,0,1
3967,FIR/2024/KA01/02061,98,16,2024-09-08,2024,9,chargesheeted,Victim lost Rs.109111 through online fraud/UPI scam.,22.0,Other,5,13.056096178312826,77.56248892681067,1,0,1
3968,FIR/2022/KA30/00034,1129,1,2022-11-21,2022,11,chargesheeted,Complaint received regarding theft of cash worth Rs.158307.,58.0,Other,1,15.377791123846915,76.48326639045273,0,0,1
3969,FIR/2024/KA11/00144,513,27,2024-06-28,2024,6,under_investigation,FIR registered for Hurt/Grievous Hurt at Dube Marg.,18.0,Male,2,14.998202363832535,77.03983274984643,0,0,0
3970,FIR/2023/KA10/00134,491,4,2023-11-17,2023,11,chargesheeted,FIR registered for Dacoity at Saraf Path.,,Other,5,13.303242387640436,77.15624923884565,0,0,1
3971,FIR/2024/KA25/00069,967,20,2024-01-16,2024,1,under_investigation,FIR registered for Dowry Death at Bal Marg.,75.0,Other,1,18.018736756362532,77.59388889072547,0,0,0
3972,FIR/2023/KA01/02062,112,2,2023-04-19,2023,4,registered,FIR registered for House Breaking & Theft at Kota.,34.0,Female,4,12.983200733756386,77.62772187279458,0,0,0
3973,FIR/2022/KA01/02063,163,29,2022-03-10,2022,3,chargesheeted,FIR registered for Mischief at Madan Zila.,,Female,2,12.907537036312236,77.70308029026049,0,0,1
3974,FIR/2022/KA01/02064,93,24,2022-02-18,2022,2,chargesheeted,FIR registered for NDPS Act at Wali Zila.,66.0,Male,4,13.080350890126997,77.67501712788655,0,0,1
3975,FIR/2024/KA01/02065,116,12,2024-11-21,2024,11,registered,Accused cheated complainant of Rs.329211 through false promises.,75.0,Female,1,13.066092934575623,77.65750405363642,0,1,0
3976,FIR/2023/KA01/02066,57,28,2023-07-14,2023,7,chargesheeted,FIR registered for Criminal Trespass at Narayan Zila.,49.0,Other,5,13.061203001312066,77.7226170244693,0,0,1
3977,FIR/2022/KA26/00021,975,13,2022-06-14,2022,6,under_investigation,FIR registered for Criminal Breach of Trust at Patil Zila.,61.0,Male,1,15.379051783200849,76.15251341191212,0,1,0
3978,FIR/2023/KA01/02067,51,1,2023-07-03,2023,7,chargesheeted,Complaint received regarding theft of cash worth Rs.120975.,,Male,5,12.96606985311614,77.56708359717771,0,0,1
3979,FIR/2023/KA01/02068,39,12,2023-08-10,2023,8,registered,Accused cheated complainant of Rs.464422 through false promises.,35.0,Male,1,12.8443575954743,77.65374903629483,0,1,0
3980,FIR/2024/KA01/02069,99,2,2024-05-05,2024,5,chargesheeted,FIR registered for House Breaking & Theft at Anne Road.,31.0,Male,3,13.111224393147461,77.61504440347557,0,0,1
3981,FIR/2022/KA27/00138,1033,1,2022-05-16,2022,5,under_investigation,Complaint received regarding theft of laptop worth Rs.30293.,,Female,2,16.082499755466664,75.59023614112245,0,0,0
3982,FIR/2024/KA28/00042,1061,1,2024-09-20,2024,9,under_investigation,Complaint received regarding theft of gold chain worth Rs.69093.,,Female,2,14.854069761902833,74.66011298503011,0,0,0
3983,FIR/2023/KA01/02070,2,29,2023-11-09,2023,11,chargesheeted,FIR registered for Mischief at Dasgupta Zila.,59.0,Male,4,13.007048131491795,77.70604780994064,0,0,1
3984,FIR/2024/KA27/00139,1018,9,2024-07-09,2024,7,chargesheeted,FIR registered for Assault on Women at Vyas Street.,41.0,Female,3,16.32945443262594,75.7318685309949,0,0,1
3985,FIR/2024/KA01/02071,29,5,2024-04-26,2024,4,closed,Dead body found at Suri Road. Prima facie case of murder registered.,38.0,Other,5,12.83505827374122,77.67767090629754,0,0,1
3986,FIR/2023/KA04/00104,240,33,2023-08-20,2023,8,pending_trial,FIR registered for Road Accident Death at Wadhwa Zila.,48.0,Other,3,15.771728360884019,74.56714420523232,0,0,1
3987,FIR/2024/KA21/00050,856,13,2024-06-06,2024,6,under_investigation,FIR registered for Criminal Breach of Trust at Manda Path.,71.0,Male,2,13.212045565628582,78.10896433922362,0,1,0
3988,FIR/2024/KA28/00043,1061,10,2024-05-20,2024,5,closed,FIR registered for Sexual Harassment at Madan Circle.,18.0,Male,2,14.837522974684049,74.68986615473503,0,0,1
3989,FIR/2024/KA20/00085,812,3,2024-06-11,2024,6,under_investigation,Complainant robbed at Chaudhary by 4 armed persons.,68.0,Other,1,12.681933116485235,76.76357276099235,0,0,0
3990,FIR/2022/KA01/02072,27,27,2022-03-11,2022,3,under_investigation,FIR registered for Hurt/Grievous Hurt at Garde Nagar.,58.0,Male,1,13.013442363316859,77.63589094541746,0,0,0
3991,FIR/2023/KA01/02073,26,12,2023-09-06,2023,9,under_investigation,Accused cheated complainant of Rs.208575 through false promises.,73.0,Male,5,12.846401868062879,77.45961224632465,0,1,0
3992,FIR/2023/KA20/00086,826,34,2023-12-09,2023,12,chargesheeted,FIR registered for Immoral Traffic Act at Pai Street.,23.0,Male,2,12.665247906224053,76.86386370237871,0,0,1
3993,FIR/2023/KA01/02074,22,24,2023-05-10,2023,5,chargesheeted,FIR registered for NDPS Act at Rau Circle.,61.0,Female,4,12.925364817565905,77.70296094565938,0,0,1
3994,FIR/2023/KA01/02075,161,9,2023-08-04,2023,8,chargesheeted,FIR registered for Assault on Women at Datta Chowk.,75.0,Male,4,13.131211608013501,77.54163703573612,0,0,1
3995,FIR/2023/KA01/02076,122,24,2023-04-12,2023,4,under_investigation,FIR registered for NDPS Act at Andra Road.,70.0,Other,4,13.093571837377755,77.58048679968428,0,0,0
3996,FIR/2022/KA21/00051,872,16,2022-01-13,2022,1,chargesheeted,Victim lost Rs.343049 through online fraud/UPI scam.,65.0,Female,1,13.234619992170053,78.15056089050007,1,0,1
3997,FIR/2022/KA20/00087,819,16,2022-06-28,2022,6,chargesheeted,Victim lost Rs.229254 through online fraud/UPI scam.,47.0,Female,2,12.608631686185715,77.02891633730846,1,0,1
3998,FIR/2024/KA08/00077,404,11,2024-08-13,2024,8,chargesheeted,FIR registered for Kidnapping & Abduction at Loke Marg.,69.0,Male,5,13.044996084384096,76.19083616949155,0,0,1
3999,FIR/2022/KA01/02077,163,23,2022-07-02,2022,7,under_investigation,FIR registered for Domestic Violence at Prabhakar Nagar.,65.0,Male,1,12.89272053832327,77.70909390495473,0,0,0
4000,FIR/2024/KA01/02078,143,31,2024-10-12,2024,10,chargesheeted,FIR registered for Criminal Intimidation at Sahota Ganj.,69.0,Male,3,12.965875348075507,77.47039035364675,0,0,1
4001,FIR/2023/KA01/02079,58,8,2023-10-20,2023,10,pending_trial,Victim reported sexual assault incident at Goswami Chowk. Medical examination conducted.,,Female,4,12.88792846387294,77.57632988922335,0,0,1
4002,FIR/2024/KA10/00135,455,24,2024-12-19,2024,12,under_investigation,FIR registered for NDPS Act at Pandya Chowk.,58.0,Male,2,13.292304065046839,76.97309698686242,0,0,0
4003,FIR/2023/KA02/00036,191,27,2023-05-03,2023,5,under_investigation,FIR registered for Hurt/Grievous Hurt at Thakkar Chowk.,53.0,Other,5,13.122491575976168,77.6319135812,0,0,0
4004,FIR/2024/KA01/02080,45,17,2024-12-14,2024,12,under_investigation,FIR registered for Cyber Crime - Identity Theft at Majumdar Road.,23.0,Other,5,12.986711619222362,77.53087630474235,1,0,0
4005,FIR/2024/KA14/00079,675,17,2024-05-27,2024,5,chargesheeted,FIR registered for Cyber Crime - Identity Theft at Verma Marg.,21.0,Other,5,15.549034976503767,75.13802664539962,1,0,1
4006,FIR/2023/KA27/00140,1003,12,2023-04-10,2023,4,chargesheeted,Accused cheated complainant of Rs.477964 through false promises.,,Female,4,16.084000617601948,75.77434653155635,0,1,1
4007,FIR/2023/KA29/00072,1095,28,2023-09-16,2023,9,closed,FIR registered for Criminal Trespass at Mody Zila.,37.0,Male,5,14.430842216783834,75.77024536078228,0,0,1
4008,FIR/2022/KA01/02081,167,12,2022-09-08,2022,9,chargesheeted,Accused cheated complainant of Rs.258240 through false promises.,58.0,Male,5,12.937643419522644,77.6928659187221,0,1,1
4009,FIR/2024/KA28/00044,1056,12,2024-11-06,2024,11,chargesheeted,Accused cheated complainant of Rs.26241 through false promises.,51.0,Male,4,14.724115229530716,74.65282206396728,0,1,1
4010,FIR/2022/KA01/02082,68,16,2022-04-08,2022,4,under_investigation,Victim lost Rs.182009 through online fraud/UPI scam.,67.0,Other,4,12.995689964140057,77.62651108256213,1,0,0
4011,FIR/2024/KA13/00089,622,17,2024-05-01,2024,5,under_investigation,FIR registered for Cyber Crime - Identity Theft at Gandhi Zila.,65.0,Female,3,16.188401124807392,77.43017145621768,1,0,0
4012,FIR/2022/KA01/02083,19,3,2022-06-23,2022,6,under_investigation,Complainant robbed at Bhandari by 4 armed persons.,43.0,Other,3,13.06969721550445,77.44597395732147,0,0,0
4013,FIR/2023/KA01/02084,104,19,2023-10-06,2023,10,registered,FIR registered for Cyber Crime - Phishing at Mangal Zila.,41.0,Other,2,13.104432320400171,77.59801888132182,1,0,0
4014,FIR/2022/KA08/00078,382,16,2022-05-21,2022,5,chargesheeted,Victim lost Rs.8725 through online fraud/UPI scam.,74.0,Female,3,13.119868011025348,76.04008804154019,1,0,1
4015,FIR/2024/KA01/02085,88,1,2024-01-16,2024,1,under_investigation,Complaint received regarding theft of gold chain worth Rs.285327.,25.0,Male,5,12.840227601107157,77.53670073131215,0,0,0
4016,FIR/2022/KA08/00079,390,2,2022-08-14,2022,8,registered,FIR registered for House Breaking & Theft at Deshpande Circle.,56.0,Female,5,12.9788384206692,75.96446739636471,0,0,0
4017,FIR/2024/KA21/00052,863,24,2024-03-09,2024,3,under_investigation,FIR registered for NDPS Act at Tank Chowk.,18.0,Other,2,13.290886320855078,78.19759702833663,0,0,0
4018,FIR/2024/KA01/02086,146,6,2024-05-04,2024,5,chargesheeted,FIR registered for Attempt to Murder at Walia Circle.,34.0,Male,1,12.833204188672791,77.60957400878041,0,0,1
4019,FIR/2024/KA15/00028,684,9,2024-02-02,2024,2,chargesheeted,FIR registered for Assault on Women at Ravi Zila.,54.0,Other,1,15.405030218764727,75.53000856906776,0,0,1
4020,FIR/2023/KA13/00090,613,9,2023-09-27,2023,9,chargesheeted,FIR registered for Assault on Women at Gupta Nagar.,75.0,Other,1,16.18131502380653,77.45064474457631,0,0,1
4021,FIR/2024/KA01/02087,67,1,2024-08-03,2024,8,under_investigation,Complaint received regarding theft of laptop worth Rs.261816.,42.0,Other,5,12.962556913376957,77.7148644176842,0,0,0
4022,FIR/2024/KA01/02088,96,27,2024-10-01,2024,10,closed,FIR registered for Hurt/Grievous Hurt at Pai Circle.,49.0,Other,3,13.048321364995047,77.70704343464148,0,0,1
4023,FIR/2024/KA01/02089,28,14,2024-11-07,2024,11,registered,FIR registered for Forgery at Wable Ganj.,58.0,Male,4,13.110892990250385,77.58720971114452,0,1,0
4024,FIR/2023/KA14/00080,668,25,2023-10-25,2023,10,under_investigation,FIR registered for Arms Act at Basak.,,Other,5,15.357901205138857,75.03229227589578,0,0,0
4025,FIR/2024/KA01/02090,163,18,2024-06-05,2024,6,closed,FIR registered for Cyber Crime - Hacking at Sen.,51.0,Male,2,12.89163911035387,77.71525679078985,1,0,1
4026,FIR/2022/KA01/02091,118,32,2022-06-14,2022,6,under_investigation,FIR registered for Missing Person at Viswanathan Street.,41.0,Other,5,13.033175982600309,77.5959781375647,0,0,0
4027,FIR/2023/KA30/00035,1118,21,2023-09-25,2023,9,chargesheeted,FIR registered for Dowry Prohibition Act at Gill Ganj.,,Female,2,15.296705584925318,76.33581505347222,0,0,1
4028,FIR/2022/KA08/00080,384,8,2022-07-28,2022,7,chargesheeted,Victim reported sexual assault incident at Peri Zila. Medical examination conducted.,59.0,Other,2,13.123168644626483,76.02304136956744,0,0,1
4029,FIR/2023/KA01/02092,41,1,2023-04-01,2023,4,chargesheeted,Complaint received regarding theft of mobile phone worth Rs.455208.,45.0,Other,2,13.100911516255827,77.55974373991617,0,0,1
4030,FIR/2022/KA13/00091,620,18,2022-12-19,2022,12,chargesheeted,FIR registered for Cyber Crime - Hacking at Behl Path.,22.0,Female,1,16.252384561616193,77.33000736989727,1,0,1
4031,FIR/2024/KA20/00088,821,18,2024-01-15,2024,1,registered,FIR registered for Cyber Crime - Hacking at Tandon Marg.,28.0,Other,5,12.370108141916537,76.90135722839909,1,0,0
4032,FIR/2023/KA10/00136,481,2,2023-03-22,2023,3,chargesheeted,FIR registered for House Breaking & Theft at Garde Marg.,28.0,Other,4,13.38105132632668,77.24827403635744,0,0,1
4033,FIR/2022/KA10/00137,453,1,2022-11-27,2022,11,chargesheeted,Complaint received regarding theft of gold chain worth Rs.327838.,23.0,Male,5,13.325942823173538,77.15010364639261,0,0,1
4034,FIR/2023/KA01/02093,47,6,2023-04-08,2023,4,under_investigation,FIR registered for Attempt to Murder at Krish Path.,27.0,Other,2,13.069992783311369,77.47204878510176,0,0,0
4035,FIR/2024/KA01/02094,175,1,2024-11-17,2024,11,closed,Complaint received regarding theft of mobile phone worth Rs.470298.,,Other,1,12.873380789852494,77.49886701090381,0,0,1
4036,FIR/2022/KA06/00092,342,9,2022-09-16,2022,9,under_investigation,FIR registered for Assault on Women at Mistry Road.,23.0,Female,5,12.948878056971205,74.94438488920483,0,0,0
4037,FIR/2022/KA01/02095,28,12,2022-11-28,2022,11,closed,Accused cheated complainant of Rs.161057 through false promises.,54.0,Female,2,13.126519307874842,77.59081809106262,0,1,1
4038,FIR/2023/KA01/02096,136,19,2023-10-25,2023,10,pending_trial,FIR registered for Cyber Crime - Phishing at Kala Road.,72.0,Female,5,12.910363088530062,77.65348432199359,1,0,1
4039,FIR/2023/KA01/02097,83,10,2023-10-04,2023,10,chargesheeted,FIR registered for Sexual Harassment at Ramesh Nagar.,51.0,Female,5,12.870393061468258,77.72935698749772,0,0,1
4040,FIR/2023/KA20/00089,837,24,2023-05-02,2023,5,closed,FIR registered for NDPS Act at Mody Ganj.,53.0,Other,4,12.654587788168138,76.99320164248856,0,0,1
4041,FIR/2024/KA01/02098,130,12,2024-01-16,2024,1,chargesheeted,Accused cheated complainant of Rs.439232 through false promises.,60.0,Male,3,12.905591249209573,77.50694152273188,0,1,1
4042,FIR/2024/KA01/02099,15,31,2024-10-16,2024,10,under_investigation,FIR registered for Criminal Intimidation at Sura Chowk.,61.0,Male,5,12.913334906145744,77.63940673631551,0,0,0
4043,FIR/2023/KA10/00138,495,1,2023-12-25,2023,12,under_investigation,Complaint received regarding theft of laptop worth Rs.267258.,53.0,Female,4,13.277574045294223,77.12758276474966,0,0,0
4044,FIR/2022/KA01/02100,174,1,2022-01-04,2022,1,under_investigation,Complaint received regarding theft of cash worth Rs.63311.,42.0,Male,3,12.965872748930465,77.52832288860651,0,0,0
4045,FIR/2023/KA23/00039,912,16,2023-11-22,2023,11,under_investigation,Victim lost Rs.360668 through online fraud/UPI scam.,,Female,1,12.618365103598064,77.11992845247732,1,0,0
4046,FIR/2024/KA01/02101,27,23,2024-11-15,2024,11,pending_trial,FIR registered for Domestic Violence at Chhabra Path.,21.0,Other,3,13.038096749991945,77.62244452210746,0,0,1
4047,FIR/2023/KA08/00081,385,16,2023-08-06,2023,8,closed,Victim lost Rs.256241 through online fraud/UPI scam.,42.0,Male,1,13.154099015134753,76.07192603072923,1,0,1
4048,FIR/2024/KA06/00093,337,3,2024-06-15,2024,6,under_investigation,Complainant robbed at Ratti Street by 1 armed persons.,24.0,Other,1,12.865713142355716,74.73722572591613,0,0,0
4049,FIR/2023/KA06/00094,330,9,2023-07-08,2023,7,under_investigation,FIR registered for Assault on Women at Andra Path.,70.0,Female,2,12.905697403573381,74.76119227551891,0,0,0
4050,FIR/2023/KA16/00061,709,2,2023-04-01,2023,4,under_investigation,FIR registered for House Breaking & Theft at Sankar Zila.,31.0,Female,5,14.721434324577237,75.38792926858808,0,0,0
4051,FIR/2024/KA10/00139,493,9,2024-09-28,2024,9,chargesheeted,FIR registered for Assault on Women at Hora Chowk.,40.0,Male,3,13.29754292525316,77.18489495078151,0,0,1
4052,FIR/2022/KA01/02102,47,25,2022-07-18,2022,7,under_investigation,FIR registered for Arms Act at Wadhwa Zila.,50.0,Female,5,13.066203151663853,77.46189125392803,0,0,0
4053,FIR/2023/KA01/02103,5,30,2023-09-16,2023,9,under_investigation,FIR registered for Extortion at Dube Circle.,40.0,Female,4,12.953098976243801,77.57298587636058,0,0,0
4054,FIR/2023/KA01/02104,127,3,2023-04-08,2023,4,under_investigation,Complainant robbed at Dasgupta Marg by 3 armed persons.,34.0,Other,5,12.860793248080679,77.70125285323847,0,0,0
4055,FIR/2024/KA02/00037,187,31,2024-05-27,2024,5,under_investigation,FIR registered for Criminal Intimidation at Amble Chowk.,65.0,Female,2,13.21115803535051,77.60313329936325,0,0,0
4056,FIR/2023/KA09/00066,426,13,2023-07-20,2023,7,pending_trial,FIR registered for Criminal Breach of Trust at Krishna Street.,55.0,Female,1,13.862128941436415,75.5075045245836,0,1,1
4057,FIR/2023/KA10/00140,496,1,2023-06-21,2023,6,chargesheeted,Complaint received regarding theft of gold chain worth Rs.300618.,54.0,Other,1,13.492184857535527,77.17219803818789,0,0,1
4058,FIR/2022/KA01/02105,27,1,2022-11-05,2022,11,under_investigation,Complaint received regarding theft of cash worth Rs.355084.,74.0,Female,1,13.008983221429766,77.60375534750652,0,0,0
4059,FIR/2023/KA01/02106,174,26,2023-02-23,2023,2,chargesheeted,FIR registered for Riots at Patla Road.,70.0,Male,4,12.939788078995534,77.52714737859485,0,0,1
4060,FIR/2023/KA01/02107,121,1,2023-10-01,2023,10,closed,Complaint received regarding theft of cash worth Rs.178980.,34.0,Male,4,13.090177673857704,77.66897816357421,0,0,1
4061,FIR/2024/KA01/02108,98,18,2024-05-20,2024,5,under_investigation,FIR registered for Cyber Crime - Hacking at Luthra Circle.,51.0,Other,5,13.042087380990067,77.55016975510081,1,0,0
4062,FIR/2023/KA01/02109,40,3,2023-02-13,2023,2,chargesheeted,Complainant robbed at Sarna Zila by 4 armed persons.,42.0,Female,3,13.020465228901474,77.71088553888669,0,0,1
4063,FIR/2024/KA29/00073,1079,25,2024-05-07,2024,5,under_investigation,FIR registered for Arms Act at Edwin Chowk.,22.0,Other,4,14.458726102293369,76.0332752119964,0,0,0
4064,FIR/2022/KA01/02110,120,31,2022-11-26,2022,11,registered,FIR registered for Criminal Intimidation at Pandya Street.,44.0,Male,3,13.011159207854066,77.46009881414524,0,0,0
4065,FIR/2024/KA01/02111,19,28,2024-05-02,2024,5,under_investigation,FIR registered for Criminal Trespass at Ahluwalia Marg.,57.0,Female,5,13.062594704040684,77.4790785227719,0,0,0
4066,FIR/2022/KA01/02112,33,1,2022-07-19,2022,7,under_investigation,Complaint received regarding theft of cash worth Rs.461638.,44.0,Other,1,12.842608944603306,77.63202990923119,0,0,0
4067,FIR/2024/KA01/02113,38,3,2024-04-15,2024,4,closed,Complainant robbed at Gupta Zila by 2 armed persons.,37.0,Male,2,13.001270084112388,77.47882393984496,0,0,1
4068,FIR/2024/KA10/00141,478,26,2024-05-11,2024,5,chargesheeted,FIR registered for Riots at Baria Road.,62.0,Other,1,13.327370840222938,77.12319498906402,0,0,1
4069,FIR/2023/KA04/00105,250,27,2023-06-11,2023,6,closed,FIR registered for Hurt/Grievous Hurt at Rana Street.,29.0,Other,4,15.794169643627244,74.51227845153909,0,0,1
4070,FIR/2023/KA01/02114,113,17,2023-02-26,2023,2,under_investigation,FIR registered for Cyber Crime - Identity Theft at Narula Marg.,49.0,Other,1,13.010442342653016,77.58193736576769,1,0,0
4071,FIR/2023/KA17/00073,747,31,2023-05-21,2023,5,pending_trial,FIR registered for Criminal Intimidation at Dyal Nagar.,,Female,1,14.288164011313235,76.28196140645642,0,0,1
4072,FIR/2024/KA13/00092,621,1,2024-07-08,2024,7,closed,Complaint received regarding theft of gold chain worth Rs.113967.,44.0,Male,2,16.30299910811608,77.42889042382008,0,0,1
4073,FIR/2023/KA01/02115,134,1,2023-12-13,2023,12,pending_trial,Complaint received regarding theft of two-wheeler worth Rs.133785.,22.0,Other,4,13.098584704645166,77.62352073395296,0,0,1
4074,FIR/2024/KA08/00082,379,1,2024-09-22,2024,9,pending_trial,Complaint received regarding theft of mobile phone worth Rs.430475.,24.0,Female,1,12.973557355329875,76.0004101538214,0,0,1
4075,FIR/2024/KA01/02116,28,33,2024-12-08,2024,12,pending_trial,FIR registered for Road Accident Death at Tandon Circle.,60.0,Female,5,13.1150702346202,77.59386352013321,0,0,1
4076,FIR/2024/KA01/02117,119,12,2024-12-26,2024,12,chargesheeted,Accused cheated complainant of Rs.195664 through false promises.,58.0,Male,2,13.030456060999663,77.56599951928001,0,1,1
4077,FIR/2023/KA07/00039,352,21,2023-03-06,2023,3,under_investigation,FIR registered for Dowry Prohibition Act at Thaker Marg.,75.0,Male,1,13.372950733529331,74.66436679041006,0,0,0
4078,FIR/2022/KA01/02118,175,31,2022-02-08,2022,2,chargesheeted,FIR registered for Criminal Intimidation at Deep Marg.,56.0,Male,4,12.873926624013674,77.48584837010394,0,0,1
4079,FIR/2024/KA01/02119,150,9,2024-04-09,2024,4,registered,FIR registered for Assault on Women at Chokshi Zila.,68.0,Other,2,12.875746364551565,77.64907832512701,0,0,0
4080,FIR/2022/KA13/00093,622,9,2022-06-13,2022,6,under_investigation,FIR registered for Assault on Women at Date Nagar.,27.0,Other,3,16.186918396154017,77.43596797071046,0,0,0
4081,FIR/2023/KA01/02120,5,12,2023-08-10,2023,8,chargesheeted,Accused cheated complainant of Rs.309007 through false promises.,,Female,3,12.946989243391348,77.5977232369453,0,1,1
4082,FIR/2022/KA30/00036,1117,13,2022-04-17,2022,4,registered,FIR registered for Criminal Breach of Trust at Arya Circle.,42.0,Male,5,15.294752848652642,76.42644263675069,0,1,0
4083,FIR/2023/KA24/00031,915,14,2023-05-15,2023,5,closed,FIR registered for Forgery at Ben Ganj.,38.0,Male,3,16.83485997201425,77.06785996024027,0,1,1
4084,FIR/2024/KA01/02121,35,12,2024-06-26,2024,6,under_investigation,Accused cheated complainant of Rs.406252 through false promises.,38.0,Other,4,13.122350667736157,77.72120348314087,0,1,0
4085,FIR/2024/KA06/00095,331,10,2024-12-23,2024,12,chargesheeted,FIR registered for Sexual Harassment at Anand.,20.0,Female,2,12.98668572292723,74.72359485559245,0,0,1
4086,FIR/2023/KA25/00070,960,8,2023-12-03,2023,12,chargesheeted,Victim reported sexual assault incident at Srinivasan Marg. Medical examination conducted.,48.0,Male,2,17.788515060560822,77.42209819045516,0,0,1
4087,FIR/2024/KA28/00045,1058,2,2024-10-03,2024,10,closed,FIR registered for House Breaking & Theft at Manda Road.,27.0,Male,2,14.659158481602041,74.77572743014503,0,0,1
4088,FIR/2023/KA08/00083,386,22,2023-03-07,2023,3,under_investigation,FIR registered for POCSO Act at Butala Chowk.,63.0,Male,3,12.945128706167782,76.23647586203872,0,0,0
4089,FIR/2022/KA01/02122,113,22,2022-03-09,2022,3,closed,FIR registered for POCSO Act at Kota Marg.,27.0,Male,2,13.035247906787413,77.5801810277526,0,0,1
4090,FIR/2022/KA01/02123,151,2,2022-01-04,2022,1,under_investigation,FIR registered for House Breaking & Theft at Dua.,61.0,Male,3,13.009859711805998,77.72703643225591,0,0,0
4091,FIR/2024/KA29/00074,1082,12,2024-11-19,2024,11,closed,Accused cheated complainant of Rs.55270 through false promises.,66.0,Male,5,14.33190056479799,75.85121029635327,0,1,1
4092,FIR/2022/KA01/02124,51,17,2022-11-16,2022,11,pending_trial,FIR registered for Cyber Crime - Identity Theft at Mand Ganj.,62.0,Other,3,12.944989949778334,77.58423469571538,1,0,1
4093,FIR/2022/KA14/00081,670,26,2022-07-10,2022,7,registered,FIR registered for Riots at Lall Zila.,41.0,Male,4,15.310433590950343,74.87932884099683,0,0,0
4094,FIR/2023/KA25/00071,964,2,2023-09-07,2023,9,registered,FIR registered for House Breaking & Theft at Sanghvi Ganj.,75.0,Male,4,17.876803997771045,77.5659481764921,0,0,0
4095,FIR/2024/KA30/00037,1110,29,2024-04-04,2024,4,chargesheeted,FIR registered for Mischief at Som Ganj.,28.0,Female,1,15.451834325215426,76.3713608221132,0,0,1
4096,FIR/2022/KA01/02125,123,1,2022-04-14,2022,4,under_investigation,Complaint received regarding theft of two-wheeler worth Rs.157818.,60.0,Other,5,13.095668747019438,77.47902691561299,0,0,0
4097,FIR/2022/KA01/02126,180,27,2022-08-07,2022,8,chargesheeted,FIR registered for Hurt/Grievous Hurt at Golla.,50.0,Male,1,12.826429529621654,77.44760506277669,0,0,1
4098,FIR/2023/KA10/00142,467,10,2023-03-06,2023,3,under_investigation,FIR registered for Sexual Harassment at Dixit Ganj.,64.0,Male,2,13.387182107933883,77.10928805939216,0,0,0
4099,FIR/2024/KA10/00143,470,13,2024-03-24,2024,3,under_investigation,FIR registered for Criminal Breach of Trust at Dara Ganj.,49.0,Other,1,13.370301437260181,77.07422889977926,0,1,0
4100,FIR/2022/KA01/02127,56,26,2022-05-27,2022,5,closed,FIR registered for Riots at Rattan Street.,,Female,3,13.095367681267382,77.4613939971995,0,0,1
4101,FIR/2024/KA01/02128,70,21,2024-03-09,2024,3,closed,FIR registered for Dowry Prohibition Act at Mahal Nagar.,70.0,Other,5,13.025278643000389,77.52445528797087,0,0,1
4102,FIR/2023/KA01/02129,91,10,2023-12-21,2023,12,under_investigation,FIR registered for Sexual Harassment at Dhingra Ganj.,57.0,Other,2,13.102326635182239,77.70601021546169,0,0,0
4103,FIR/2024/KA01/02130,76,27,2024-05-04,2024,5,under_investigation,FIR registered for Hurt/Grievous Hurt at Badami Marg.,69.0,Other,2,13.105044915370607,77.68762151187144,0,0,0
4104,FIR/2024/KA01/02131,53,13,2024-09-21,2024,9,pending_trial,FIR registered for Criminal Breach of Trust at Iyengar.,69.0,Other,1,12.917004817465994,77.7135997810479,0,1,1
4105,FIR/2022/KA01/02132,121,19,2022-10-21,2022,10,closed,FIR registered for Cyber Crime - Phishing at Behl Zila.,40.0,Male,5,13.095212555157929,77.6655326192941,1,0,1
4106,FIR/2024/KA07/00040,373,2,2024-08-05,2024,8,under_investigation,FIR registered for House Breaking & Theft at Reddy Marg.,53.0,Female,1,13.463999131484666,74.81257517608087,0,0,0
4107,FIR/2024/KA01/02133,128,8,2024-05-17,2024,5,closed,Victim reported sexual assault incident at Mohan Circle. Medical examination conducted.,64.0,Other,3,12.882499504951701,77.64068886133776,0,0,1
4108,FIR/2023/KA01/02134,18,12,2023-05-18,2023,5,under_investigation,Accused cheated complainant of Rs.343858 through false promises.,20.0,Other,4,13.016455046432132,77.61826787252139,0,1,0
4109,FIR/2024/KA01/02135,103,32,2024-03-15,2024,3,closed,FIR registered for Missing Person at Sandhu Path.,26.0,Other,3,12.89073795168357,77.46332160056805,0,0,1
4110,FIR/2023/KA01/02136,23,23,2023-12-09,2023,12,closed,FIR registered for Domestic Violence at Bhat Chowk.,21.0,Female,3,12.873043573121809,77.65521457321756,0,0,1
4111,FIR/2023/KA25/00072,941,9,2023-05-03,2023,5,under_investigation,FIR registered for Assault on Women at Sane Circle.,50.0,Male,5,17.83292416275588,77.68241158908884,0,0,0
4112,FIR/2023/KA01/02137,180,14,2023-12-11,2023,12,chargesheeted,FIR registered for Forgery at Modi Nagar.,45.0,Female,2,12.848909700603802,77.47465358834008,0,1,1
4113,FIR/2023/KA01/02138,74,24,2023-06-25,2023,6,under_investigation,FIR registered for NDPS Act at Luthra Zila.,72.0,Other,2,12.911912294765687,77.46155603399048,0,0,0
4114,FIR/2024/KA28/00046,1058,6,2024-02-10,2024,2,pending_trial,FIR registered for Attempt to Murder at Mand Path.,75.0,Male,4,14.640102829862007,74.77734928556968,0,0,1
4115,FIR/2024/KA27/00141,1022,21,2024-12-09,2024,12,under_investigation,FIR registered for Dowry Prohibition Act at Sahota Path.,71.0,Female,5,16.142964336127562,75.71569102305071,0,0,0
4116,FIR/2023/KA17/00074,755,11,2023-10-24,2023,10,under_investigation,FIR registered for Kidnapping & Abduction at Nagarajan Ganj.,41.0,Male,4,14.192422409873267,76.4029246334496,0,0,0
4117,FIR/2022/KA01/02139,57,16,2022-08-18,2022,8,chargesheeted,Victim lost Rs.234804 through online fraud/UPI scam.,28.0,Other,4,13.077498212803025,77.75006311230348,1,0,1
4118,FIR/2023/KA12/00094,586,16,2023-01-15,2023,1,pending_trial,Victim lost Rs.246278 through online fraud/UPI scam.,64.0,Male,1,16.82975846299911,75.8348120221151,1,0,1
4119,FIR/2022/KA01/02140,97,7,2022-05-17,2022,5,closed,FIR registered for Culpable Homicide at Nagy Nagar.,24.0,Male,5,12.878833656904753,77.55173731273389,0,0,1
4120,FIR/2024/KA01/02141,16,3,2024-11-01,2024,11,registered,Complainant robbed at Mangal Ganj by 1 armed persons.,60.0,Other,1,13.01358385033749,77.63528427983438,0,0,0
4121,FIR/2024/KA29/00075,1098,19,2024-12-03,2024,12,closed,FIR registered for Cyber Crime - Phishing at Mammen Chowk.,36.0,Other,5,14.459132043985926,76.02921165065123,1,0,1
4122,FIR/2022/KA01/02142,77,20,2022-07-10,2022,7,registered,FIR registered for Dowry Death at Chaudhuri.,,Female,1,13.073580803581063,77.52539388715323,0,0,0
4123,FIR/2023/KA01/02143,37,1,2023-04-03,2023,4,registered,Complaint received regarding theft of gold chain worth Rs.199232.,41.0,Other,5,13.071642559461507,77.53883937001505,0,0,0
4124,FIR/2024/KA14/00082,653,12,2024-01-13,2024,1,under_investigation,Accused cheated complainant of Rs.238241 through false promises.,35.0,Male,3,15.604877461209997,75.05486452542294,0,1,0
4125,FIR/2023/KA01/02144,156,2,2023-02-11,2023,2,under_investigation,FIR registered for House Breaking & Theft at Natt Path.,26.0,Female,4,12.98379301736322,77.46716026350244,0,0,0
4126,FIR/2023/KA10/00144,492,27,2023-06-25,2023,6,under_investigation,FIR registered for Hurt/Grievous Hurt at Choudhury Road.,25.0,Male,1,13.494194605543779,77.08627604282229,0,0,0
4127,FIR/2024/KA06/00096,338,8,2024-12-16,2024,12,closed,Victim reported sexual assault incident at Arya Zila. Medical examination conducted.,34.0,Male,1,12.861669464086843,74.81180727900392,0,0,1
4128,FIR/2024/KA30/00038,1110,1,2024-07-11,2024,7,registered,Complaint received regarding theft of gold chain worth Rs.370697.,38.0,Female,2,15.437098453096795,76.3620106194699,0,0,0
4129,FIR/2024/KA05/00119,292,6,2024-08-07,2024,8,chargesheeted,FIR registered for Attempt to Murder at Patel Path.,,Male,3,17.208113498260452,76.82061261125611,0,0,1
4130,FIR/2022/KA01/02145,174,10,2022-05-11,2022,5,closed,FIR registered for Sexual Harassment at Wadhwa Path.,45.0,Other,1,12.967311575676952,77.53372755170841,0,0,1
4131,FIR/2023/KA01/02146,88,27,2023-10-05,2023,10,under_investigation,FIR registered for Hurt/Grievous Hurt at Prabhu.,24.0,Other,1,12.850478227814518,77.55523579683094,0,0,0
4132,FIR/2022/KA25/00073,966,3,2022-11-20,2022,11,chargesheeted,Complainant robbed at Majumdar Ganj by 1 armed persons.,63.0,Female,1,17.881291611471696,77.63451626408481,0,0,1
4133,FIR/2024/KA01/02147,3,16,2024-11-17,2024,11,under_investigation,Victim lost Rs.241805 through online fraud/UPI scam.,55.0,Male,2,12.831788921818967,77.47060757413101,1,0,0
4134,FIR/2024/KA11/00145,514,9,2024-05-24,2024,5,registered,FIR registered for Assault on Women at Cherian Zila.,69.0,Female,3,15.275819910746014,77.05195312767998,0,0,0
4135,FIR/2024/KA14/00083,654,1,2024-06-27,2024,6,registered,Complaint received regarding theft of laptop worth Rs.228542.,48.0,Male,5,15.425852807546446,75.09400873074715,0,0,0
4136,FIR/2022/KA01/02148,108,2,2022-10-28,2022,10,under_investigation,FIR registered for House Breaking & Theft at Halder Nagar.,74.0,Male,1,12.9374889874958,77.58340777921377,0,0,0
4137,FIR/2023/KA01/02149,169,12,2023-03-19,2023,3,chargesheeted,Accused cheated complainant of Rs.371392 through false promises.,35.0,Male,1,13.047059106080672,77.5908813635541,0,1,1
4138,FIR/2024/KA01/02150,62,25,2024-08-20,2024,8,chargesheeted,FIR registered for Arms Act at Borde Zila.,18.0,Female,1,13.037549222457876,77.50666970003233,0,0,1
4139,FIR/2022/KA14/00084,647,9,2022-05-02,2022,5,chargesheeted,FIR registered for Assault on Women at Oza Circle.,,Other,2,15.511110815432549,75.10500193020424,0,0,1
4140,FIR/2023/KA01/02151,79,1,2023-06-15,2023,6,chargesheeted,Complaint received regarding theft of mobile phone worth Rs.299611.,68.0,Female,4,12.851589866321511,77.53754609300906,0,0,1
4141,FIR/2024/KA07/00041,363,22,2024-11-06,2024,11,registered,FIR registered for POCSO Act at Walla Ganj.,38.0,Other,1,13.376580361288436,74.86875524171818,0,0,0
4142,FIR/2024/KA01/02152,105,10,2024-07-02,2024,7,closed,FIR registered for Sexual Harassment at Bassi Street.,45.0,Male,1,13.056745233976683,77.48450704284605,0,0,1
4143,FIR/2023/KA01/02153,126,3,2023-05-01,2023,5,chargesheeted,Complainant robbed at Handa Street by 2 armed persons.,60.0,Female,4,12.988960422190727,77.68242513598936,0,0,1
4144,FIR/2024/KA01/02154,98,1,2024-07-01,2024,7,closed,Complaint received regarding theft of laptop worth Rs.124813.,55.0,Other,3,13.035359748907306,77.54558574166387,0,0,1
4145,FIR/2022/KA20/00090,823,3,2022-07-21,2022,7,pending_trial,Complainant robbed at Palan Circle by 3 armed persons.,51.0,Other,1,12.618471218050516,76.99915535993561,0,0,1
4146,FIR/2023/KA12/00095,579,3,2023-01-22,2023,1,chargesheeted,Complainant robbed at Sen Path by 1 armed persons.,57.0,Male,3,16.776317242183875,75.72848305067258,0,0,1
4147,FIR/2024/KA01/02155,23,3,2024-09-27,2024,9,registered,Complainant robbed at Sarin Zila by 4 armed persons.,37.0,Male,5,12.866445541999818,77.65961389969743,0,0,0
4148,FIR/2023/KA16/00062,706,3,2023-02-28,2023,2,under_investigation,Complainant robbed at Subramanian Zila by 1 armed persons.,41.0,Male,2,14.79536203002849,75.43365065864054,0,0,0
4149,FIR/2024/KA01/02156,49,1,2024-10-20,2024,10,pending_trial,Complaint received regarding theft of laptop worth Rs.214153.,66.0,Other,5,12.977295343811384,77.602331221051,0,0,1
4150,FIR/2024/KA10/00145,462,16,2024-05-20,2024,5,closed,Victim lost Rs.221560 through online fraud/UPI scam.,57.0,Male,2,13.446950287775751,77.21286237423159,1,0,1
4151,FIR/2022/KA19/00009,789,27,2022-08-15,2022,8,under_investigation,FIR registered for Hurt/Grievous Hurt at Mahal Street.,39.0,Female,1,12.391499782852739,75.63543709267161,0,0,0
4152,FIR/2023/KA01/02157,67,19,2023-01-09,2023,1,under_investigation,FIR registered for Cyber Crime - Phishing at Mann Street.,24.0,Female,4,12.936909632656045,77.74466518255402,1,0,0
4153,FIR/2024/KA29/00076,1104,21,2024-03-06,2024,3,chargesheeted,FIR registered for Dowry Prohibition Act at Bhat Nagar.,43.0,Male,2,14.401270123759996,75.90851751512626,0,0,1
4154,FIR/2023/KA01/02158,73,28,2023-07-16,2023,7,under_investigation,FIR registered for Criminal Trespass at Rao Ganj.,48.0,Female,2,12.85445886688361,77.50154563025525,0,0,0
4155,FIR/2023/KA30/00039,1120,2,2023-02-11,2023,2,under_investigation,FIR registered for House Breaking & Theft at Walia Chowk.,26.0,Female,1,15.367377816651539,76.35005821146461,0,0,0
4156,FIR/2023/KA14/00085,675,12,2023-08-18,2023,8,registered,Accused cheated complainant of Rs.113783 through false promises.,72.0,Male,1,15.529206369304026,75.13876550532558,0,1,0
4157,FIR/2023/KA30/00040,1111,12,2023-01-17,2023,1,under_investigation,Accused cheated complainant of Rs.139785 through false promises.,43.0,Male,5,15.246425395992313,76.57845550571895,0,1,0
4158,FIR/2024/KA01/02159,20,28,2024-08-12,2024,8,chargesheeted,FIR registered for Criminal Trespass at Rajagopalan Circle.,43.0,Female,1,12.918736273888848,77.52486930707408,0,0,1
4159,FIR/2023/KA01/02160,145,1,2023-07-09,2023,7,under_investigation,Complaint received regarding theft of cash worth Rs.30153.,55.0,Female,4,13.115661876258281,77.56843581013065,0,0,0
4160,FIR/2023/KA01/02161,5,1,2023-11-05,2023,11,under_investigation,Complaint received regarding theft of two-wheeler worth Rs.249443.,24.0,Male,3,12.938198694968142,77.58529025181329,0,0,0
4161,FIR/2024/KA01/02162,68,2,2024-01-06,2024,1,chargesheeted,FIR registered for House Breaking & Theft at Gour Ganj.,37.0,Female,3,13.008797230967966,77.63380300033894,0,0,1
4162,FIR/2022/KA01/02163,20,9,2022-02-23,2022,2,chargesheeted,FIR registered for Assault on Women at Dutta Nagar.,73.0,Other,5,12.932142463926201,77.53891442764473,0,0,1
4163,FIR/2024/KA05/00120,316,21,2024-11-19,2024,11,chargesheeted,FIR registered for Dowry Prohibition Act at Kamdar.,22.0,Other,1,17.175435013743783,76.7679248225788,0,0,1
4164,FIR/2022/KA01/02164,92,1,2022-09-15,2022,9,under_investigation,Complaint received regarding theft of gold chain worth Rs.164205.,63.0,Male,4,13.058728886488868,77.53936570496272,0,0,0
4165,FIR/2022/KA01/02165,153,35,2022-11-21,2022,11,registered,FIR registered for SC/ST Atrocities Act at Shah Circle.,32.0,Other,4,13.104380008637058,77.61505048752939,0,0,0
4166,FIR/2023/KA01/02166,93,1,2023-04-04,2023,4,chargesheeted,Complaint received regarding theft of two-wheeler worth Rs.347844.,54.0,Male,1,13.067156915446017,77.70512442756701,0,0,1
4167,FIR/2024/KA10/00146,493,19,2024-03-21,2024,3,chargesheeted,FIR registered for Cyber Crime - Phishing at Mitter Road.,64.0,Other,1,13.289879788429914,77.19417671232429,1,0,1
4168,FIR/2023/KA01/02167,175,1,2023-03-04,2023,3,closed,Complaint received regarding theft of laptop worth Rs.262917.,70.0,Other,5,12.87573093177206,77.46401098178356,0,0,1
4169,FIR/2023/KA10/00147,471,18,2023-07-14,2023,7,closed,FIR registered for Cyber Crime - Hacking at Dani Road.,28.0,Other,3,13.327354386026098,77.1751017871841,1,0,1
4170,FIR/2024/KA10/00148,497,19,2024-07-12,2024,7,chargesheeted,FIR registered for Cyber Crime - Phishing at Kapur Street.,58.0,Male,3,13.411271959901386,77.05115227287267,1,0,1
4171,FIR/2022/KA06/00097,325,26,2022-01-23,2022,1,under_investigation,FIR registered for Riots at Walla Nagar.,74.0,Male,3,12.888154429607656,74.80891288479177,0,0,0
4172,FIR/2023/KA10/00149,491,30,2023-07-20,2023,7,closed,FIR registered for Extortion at Manne Ganj.,51.0,Female,1,13.273912839333123,77.15811351694525,0,0,1
4173,FIR/2022/KA14/00086,649,23,2022-06-08,2022,6,under_investigation,FIR registered for Domestic Violence at Divan Nagar.,40.0,Other,2,15.565904380815319,75.04597917830584,0,0,0
4174,FIR/2024/KA06/00098,318,1,2024-10-26,2024,10,pending_trial,Complaint received regarding theft of cash worth Rs.27254.,62.0,Female,5,12.958296217153492,74.70779098734823,0,0,1
4175,FIR/2022/KA16/00063,721,1,2022-06-02,2022,6,chargesheeted,Complaint received regarding theft of two-wheeler worth Rs.483165.,35.0,Female,1,14.765793941912108,75.25253153981261,0,0,1
4176,FIR/2022/KA06/00099,339,10,2022-10-21,2022,10,closed,FIR registered for Sexual Harassment at Kade Ganj.,30.0,Female,5,12.954902047396438,74.8573537772506,0,0,1
4177,FIR/2022/KA04/00106,262,12,2022-08-25,2022,8,pending_trial,Accused cheated complainant of Rs.80867 through false promises.,,Female,2,15.825405446054745,74.39325312381013,0,1,1
4178,FIR/2024/KA15/00029,700,32,2024-04-20,2024,4,under_investigation,FIR registered for Missing Person at Palan Nagar.,45.0,Female,4,15.557017541358514,75.75780795409317,0,0,0
4179,FIR/2022/KA17/00075,744,3,2022-01-25,2022,1,under_investigation,Complainant robbed at Pillay by 4 armed persons.,59.0,Male,4,14.248242136121613,76.28216313694419,0,0,0
4180,FIR/2024/KA01/02168,75,25,2024-07-03,2024,7,under_investigation,FIR registered for Arms Act at Chacko Path.,,Female,1,12.88216300146322,77.70410637004896,0,0,0
4181,FIR/2024/KA11/00146,544,29,2024-03-20,2024,3,under_investigation,FIR registered for Mischief at Lalla Circle.,50.0,Other,2,15.149450580539302,76.84810407388777,0,0,0
4182,FIR/2022/KA01/02169,140,12,2022-04-14,2022,4,under_investigation,Accused cheated complainant of Rs.44423 through false promises.,62.0,Female,3,12.952678204047517,77.49307589831488,0,1,0
4183,FIR/2023/KA01/02170,12,22,2023-01-25,2023,1,under_investigation,FIR registered for POCSO Act at Menon.,,Female,3,13.04360758461844,77.46216565333852,0,0,0
4184,FIR/2022/KA05/00121,278,16,2022-05-01,2022,5,closed,Victim lost Rs.37192 through online fraud/UPI scam.,61.0,Other,2,17.446005007849514,76.87607034783281,1,0,1
4185,FIR/2023/KA01/02171,171,13,2023-10-21,2023,10,pending_trial,FIR registered for Criminal Breach of Trust at Parekh Nagar.,53.0,Female,4,12.848657636604793,77.50421837284371,0,1,1
4186,FIR/2023/KA17/00076,741,13,2023-01-05,2023,1,under_investigation,FIR registered for Criminal Breach of Trust at Mammen Ganj.,25.0,Male,4,14.067639849466174,76.32784592921737,0,1,0
4187,FIR/2024/KA24/00032,927,28,2024-03-18,2024,3,chargesheeted,FIR registered for Criminal Trespass at Kunda Street.,59.0,Female,3,16.87548757307019,77.27250506854567,0,0,1
4188,FIR/2022/KA01/02172,97,1,2022-11-13,2022,11,chargesheeted,Complaint received regarding theft of laptop worth Rs.98714.,34.0,Female,3,12.860094040310134,77.55424225149088,0,0,1
4189,FIR/2024/KA01/02173,100,30,2024-10-21,2024,10,pending_trial,FIR registered for Extortion at Cherian.,40.0,Female,2,13.10869241004011,77.49010594742667,0,0,1
4190,FIR/2022/KA01/02174,30,1,2022-03-06,2022,3,chargesheeted,Complaint received regarding theft of cash worth Rs.142365.,,Female,3,13.046658030911447,77.67108878407898,0,0,1
4191,FIR/2024/KA09/00067,417,24,2024-09-23,2024,9,chargesheeted,FIR registered for NDPS Act at Jhaveri.,,Other,4,13.903138608313952,75.63267835430104,0,0,1
4192,FIR/2023/KA27/00142,1022,2,2023-10-06,2023,10,closed,FIR registered for House Breaking & Theft at Kannan Chowk.,39.0,Other,2,16.167711974597513,75.70005567461763,0,0,1
4193,FIR/2024/KA01/02175,87,11,2024-02-28,2024,2,closed,FIR registered for Kidnapping & Abduction at Luthra Path.,59.0,Female,2,12.815135104348736,77.56691377585143,0,0,1
4194,FIR/2023/KA05/00122,309,24,2023-10-23,2023,10,chargesheeted,FIR registered for NDPS Act at Rana Ganj.,73.0,Male,3,17.38721251632805,76.94933962683278,0,0,1
4195,FIR/2023/KA01/02176,11,1,2023-05-27,2023,5,closed,Complaint received regarding theft of mobile phone worth Rs.163095.,42.0,Other,5,13.018641819075384,77.71255478359205,0,0,1
4196,FIR/2024/KA11/00147,547,3,2024-10-02,2024,10,chargesheeted,Complainant robbed at Saraf Ganj by 2 armed persons.,71.0,Female,2,15.260935593229997,76.87638768699766,0,0,1
4197,FIR/2024/KA16/00064,719,12,2024-08-04,2024,8,under_investigation,Accused cheated complainant of Rs.293290 through false promises.,68.0,Other,1,14.767524092087163,75.27262545760709,0,1,0
4198,FIR/2024/KA01/02177,145,21,2024-07-06,2024,7,registered,FIR registered for Dowry Prohibition Act at Chander Chowk.,72.0,Male,2,13.116643103552681,77.5799688313234,0,0,0
4199,FIR/2023/KA30/00041,1126,10,2023-04-03,2023,4,under_investigation,FIR registered for Sexual Harassment at Golla Chowk.,71.0,Male,4,15.296377479625521,76.50139933717836,0,0,0
4200,FIR/2024/KA01/02178,60,2,2024-12-04,2024,12,under_investigation,FIR registered for House Breaking & Theft at Goyal Chowk.,52.0,Other,5,12.90688296773657,77.67708422844015,0,0,0
4201,FIR/2022/KA26/00022,975,12,2022-07-06,2022,7,pending_trial,Accused cheated complainant of Rs.268301 through false promises.,47.0,Other,2,15.358033349407206,76.16926540839006,0,1,1
4202,FIR/2023/KA01/02179,103,13,2023-11-18,2023,11,under_investigation,FIR registered for Criminal Breach of Trust at Swaminathan.,71.0,Female,1,12.88413860691323,77.45866851360702,0,1,0
4203,FIR/2022/KA01/02180,84,24,2022-10-12,2022,10,chargesheeted,FIR registered for NDPS Act at Manda Street.,62.0,Male,2,13.005368182602004,77.59276951494532,0,0,1
4204,FIR/2022/KA04/00107,257,27,2022-10-17,2022,10,registered,FIR registered for Hurt/Grievous Hurt at Mukherjee Nagar.,22.0,Male,4,15.75830307574461,74.58192472903889,0,0,0
4205,FIR/2024/KA07/00042,357,21,2024-03-10,2024,3,chargesheeted,FIR registered for Dowry Prohibition Act at Goel Street.,51.0,Male,2,13.293713267875853,74.7170258634962,0,0,1
4206,FIR/2024/KA01/02181,160,11,2024-10-11,2024,10,under_investigation,FIR registered for Kidnapping & Abduction at Guha Marg.,19.0,Female,4,12.958408145547974,77.48759452499317,0,0,0
4207,FIR/2022/KA13/00094,612,9,2022-11-20,2022,11,under_investigation,FIR registered for Assault on Women at Dhar Zila.,43.0,Female,3,16.137134547441942,77.35334470898854,0,0,0
4208,FIR/2023/KA01/02182,26,1,2023-07-10,2023,7,under_investigation,Complaint received regarding theft of gold chain worth Rs.9255.,33.0,Male,2,12.848349017347326,77.4610368400267,0,0,0
4209,FIR/2024/KA01/02183,19,10,2024-02-06,2024,2,under_investigation,FIR registered for Sexual Harassment at Sha Ganj.,67.0,Other,1,13.043783357334174,77.46493151418201,0,0,0
4210,FIR/2024/KA01/02184,106,25,2024-10-12,2024,10,closed,FIR registered for Arms Act at Chaudhry Marg.,62.0,Female,1,13.015286018686233,77.54497436158954,0,0,1
4211,FIR/2024/KA01/02185,89,23,2024-12-05,2024,12,under_investigation,FIR registered for Domestic Violence at Devan Circle.,,Female,2,12.845628046640222,77.67347083312879,0,0,0
4212,FIR/2023/KA01/02186,143,3,2023-04-26,2023,4,under_investigation,Complainant robbed at Chaudhry Nagar by 2 armed persons.,45.0,Male,4,12.965418256105101,77.4729809909142,0,0,0
4213,FIR/2022/KA26/00023,986,19,2022-11-10,2022,11,chargesheeted,FIR registered for Cyber Crime - Phishing at Rajagopalan Marg.,,Female,2,15.331095646773186,76.02210939431563,1,0,1
4214,FIR/2023/KA10/00150,497,12,2023-08-25,2023,8,under_investigation,Accused cheated complainant of Rs.337272 through false promises.,63.0,Male,3,13.388020157448873,77.0658019973096,0,1,0
4215,FIR/2024/KA12/00096,571,16,2024-05-05,2024,5,chargesheeted,Victim lost Rs.401543 through online fraud/UPI scam.,,Male,3,16.932215939983916,75.60601933453597,1,0,1
4216,FIR/2022/KA12/00097,552,18,2022-11-25,2022,11,closed,FIR registered for Cyber Crime - Hacking at Kothari Street.,48.0,Other,2,16.776373137486413,75.63206005804976,1,0,1
4217,FIR/2022/KA18/00017,774,33,2022-04-17,2022,4,chargesheeted,FIR registered for Road Accident Death at Loyal Zila.,31.0,Other,2,13.372222821463122,75.88130955005636,0,0,1
4218,FIR/2024/KA01/02187,176,6,2024-04-19,2024,4,closed,FIR registered for Attempt to Murder at Arya Street.,74.0,Male,3,13.033516146417313,77.5196713209678,0,0,1
4219,FIR/2024/KA12/00098,551,1,2024-08-14,2024,8,registered,Complaint received regarding theft of cash worth Rs.399254.,42.0,Other,1,16.78770982899257,75.74357487585257,0,0,0
4220,FIR/2023/KA01/02188,65,27,2023-12-28,2023,12,registered,FIR registered for Hurt/Grievous Hurt at Nigam Circle.,51.0,Male,1,12.993092165417176,77.47241562535923,0,0,0
4221,FIR/2022/KA01/02189,118,2,2022-02-27,2022,2,closed,FIR registered for House Breaking & Theft at Jain Zila.,40.0,Female,3,13.039988191049147,77.56531925101739,0,0,1
4222,FIR/2022/KA10/00151,470,16,2022-02-04,2022,2,pending_trial,Victim lost Rs.144494 through online fraud/UPI scam.,65.0,Other,5,13.344647109985925,77.0430370724383,1,0,1
4223,FIR/2024/KA01/02190,41,1,2024-11-16,2024,11,chargesheeted,Complaint received regarding theft of mobile phone worth Rs.317640.,74.0,Other,1,13.087420703387345,77.55419940746013,0,0,1
4224,FIR/2023/KA11/00148,537,1,2023-07-10,2023,7,registered,Complaint received regarding theft of laptop worth Rs.171196.,,Female,5,15.137607161113154,76.81165115563702,0,0,0
4225,FIR/2024/KA01/02191,31,30,2024-07-01,2024,7,pending_trial,FIR registered for Extortion at Srinivas Path.,51.0,Male,1,12.962282893293539,77.57433010687478,0,0,1
4226,FIR/2024/KA11/00149,518,33,2024-11-07,2024,11,pending_trial,FIR registered for Road Accident Death at Kohli Street.,56.0,Female,3,15.076517677690932,77.03336588010085,0,0,1
4227,FIR/2023/KA17/00077,757,17,2023-11-09,2023,11,closed,FIR registered for Cyber Crime - Identity Theft at Loke Nagar.,,Other,4,14.070566882660485,76.49046954884446,1,0,1
4228,FIR/2024/KA01/02192,79,10,2024-04-11,2024,4,under_investigation,FIR registered for Sexual Harassment at Dasgupta Circle.,67.0,Female,4,12.878034753048892,77.54620965939601,0,0,0
4229,FIR/2023/KA01/02193,62,6,2023-11-18,2023,11,chargesheeted,FIR registered for Attempt to Murder at Basu Nagar.,37.0,Other,4,13.018850474278667,77.4875110476497,0,0,1
4230,FIR/2024/KA01/02194,84,17,2024-09-23,2024,9,under_investigation,FIR registered for Cyber Crime - Identity Theft at Minhas Zila.,31.0,Male,3,12.96836758176571,77.56622616792663,1,0,0
4231,FIR/2023/KA12/00099,593,21,2023-11-15,2023,11,closed,FIR registered for Dowry Prohibition Act at Vaidya Zila.,54.0,Male,3,16.670903031665446,75.69564579246365,0,0,1
4232,FIR/2024/KA01/02195,175,2,2024-01-08,2024,1,chargesheeted,FIR registered for House Breaking & Theft at Dhar Marg.,43.0,Female,4,12.886863865562246,77.4854448084231,0,0,1
4233,FIR/2024/KA01/02196,90,1,2024-11-12,2024,11,under_investigation,Complaint received regarding theft of cash worth Rs.484131.,72.0,Female,5,13.02281084620647,77.47267969709407,0,0,0
4234,FIR/2022/KA01/02197,63,12,2022-12-07,2022,12,chargesheeted,Accused cheated complainant of Rs.314285 through false promises.,,Other,5,12.842623830452887,77.65103812146002,0,1,1
4235,FIR/2022/KA01/02198,50,2,2022-09-27,2022,9,chargesheeted,FIR registered for House Breaking & Theft at Rajan Marg.,70.0,Other,1,12.931387134878593,77.45384628373621,0,0,1
4236,FIR/2023/KA10/00152,463,27,2023-08-16,2023,8,under_investigation,FIR registered for Hurt/Grievous Hurt at Pandit Street.,53.0,Other,4,13.250524859655636,77.00631409400566,0,0,0
4237,FIR/2023/KA21/00053,867,3,2023-09-12,2023,9,under_investigation,Complainant robbed at Kara Road by 3 armed persons.,53.0,Male,2,13.110965797464088,78.2448148885907,0,0,0
4238,FIR/2023/KA01/02199,55,19,2023-10-12,2023,10,chargesheeted,FIR registered for Cyber Crime - Phishing at Chowdhury Marg.,,Male,1,12.898684094105773,77.7112901687522,1,0,1
4239,FIR/2023/KA08/00084,384,25,2023-12-13,2023,12,registered,FIR registered for Arms Act at Gara Chowk.,50.0,Female,3,13.150250233952393,75.99717723922697,0,0,0
4240,FIR/2023/KA08/00085,412,33,2023-12-05,2023,12,chargesheeted,FIR registered for Road Accident Death at Kapur Zila.,,Other,5,13.116967908325668,76.05520735684127,0,0,1
4241,FIR/2023/KA01/02200,129,23,2023-06-11,2023,6,closed,FIR registered for Domestic Violence at Manda Zila.,41.0,Female,1,12.957841661382238,77.50041913237976,0,0,1
4242,FIR/2023/KA01/02201,65,12,2023-03-22,2023,3,pending_trial,Accused cheated complainant of Rs.289201 through false promises.,,Male,5,12.968568242604416,77.44683210450589,0,1,1
4243,FIR/2024/KA01/02202,151,2,2024-06-05,2024,6,chargesheeted,FIR registered for House Breaking & Theft at Nath.,24.0,Female,5,13.022148877063925,77.72002200542525,0,0,1
4244,FIR/2024/KA13/00095,619,14,2024-12-02,2024,12,chargesheeted,FIR registered for Forgery at Patel Zila.,44.0,Male,2,16.149280995489836,77.49135520737335,0,1,1
4245,FIR/2022/KA24/00033,933,1,2022-07-23,2022,7,chargesheeted,Complaint received regarding theft of cash worth Rs.51159.,,Male,2,16.77200431245298,76.97777103520046,0,0,1
4246,FIR/2022/KA04/00108,263,27,2022-12-01,2022,12,under_investigation,FIR registered for Hurt/Grievous Hurt at Dora.,41.0,Other,4,15.997168539707392,74.52318334971217,0,0,0
4247,FIR/2023/KA29/00077,1107,13,2023-03-08,2023,3,chargesheeted,FIR registered for Criminal Breach of Trust at Sangha Street.,,Male,3,14.450117036977137,75.93108114419897,0,1,1
4248,FIR/2024/KA01/02203,105,2,2024-03-26,2024,3,chargesheeted,FIR registered for House Breaking & Theft at Natt Circle.,30.0,Other,5,13.05385901098129,77.48425545068321,0,0,1
4249,FIR/2024/KA28/00047,1050,12,2024-12-20,2024,12,under_investigation,Accused cheated complainant of Rs.405187 through false promises.,59.0,Male,4,14.896036015746423,74.59446411465085,0,1,0
4250,FIR/2024/KA17/00078,747,14,2024-06-15,2024,6,chargesheeted,FIR registered for Forgery at Doctor Marg.,36.0,Male,1,14.290224130318263,76.26274225653857,0,1,1
4251,FIR/2022/KA01/02204,156,16,2022-02-12,2022,2,closed,Victim lost Rs.271828 through online fraud/UPI scam.,39.0,Male,5,12.994202436276243,77.47520854298251,1,0,1
4252,FIR/2024/KA11/00150,516,1,2024-06-06,2024,6,chargesheeted,Complaint received regarding theft of gold chain worth Rs.134403.,24.0,Female,2,15.075041598377611,76.89992441892552,0,0,1
4253,FIR/2023/KA17/00079,750,3,2023-05-25,2023,5,chargesheeted,Complainant robbed at Tata Road by 1 armed persons.,19.0,Male,5,14.255466813135254,76.46258314008419,0,0,1
4254,FIR/2023/KA01/02205,173,18,2023-03-13,2023,3,under_investigation,FIR registered for Cyber Crime - Hacking at Lanka Path.,27.0,Male,3,12.95425579976404,77.68202135591204,1,0,0
4255,FIR/2022/KA06/00100,336,9,2022-09-25,2022,9,under_investigation,FIR registered for Assault on Women at Agate Zila.,66.0,Female,2,12.799405664878392,74.94843040369885,0,0,0
4256,FIR/2024/KA01/02206,1,1,2024-04-02,2024,4,closed,Complaint received regarding theft of gold chain worth Rs.450570.,18.0,Male,1,13.032502352200124,77.5093356508499,0,0,1
4257,FIR/2023/KA28/00048,1065,12,2023-05-27,2023,5,under_investigation,Accused cheated complainant of Rs.152847 through false promises.,48.0,Other,1,14.947020957009924,74.6978093662495,0,1,0
4258,FIR/2022/KA01/02207,53,16,2022-11-20,2022,11,under_investigation,Victim lost Rs.472436 through online fraud/UPI scam.,19.0,Other,2,12.920487868471227,77.71272155020004,1,0,0
4259,FIR/2022/KA08/00086,380,33,2022-10-15,2022,10,under_investigation,FIR registered for Road Accident Death at Bhavsar Chowk.,40.0,Female,5,12.896161410615434,76.03239202934174,0,0,0
4260,FIR/2023/KA13/00096,623,1,2023-02-03,2023,2,under_investigation,Complaint received regarding theft of mobile phone worth Rs.452767.,68.0,Female,5,16.1575055474132,77.22633300400253,0,0,0
4261,FIR/2022/KA01/02208,40,11,2022-12-15,2022,12,chargesheeted,FIR registered for Kidnapping & Abduction at Dhillon Road.,20.0,Female,1,13.035954491670715,77.73329324446904,0,0,1
4262,FIR/2023/KA01/02209,134,12,2023-05-16,2023,5,under_investigation,Accused cheated complainant of Rs.337921 through false promises.,24.0,Male,2,13.108426368680526,77.63135444695607,0,1,0
4263,FIR/2023/KA10/00153,463,32,2023-08-27,2023,8,closed,FIR registered for Missing Person at Gopal Street.,62.0,Female,5,13.25684904496175,76.9882217851694,0,0,1
4264,FIR/2024/KA01/02210,69,8,2024-12-05,2024,12,under_investigation,Victim reported sexual assault incident at Pandit Marg. Medical examination conducted.,25.0,Female,1,12.988423228455316,77.53575569928105,0,0,0
4265,FIR/2022/KA05/00123,304,13,2022-10-22,2022,10,chargesheeted,FIR registered for Criminal Breach of Trust at Talwar Path.,20.0,Female,1,17.292209215490946,76.90367249037905,0,1,1
4266,FIR/2024/KA01/02211,162,8,2024-12-19,2024,12,under_investigation,Victim reported sexual assault incident at Srivastava Marg. Medical examination conducted.,49.0,Other,4,13.039127316324196,77.58737789968802,0,0,0
4267,FIR/2023/KA23/00040,892,1,2023-04-16,2023,4,under_investigation,Complaint received regarding theft of gold chain worth Rs.495618.,,Female,3,12.640902102991292,77.37388027535572,0,0,0
4268,FIR/2024/KA01/02212,81,12,2024-03-24,2024,3,closed,Accused cheated complainant of Rs.422852 through false promises.,65.0,Other,2,12.894775199623224,77.72954576908194,0,1,1
4269,FIR/2022/KA04/00109,238,10,2022-08-21,2022,8,chargesheeted,FIR registered for Sexual Harassment at Sahota Marg.,19.0,Female,4,15.86486988892075,74.61664195626479,0,0,1
4270,FIR/2023/KA15/00030,694,19,2023-08-17,2023,8,under_investigation,FIR registered for Cyber Crime - Phishing at Tank Circle.,,Other,4,15.456088992353333,75.58284365317635,1,0,0
4271,FIR/2024/KA01/02213,78,10,2024-10-09,2024,10,under_investigation,FIR registered for Sexual Harassment at Walla Circle.,70.0,Male,4,13.08062721796911,77.54221537418965,0,0,0
4272,FIR/2023/KA03/00043,221,12,2023-05-10,2023,5,chargesheeted,Accused cheated complainant of Rs.416994 through false promises.,52.0,Other,1,12.392501708102897,76.78451628756595,0,1,1
4273,FIR/2022/KA14/00087,649,10,2022-12-16,2022,12,chargesheeted,FIR registered for Sexual Harassment at Karpe Circle.,55.0,Female,4,15.603913353233182,75.07494718820253,0,0,1
4274,FIR/2024/KA06/00101,324,21,2024-06-23,2024,6,under_investigation,FIR registered for Dowry Prohibition Act at Chacko Marg.,58.0,Male,5,12.901536227386948,74.78681567010497,0,0,0
4275,FIR/2022/KA22/00027,886,12,2022-02-11,2022,2,under_investigation,Accused cheated complainant of Rs.453246 through false promises.,31.0,Female,3,13.423129790131892,77.87050925538806,0,1,0
4276,FIR/2024/KA28/00049,1057,12,2024-06-11,2024,6,chargesheeted,Accused cheated complainant of Rs.244480 through false promises.,56.0,Other,1,14.835074447113227,74.72008361653623,0,1,1
4277,FIR/2022/KA10/00154,476,16,2022-01-27,2022,1,under_investigation,Victim lost Rs.181889 through online fraud/UPI scam.,,Male,1,13.43148735954876,77.09095520601757,1,0,0
4278,FIR/2023/KA13/00097,606,27,2023-05-04,2023,5,under_investigation,FIR registered for Hurt/Grievous Hurt at Agate Path.,29.0,Other,5,16.30928309531912,77.22282091181262,0,0,0
4279,FIR/2022/KA01/02214,176,1,2022-03-09,2022,3,registered,Complaint received regarding theft of gold chain worth Rs.184269.,71.0,Male,4,13.027414851047252,77.50744817775791,0,0,0
4280,FIR/2024/KA01/02215,122,9,2024-06-14,2024,6,under_investigation,FIR registered for Assault on Women at Som Path.,65.0,Female,2,13.10650064279908,77.58616515867224,0,0,0
4281,FIR/2023/KA14/00088,658,21,2023-12-05,2023,12,closed,FIR registered for Dowry Prohibition Act at Choudhary Street.,,Male,1,15.604946549060276,75.01881163377465,0,0,1
4282,FIR/2023/KA01/02216,61,34,2023-07-02,2023,7,chargesheeted,FIR registered for Immoral Traffic Act at Palla Nagar.,71.0,Other,1,13.039544205369053,77.66429391781918,0,0,1
4283,FIR/2024/KA01/02217,39,14,2024-07-02,2024,7,chargesheeted,FIR registered for Forgery at Dewan Path.,20.0,Male,5,12.83190892866734,77.65921280101342,0,1,1
4284,FIR/2024/KA23/00041,902,1,2024-02-24,2024,2,chargesheeted,Complaint received regarding theft of laptop worth Rs.382839.,21.0,Female,1,12.853299999729243,77.33841697519782,0,0,1
4285,FIR/2024/KA01/02218,98,1,2024-07-19,2024,7,under_investigation,Complaint received regarding theft of mobile phone worth Rs.357859.,51.0,Female,3,13.060375678534756,77.5350082350964,0,0,0
4286,FIR/2023/KA20/00091,843,18,2023-07-09,2023,7,chargesheeted,FIR registered for Cyber Crime - Hacking at Kade Ganj.,19.0,Male,2,12.548418493947079,76.95403708681134,1,0,1
4287,FIR/2024/KA16/00065,725,26,2024-08-13,2024,8,closed,FIR registered for Riots at Bhalla Ganj.,29.0,Male,3,14.873902768268742,75.52987869015547,0,0,1
4288,FIR/2024/KA05/00124,279,20,2024-08-11,2024,8,under_investigation,FIR registered for Dowry Death at Dalal Street.,44.0,Male,3,17.291779431742196,76.81146082259487,0,0,0
4289,FIR/2023/KA01/02219,42,28,2023-02-09,2023,2,chargesheeted,FIR registered for Criminal Trespass at Purohit Street.,49.0,Male,3,13.036859535710416,77.66316111268902,0,0,1
4290,FIR/2022/KA01/02220,139,18,2022-01-15,2022,1,chargesheeted,FIR registered for Cyber Crime - Hacking at Samra Nagar.,56.0,Female,5,12.969949449732923,77.57061189487654,1,0,1
4291,FIR/2022/KA01/02221,182,29,2022-08-10,2022,8,under_investigation,FIR registered for Mischief at Bhagat Path.,43.0,Other,4,12.83198718248679,77.53109356344243,0,0,0
4292,FIR/2023/KA01/02222,153,33,2023-04-17,2023,4,closed,FIR registered for Road Accident Death at Borah Zila.,69.0,Male,1,13.106382618320367,77.60422396967763,0,0,1
4293,FIR/2023/KA01/02223,129,12,2023-10-05,2023,10,pending_trial,Accused cheated complainant of Rs.121665 through false promises.,28.0,Male,2,12.965597289081394,77.50979101985723,0,1,1
4294,FIR/2023/KA09/00068,420,27,2023-05-10,2023,5,closed,FIR registered for Hurt/Grievous Hurt at Din Nagar.,34.0,Female,5,13.978404563683945,75.52305788760378,0,0,1
4295,FIR/2023/KA16/00066,734,16,2023-05-14,2023,5,registered,Victim lost Rs.490630 through online fraud/UPI scam.,43.0,Other,3,14.699729296606721,75.42351772692781,1,0,0
4296,FIR/2023/KA10/00155,465,23,2023-08-19,2023,8,under_investigation,FIR registered for Domestic Violence at Konda Zila.,,Male,3,13.349346539082072,77.22410197246089,0,0,0
4297,FIR/2023/KA01/02224,21,2,2023-07-20,2023,7,closed,FIR registered for House Breaking & Theft at Arora Zila.,22.0,Male,2,13.010360233480787,77.67426605251553,0,0,1
4298,FIR/2022/KA01/02225,102,21,2022-11-25,2022,11,chargesheeted,FIR registered for Dowry Prohibition Act at Saha.,,Other,1,13.01376629698211,77.58863435470009,0,0,1
4299,FIR/2023/KA13/00098,607,6,2023-08-15,2023,8,closed,FIR registered for Attempt to Murder at Gopal Street.,74.0,Male,3,16.106954416126484,77.4595374694097,0,0,1
4300,FIR/2024/KA04/00110,238,3,2024-03-08,2024,3,pending_trial,Complainant robbed at Dey Chowk by 3 armed persons.,35.0,Female,4,15.840171377030762,74.63543370153143,0,0,1
4301,FIR/2024/KA01/02226,31,13,2024-06-28,2024,6,under_investigation,FIR registered for Criminal Breach of Trust at Mistry Circle.,38.0,Female,2,12.939067662226401,77.5681624184393,0,1,0
4302,FIR/2023/KA08/00087,389,9,2023-07-16,2023,7,chargesheeted,FIR registered for Assault on Women at Sabharwal Chowk.,25.0,Male,3,13.003047246678658,76.18238761064623,0,0,1
4303,FIR/2024/KA11/00151,530,34,2024-08-06,2024,8,closed,FIR registered for Immoral Traffic Act at Sawhney Path.,26.0,Male,2,15.291821520481612,76.91913211252631,0,0,1
4304,FIR/2022/KA01/02227,123,7,2022-06-08,2022,6,chargesheeted,FIR registered for Culpable Homicide at Mangat Nagar.,73.0,Female,4,13.080306551879989,77.47721657637356,0,0,1
4305,FIR/2022/KA01/02228,10,27,2022-11-16,2022,11,under_investigation,FIR registered for Hurt/Grievous Hurt at Dugal Zila.,75.0,Other,2,13.110974899573591,77.53872243255724,0,0,0
4306,FIR/2023/KA01/02229,22,3,2023-10-18,2023,10,under_investigation,Complainant robbed at Balay Nagar by 2 armed persons.,69.0,Male,4,12.940739785953205,77.71465861311408,0,0,0
4307,FIR/2022/KA12/00100,566,19,2022-11-04,2022,11,under_investigation,FIR registered for Cyber Crime - Phishing at Ghose.,43.0,Female,5,16.783621829578784,75.66774941038982,1,0,0
4308,FIR/2024/KA01/02230,181,33,2024-08-19,2024,8,under_investigation,FIR registered for Road Accident Death at Dyal Circle.,,Male,2,12.858865519555678,77.69972182785723,0,0,0
4309,FIR/2024/KA01/02231,116,31,2024-10-07,2024,10,chargesheeted,FIR registered for Criminal Intimidation at Randhawa Nagar.,57.0,Male,5,13.02836714699449,77.66223032712547,0,0,1
4310,FIR/2022/KA01/02232,23,1,2022-08-26,2022,8,under_investigation,Complaint received regarding theft of two-wheeler worth Rs.362677.,48.0,Female,4,12.87644971743266,77.66804985029049,0,0,0
4311,FIR/2023/KA12/00101,561,2,2023-10-08,2023,10,chargesheeted,FIR registered for House Breaking & Theft at Kuruvilla Circle.,63.0,Other,5,16.76753286074222,75.65335211061851,0,0,1
4312,FIR/2023/KA01/02233,34,32,2023-05-06,2023,5,chargesheeted,FIR registered for Missing Person at Thaker.,64.0,Other,2,13.021886539806848,77.49969050255433,0,0,1
4313,FIR/2022/KA25/00074,956,35,2022-09-07,2022,9,under_investigation,FIR registered for SC/ST Atrocities Act at Karan Road.,50.0,Male,5,17.977950405560026,77.6565327281556,0,0,0
4314,FIR/2024/KA01/02234,167,1,2024-02-21,2024,2,pending_trial,Complaint received regarding theft of laptop worth Rs.487433.,19.0,Other,5,12.936456370198,77.68992848118157,0,0,1
4315,FIR/2022/KA03/00044,217,1,2022-09-18,2022,9,chargesheeted,Complaint received regarding theft of gold chain worth Rs.15177.,64.0,Male,4,12.203452682328248,76.52766052741387,0,0,1
4316,FIR/2024/KA01/02235,138,33,2024-05-11,2024,5,closed,FIR registered for Road Accident Death at Purohit Circle.,26.0,Female,4,12.991878774011271,77.49611601096628,0,0,1
4317,FIR/2022/KA21/00054,851,12,2022-12-23,2022,12,chargesheeted,Accused cheated complainant of Rs.102186 through false promises.,38.0,Female,2,13.056297239024188,78.03247138423382,0,1,1
4318,FIR/2024/KA29/00078,1089,1,2024-02-13,2024,2,chargesheeted,Complaint received regarding theft of cash worth Rs.103354.,46.0,Female,3,14.3384281059653,75.93032186114297,0,0,1
4319,FIR/2024/KA01/02236,133,1,2024-07-11,2024,7,closed,Complaint received regarding theft of mobile phone worth Rs.226293.,29.0,Female,5,12.972707676473675,77.47842984283037,0,0,1
4320,FIR/2022/KA29/00079,1100,15,2022-04-07,2022,4,chargesheeted,FIR registered for Counterfeiting at Brahmbhatt Street.,39.0,Female,3,14.437742363534493,75.97345732896869,0,1,1
4321,FIR/2024/KA01/02237,65,17,2024-07-13,2024,7,closed,FIR registered for Cyber Crime - Identity Theft at Sood Chowk.,31.0,Male,1,12.979076979421569,77.44939634121108,1,0,1
4322,FIR/2024/KA12/00102,580,2,2024-10-04,2024,10,chargesheeted,FIR registered for House Breaking & Theft at Ravel Path.,39.0,Female,1,16.79910418666255,75.84233446361962,0,0,1
4323,FIR/2023/KA09/00069,433,28,2023-07-19,2023,7,chargesheeted,FIR registered for Criminal Trespass at Gala Marg.,47.0,Other,4,13.948503193997505,75.67992665647125,0,0,1
4324,FIR/2023/KA01/02238,149,34,2023-10-20,2023,10,pending_trial,FIR registered for Immoral Traffic Act at Prabhu Nagar.,44.0,Other,4,12.889401921899033,77.59629359407467,0,0,1
4325,FIR/2024/KA21/00055,850,35,2024-03-07,2024,3,under_investigation,FIR registered for SC/ST Atrocities Act at Hayer Marg.,72.0,Female,2,13.150246494047472,78.23705321651946,0,0,0
4326,FIR/2022/KA05/00125,274,1,2022-05-07,2022,5,closed,Complaint received regarding theft of gold chain worth Rs.86305.,72.0,Female,2,17.19049700872014,76.68024963591762,0,0,1
4327,FIR/2022/KA01/02239,73,2,2022-08-16,2022,8,closed,FIR registered for House Breaking & Theft at Brahmbhatt Zila.,72.0,Male,3,12.828825588147838,77.51437433978764,0,0,1
4328,FIR/2023/KA01/02240,110,11,2023-12-26,2023,12,chargesheeted,FIR registered for Kidnapping & Abduction at Nayak Path.,73.0,Other,5,13.073572220269192,77.61855698187058,0,0,1
4329,FIR/2024/KA01/02241,36,1,2024-08-07,2024,8,under_investigation,Complaint received regarding theft of gold chain worth Rs.57919.,55.0,Female,5,12.95763841598962,77.48054074133603,0,0,0
4330,FIR/2024/KA04/00111,254,13,2024-01-17,2024,1,closed,FIR registered for Criminal Breach of Trust at Gaba Road.,37.0,Female,2,16.002524886829132,74.5380740231241,0,1,1
4331,FIR/2024/KA17/00080,755,12,2024-04-11,2024,4,chargesheeted,Accused cheated complainant of Rs.357362 through false promises.,22.0,Other,4,14.219918513962105,76.40937382573274,0,1,1
4332,FIR/2023/KA28/00050,1046,28,2023-11-03,2023,11,closed,FIR registered for Criminal Trespass at Kakar Zila.,34.0,Female,1,14.785329946009195,74.5649202906002,0,0,1
4333,FIR/2023/KA09/00070,445,2,2023-04-08,2023,4,pending_trial,FIR registered for House Breaking & Theft at Apte.,24.0,Female,4,14.062101419519974,75.50429778562544,0,0,1
4334,FIR/2024/KA29/00080,1102,16,2024-12-22,2024,12,under_investigation,Victim lost Rs.488941 through online fraud/UPI scam.,59.0,Other,3,14.413908676205066,76.03415824636785,1,0,0
4335,FIR/2023/KA01/02242,147,7,2023-01-06,2023,1,pending_trial,FIR registered for Culpable Homicide at Jaggi Circle.,53.0,Female,5,12.860352119362918,77.75099012781834,0,0,1
4336,FIR/2022/KA01/02243,16,17,2022-10-22,2022,10,chargesheeted,FIR registered for Cyber Crime - Identity Theft at Khosla Nagar.,36.0,Other,5,13.003829962963456,77.6441502407036,1,0,1
4337,FIR/2022/KA01/02244,12,27,2022-06-08,2022,6,chargesheeted,FIR registered for Hurt/Grievous Hurt at Chada Road.,51.0,Female,1,13.044439687554071,77.45491795923006,0,0,1
4338,FIR/2022/KA15/00031,682,9,2022-12-10,2022,12,closed,FIR registered for Assault on Women at Basu.,18.0,Female,3,15.314879303023611,75.57999000883925,0,0,1
4339,FIR/2023/KA29/00081,1089,11,2023-01-16,2023,1,closed,FIR registered for Kidnapping & Abduction at Sule.,,Female,3,14.35391931437518,75.91884117148038,0,0,1
4340,FIR/2024/KA07/00043,377,17,2024-06-08,2024,6,closed,FIR registered for Cyber Crime - Identity Theft at Bava Nagar.,70.0,Other,3,13.263355587523105,74.80211382629331,1,0,1
4341,FIR/2024/KA10/00156,486,12,2024-07-20,2024,7,closed,Accused cheated complainant of Rs.316469 through false promises.,27.0,Male,3,13.288519915490452,77.19469931402304,0,1,1
4342,FIR/2024/KA01/02245,65,16,2024-10-07,2024,10,registered,Victim lost Rs.343093 through online fraud/UPI scam.,53.0,Other,4,12.973478866060075,77.46924481017017,1,0,0
4343,FIR/2024/KA08/00088,407,27,2024-09-13,2024,9,chargesheeted,FIR registered for Hurt/Grievous Hurt at Mandal Path.,74.0,Male,5,12.883168668960995,76.01156848690951,0,0,1
4344,FIR/2022/KA19/00010,785,35,2022-06-08,2022,6,closed,FIR registered for SC/ST Atrocities Act at Tella Marg.,34.0,Female,1,12.411595254268228,75.70195240466559,0,0,1
4345,FIR/2024/KA01/02246,61,14,2024-04-18,2024,4,closed,FIR registered for Forgery at Murty Ganj.,47.0,Male,4,13.02964766325435,77.65500566459659,0,1,1
4346,FIR/2023/KA01/02247,82,1,2023-08-14,2023,8,closed,Complaint received regarding theft of mobile phone worth Rs.310068.,,Male,3,12.96602298096826,77.53770036910612,0,0,1
4347,FIR/2023/KA29/00082,1080,22,2023-10-12,2023,10,under_investigation,FIR registered for POCSO Act at Chatterjee Street.,39.0,Other,3,14.400287549569574,75.92601540532054,0,0,0
4348,FIR/2022/KA01/02248,70,11,2022-03-07,2022,3,under_investigation,FIR registered for Kidnapping & Abduction at Reddy Path.,31.0,Female,2,13.053797068162122,77.51763726001933,0,0,0
4349,FIR/2024/KA01/02249,39,30,2024-11-22,2024,11,under_investigation,FIR registered for Extortion at Chaudhuri Circle.,47.0,Female,2,12.842853855516545,77.6732535652728,0,0,0
4350,FIR/2023/KA01/02250,59,1,2023-07-23,2023,7,closed,Complaint received regarding theft of cash worth Rs.82610.,59.0,Other,3,13.08139628811876,77.50168360150401,0,0,1
4351,FIR/2023/KA01/02251,166,2,2023-04-14,2023,4,under_investigation,FIR registered for House Breaking & Theft at Raja Nagar.,,Male,4,12.913940575347548,77.57935226629174,0,0,0
4352,FIR/2024/KA01/02252,73,25,2024-11-11,2024,11,chargesheeted,FIR registered for Arms Act at Barad Chowk.,41.0,Male,4,12.850197145145453,77.50940091973618,0,0,1
4353,FIR/2024/KA09/00071,426,12,2024-06-17,2024,6,closed,Accused cheated complainant of Rs.323199 through false promises.,33.0,Male,5,13.877165438909,75.50017569996305,0,1,1
4354,FIR/2022/KA29/00083,1081,2,2022-03-17,2022,3,under_investigation,FIR registered for House Breaking & Theft at Sheth Street.,62.0,Other,3,14.422536908696216,75.92070801900584,0,0,0
4355,FIR/2023/KA04/00112,234,1,2023-10-23,2023,10,under_investigation,Complaint received regarding theft of two-wheeler worth Rs.482455.,37.0,Other,1,15.834983757023746,74.50398947024185,0,0,0
4356,FIR/2023/KA06/00102,318,16,2023-07-05,2023,7,under_investigation,Victim lost Rs.293487 through online fraud/UPI scam.,20.0,Female,1,12.979242074271326,74.72167823243204,1,0,0
4357,FIR/2022/KA04/00113,263,15,2022-12-22,2022,12,chargesheeted,FIR registered for Counterfeiting at Dyal Street.,34.0,Female,4,15.986361387158727,74.51949624469849,0,1,1
4358,FIR/2022/KA10/00157,461,1,2022-04-02,2022,4,pending_trial,Complaint received regarding theft of laptop worth Rs.304021.,60.0,Other,1,13.309456156042863,77.13142222982216,0,0,1
4359,FIR/2022/KA05/00126,278,1,2022-11-12,2022,11,closed,Complaint received regarding theft of mobile phone worth Rs.330823.,,Male,2,17.421027608172956,76.88118583841184,0,0,1
4360,FIR/2024/KA01/02253,62,17,2024-02-12,2024,2,chargesheeted,FIR registered for Cyber Crime - Identity Theft at Sem Path.,50.0,Male,5,13.0231838099985,77.47314494850407,1,0,1
4361,FIR/2022/KA01/02254,73,21,2022-03-27,2022,3,under_investigation,FIR registered for Dowry Prohibition Act at Nori Street.,,Other,3,12.825368496129999,77.5198678992162,0,0,0
4362,FIR/2024/KA08/00089,384,12,2024-02-10,2024,2,chargesheeted,Accused cheated complainant of Rs.97528 through false promises.,41.0,Female,2,13.130749513995164,76.01297172725886,0,1,1
4363,FIR/2022/KA31/00024,1134,33,2022-12-20,2022,12,registered,FIR registered for Road Accident Death at Sankar.,62.0,Female,3,11.880862739797193,76.87813542770768,0,0,0
4364,FIR/2024/KA23/00042,896,1,2024-05-05,2024,5,closed,Complaint received regarding theft of two-wheeler worth Rs.107540.,33.0,Other,5,12.799949465636379,77.32965655136714,0,0,1
4365,FIR/2022/KA01/02255,102,12,2022-12-28,2022,12,under_investigation,Accused cheated complainant of Rs.304227 through false promises.,36.0,Other,2,13.01514232005318,77.60039314261206,0,1,0
4366,FIR/2024/KA01/02256,41,23,2024-05-03,2024,5,under_investigation,FIR registered for Domestic Violence at Borde.,67.0,Female,3,13.095511744450825,77.55318181162254,0,0,0
4367,FIR/2024/KA08/00090,379,23,2024-06-21,2024,6,closed,FIR registered for Domestic Violence at Tank Street.,25.0,Female,4,12.99236949293545,75.9998273229227,0,0,1
4368,FIR/2022/KA01/02257,95,1,2022-04-07,2022,4,under_investigation,Complaint received regarding theft of two-wheeler worth Rs.495361.,63.0,Female,1,12.890211925380143,77.70228839672657,0,0,0
4369,FIR/2022/KA01/02258,126,5,2022-02-21,2022,2,closed,Dead body found at More Street. Prima facie case of murder registered.,74.0,Female,2,12.9757920847507,77.71223431394307,0,0,1
4370,FIR/2024/KA01/02259,65,1,2024-02-17,2024,2,pending_trial,Complaint received regarding theft of laptop worth Rs.337800.,60.0,Male,5,12.993034894367987,77.47882551656531,0,0,1
4371,FIR/2023/KA01/02260,51,16,2023-03-28,2023,3,under_investigation,Victim lost Rs.297085 through online fraud/UPI scam.,54.0,Other,4,12.965067374206505,77.59552119786088,1,0,0
4372,FIR/2023/KA04/00114,265,1,2023-03-26,2023,3,closed,Complaint received regarding theft of gold chain worth Rs.240788.,40.0,Female,3,15.779059275243807,74.59137244298586,0,0,1
4373,FIR/2022/KA01/02261,19,12,2022-02-20,2022,2,chargesheeted,Accused cheated complainant of Rs.187808 through false promises.,46.0,Other,2,13.053028814927188,77.45134153594108,0,1,1
4374,FIR/2023/KA05/00127,291,22,2023-10-23,2023,10,under_investigation,FIR registered for POCSO Act at Bir Street.,32.0,Other,3,17.214133695592583,76.89257063939141,0,0,0
4375,FIR/2024/KA01/02262,156,12,2024-04-03,2024,4,chargesheeted,Accused cheated complainant of Rs.331652 through false promises.,18.0,Other,1,13.005783254884571,77.46185977401414,0,1,1
4376,FIR/2024/KA01/02263,79,23,2024-04-20,2024,4,chargesheeted,FIR registered for Domestic Violence at Chakraborty Path.,57.0,Female,2,12.871286708491912,77.5346935474481,0,0,1
4377,FIR/2023/KA01/02264,151,9,2023-02-01,2023,2,under_investigation,FIR registered for Assault on Women at Gola Zila.,51.0,Male,4,12.998727954527078,77.75317522943735,0,0,0
4378,FIR/2022/KA01/02265,34,1,2022-04-25,2022,4,under_investigation,Complaint received regarding theft of mobile phone worth Rs.455416.,54.0,Female,4,13.005136387165468,77.49344518513404,0,0,0
4379,FIR/2024/KA01/02266,68,16,2024-03-08,2024,3,pending_trial,Victim lost Rs.292226 through online fraud/UPI scam.,65.0,Male,1,12.982893055528644,77.63761785459747,1,0,1
4380,FIR/2024/KA01/02267,85,33,2024-02-21,2024,2,chargesheeted,FIR registered for Road Accident Death at Dey Chowk.,37.0,Other,3,13.104766493011306,77.63755417249891,0,0,1
4381,FIR/2023/KA28/00051,1059,27,2023-08-09,2023,8,registered,FIR registered for Hurt/Grievous Hurt at Sura Zila.,,Male,2,14.662243455515467,74.78187098147552,0,0,0
4382,FIR/2023/KA01/02268,27,17,2023-08-15,2023,8,under_investigation,FIR registered for Cyber Crime - Identity Theft at Patla Nagar.,34.0,Other,5,13.043272243361784,77.62470769364677,1,0,0
4383,FIR/2023/KA20/00092,817,31,2023-10-03,2023,10,registered,FIR registered for Criminal Intimidation at Rattan Road.,24.0,Other,1,12.6351760796251,76.75303340131332,0,0,0
4384,FIR/2022/KA01/02269,124,2,2022-09-25,2022,9,registered,FIR registered for House Breaking & Theft at Dayal Marg.,39.0,Female,3,13.041615145942806,77.7563528904279,0,0,0
4385,FIR/2024/KA02/00038,188,16,2024-02-05,2024,2,chargesheeted,Victim lost Rs.34275 through online fraud/UPI scam.,56.0,Female,2,13.220785926667554,77.54107784272716,1,0,1
4386,FIR/2024/KA01/02270,181,32,2024-03-06,2024,3,under_investigation,FIR registered for Missing Person at Murthy Circle.,52.0,Other,5,12.84645533425417,77.72138204971726,0,0,0
4387,FIR/2024/KA19/00011,791,2,2024-08-10,2024,8,under_investigation,FIR registered for House Breaking & Theft at Chacko Path.,41.0,Other,3,12.574071690626944,75.60308445146757,0,0,0
4388,FIR/2022/KA10/00158,487,2,2022-06-13,2022,6,pending_trial,FIR registered for House Breaking & Theft at Toor Marg.,28.0,Other,3,13.48916118354698,76.96528410543331,0,0,1
4389,FIR/2023/KA27/00143,996,1,2023-12-19,2023,12,under_investigation,Complaint received regarding theft of gold chain worth Rs.44366.,31.0,Female,4,16.233494849424115,75.61247447115583,0,0,0
4390,FIR/2024/KA01/02271,113,21,2024-09-23,2024,9,pending_trial,FIR registered for Dowry Prohibition Act at Bhandari Nagar.,67.0,Other,3,13.026023902854327,77.61434186090176,0,0,1
4391,FIR/2024/KA01/02272,130,12,2024-08-14,2024,8,under_investigation,Accused cheated complainant of Rs.476153 through false promises.,49.0,Other,1,12.900180276767973,77.5285444636866,0,1,0
4392,FIR/2023/KA14/00089,658,30,2023-06-27,2023,6,registered,FIR registered for Extortion at Cheema Street.,73.0,Female,1,15.59218841716327,75.00606690457474,0,0,0
4393,FIR/2024/KA01/02273,84,12,2024-01-11,2024,1,chargesheeted,Accused cheated complainant of Rs.221441 through false promises.,,Male,4,12.97759762134275,77.59120309786486,0,1,1
4394,FIR/2022/KA01/02274,40,8,2022-08-20,2022,8,under_investigation,Victim reported sexual assault incident at Rastogi Street. Medical examination conducted.,44.0,Male,4,13.008339882191187,77.7368199016685,0,0,0
4395,FIR/2022/KA01/02275,156,27,2022-03-17,2022,3,under_investigation,FIR registered for Hurt/Grievous Hurt at Kapoor Zila.,47.0,Female,1,13.016079961190291,77.48610274256875,0,0,0
4396,FIR/2022/KA10/00159,487,33,2022-03-01,2022,3,chargesheeted,FIR registered for Road Accident Death at Shere Marg.,29.0,Male,5,13.455862264219808,76.9872030287617,0,0,1
4397,FIR/2024/KA11/00152,512,34,2024-11-24,2024,11,under_investigation,FIR registered for Immoral Traffic Act at Palla Zila.,42.0,Male,3,15.060172432726544,77.01990995986476,0,0,0
4398,FIR/2022/KA01/02276,85,1,2022-05-17,2022,5,chargesheeted,Complaint received regarding theft of cash worth Rs.452216.,38.0,Other,1,13.090377149176874,77.65580091109486,0,0,1
4399,FIR/2024/KA11/00153,524,23,2024-06-09,2024,6,under_investigation,FIR registered for Domestic Violence at Shroff Circle.,52.0,Female,2,15.12037464667036,76.92501767291215,0,0,0
4400,FIR/2023/KA01/02277,121,2,2023-04-11,2023,4,chargesheeted,FIR registered for House Breaking & Theft at Chada Zila.,40.0,Male,3,13.104129932680667,77.6839311477813,0,0,1
4401,FIR/2023/KA01/02278,174,23,2023-10-23,2023,10,under_investigation,FIR registered for Domestic Violence at Chokshi Street.,38.0,Male,2,12.977381149913018,77.53944067896944,0,0,0
4402,FIR/2022/KA01/02279,122,9,2022-01-03,2022,1,chargesheeted,FIR registered for Assault on Women at Sant Marg.,47.0,Male,1,13.093890013530123,77.59147223148706,0,0,1
4403,FIR/2023/KA01/02280,96,1,2023-10-14,2023,10,under_investigation,Complaint received regarding theft of laptop worth Rs.450964.,57.0,Other,1,13.084933771057598,77.68814894622115,0,0,0
4404,FIR/2024/KA01/02281,14,2,2024-11-01,2024,11,under_investigation,FIR registered for House Breaking & Theft at Bhattacharyya Path.,24.0,Other,4,12.920986807377112,77.65379085643447,0,0,0
4405,FIR/2024/KA01/02282,117,21,2024-01-01,2024,1,closed,FIR registered for Dowry Prohibition Act at Oommen Path.,51.0,Male,3,12.882249179748174,77.47814685092439,0,0,1
4406,FIR/2022/KA06/00103,317,15,2022-06-20,2022,6,closed,FIR registered for Counterfeiting at Sunder.,28.0,Male,5,12.882240669228079,74.72037776179081,0,1,1
4407,FIR/2024/KA12/00103,578,15,2024-09-06,2024,9,chargesheeted,FIR registered for Counterfeiting at Soni Ganj.,71.0,Female,5,16.796907634789367,75.62477626164132,0,1,1
4408,FIR/2022/KA01/02283,61,10,2022-01-23,2022,1,under_investigation,FIR registered for Sexual Harassment at Mallick Zila.,54.0,Male,4,13.025363805163298,77.66166169543432,0,0,0
4409,FIR/2023/KA07/00044,351,23,2023-08-01,2023,8,pending_trial,FIR registered for Domestic Violence at Barad Chowk.,19.0,Other,4,13.412152043501194,74.86767988470356,0,0,1
4410,FIR/2023/KA04/00115,258,22,2023-10-09,2023,10,under_investigation,FIR registered for POCSO Act at Dugal Circle.,52.0,Female,5,15.874166187034334,74.56494230021649,0,0,0
4411,FIR/2022/KA20/00093,824,25,2022-06-25,2022,6,closed,FIR registered for Arms Act at Dhingra Chowk.,28.0,Female,4,12.557265453185794,77.02799398176182,0,0,1
4412,FIR/2023/KA08/00091,399,3,2023-10-20,2023,10,closed,Complainant robbed at Nagarajan Ganj by 1 armed persons.,42.0,Other,3,13.157620243854947,76.10984447567273,0,0,1
4413,FIR/2023/KA28/00052,1054,29,2023-01-28,2023,1,chargesheeted,FIR registered for Mischief at Balay.,18.0,Male,2,14.713336729659037,74.54111130204308,0,0,1
4414,FIR/2023/KA01/02284,105,3,2023-03-01,2023,3,pending_trial,Complainant robbed at Rai by 4 armed persons.,39.0,Female,2,13.050867029957807,77.50774703740375,0,0,1
4415,FIR/2022/KA01/02285,41,16,2022-04-18,2022,4,under_investigation,Victim lost Rs.110087 through online fraud/UPI scam.,54.0,Other,3,13.08702027098796,77.55494189387976,1,0,0
4416,FIR/2024/KA01/02286,117,3,2024-12-18,2024,12,closed,Complainant robbed at Solanki Marg by 1 armed persons.,51.0,Male,1,12.85060544340016,77.44768315061285,0,0,1
4417,FIR/2022/KA12/00104,560,11,2022-08-20,2022,8,under_investigation,FIR registered for Kidnapping & Abduction at Bhagat Ganj.,,Male,2,16.844052410813312,75.73842195682515,0,0,0
4418,FIR/2023/KA03/00045,212,3,2023-08-01,2023,8,chargesheeted,Complainant robbed at Bajaj Ganj by 4 armed persons.,67.0,Other,4,12.289778571599271,76.7956631696299,0,0,1
4419,FIR/2024/KA18/00018,773,18,2024-08-25,2024,8,closed,FIR registered for Cyber Crime - Hacking at Madan Marg.,29.0,Male,1,13.387359482785788,75.64240738095978,1,0,1
4420,FIR/2024/KA04/00116,260,33,2024-03-02,2024,3,under_investigation,FIR registered for Road Accident Death at Goda Road.,25.0,Other,4,15.894198288971992,74.45545031165908,0,0,0
4421,FIR/2023/KA02/00039,200,9,2023-09-04,2023,9,under_investigation,FIR registered for Assault on Women at Dhar Zila.,69.0,Male,3,13.185822578426489,77.55249763834476,0,0,0
4422,FIR/2023/KA01/02287,67,19,2023-06-20,2023,6,chargesheeted,FIR registered for Cyber Crime - Phishing at Mahal Zila.,28.0,Male,3,12.953327520001858,77.72702152772442,1,0,1
4423,FIR/2023/KA01/02288,38,2,2023-12-04,2023,12,chargesheeted,FIR registered for House Breaking & Theft at Bumb Marg.,49.0,Other,3,12.980191505885077,77.44962364388422,0,0,1
4424,FIR/2024/KA23/00043,903,17,2024-01-27,2024,1,under_investigation,FIR registered for Cyber Crime - Identity Theft at Seth Road.,69.0,Other,1,12.700562607573756,77.23256158138024,1,0,0
4425,FIR/2023/KA01/02289,122,17,2023-06-17,2023,6,under_investigation,FIR registered for Cyber Crime - Identity Theft at Vohra Marg.,21.0,Male,3,13.123256784833657,77.60451495832037,1,0,0
4426,FIR/2023/KA10/00160,466,1,2023-12-16,2023,12,chargesheeted,Complaint received regarding theft of cash worth Rs.197947.,23.0,Male,4,13.223619724429273,77.015754662757,0,0,1
4427,FIR/2024/KA01/02290,107,10,2024-01-14,2024,1,under_investigation,FIR registered for Sexual Harassment at Bhagat Street.,35.0,Male,4,12.872578765826416,77.72087091395326,0,0,0
4428,FIR/2023/KA01/02291,66,9,2023-07-10,2023,7,chargesheeted,FIR registered for Assault on Women at Sangha Zila.,71.0,Other,2,12.861997856183875,77.63095553518546,0,0,1
4429,FIR/2024/KA20/00094,842,12,2024-12-11,2024,12,registered,Accused cheated complainant of Rs.59983 through false promises.,56.0,Female,5,12.501166756612506,77.01289471400928,0,1,0
4430,FIR/2023/KA20/00095,829,9,2023-10-11,2023,10,registered,FIR registered for Assault on Women at Issac Street.,51.0,Female,5,12.60157493604465,76.93090890983673,0,0,0
4431,FIR/2022/KA01/02292,128,27,2022-05-12,2022,5,under_investigation,FIR registered for Hurt/Grievous Hurt at Saini Path.,36.0,Female,2,12.902120530024074,77.6464399561431,0,0,0
4432,FIR/2023/KA01/02293,111,21,2023-05-16,2023,5,under_investigation,FIR registered for Dowry Prohibition Act at Soman Chowk.,41.0,Female,2,13.074478296242575,77.53923401794442,0,0,0
4433,FIR/2022/KA01/02294,157,16,2022-05-27,2022,5,under_investigation,Victim lost Rs.462700 through online fraud/UPI scam.,37.0,Female,3,12.925160627241333,77.5737854584306,1,0,0
4434,FIR/2024/KA01/02295,155,16,2024-05-24,2024,5,under_investigation,Victim lost Rs.75585 through online fraud/UPI scam.,38.0,Male,5,12.89887006303231,77.66956071423604,1,0,0
4435,FIR/2024/KA01/02296,94,28,2024-05-08,2024,5,pending_trial,FIR registered for Criminal Trespass at Ramachandran.,33.0,Other,1,13.020935391081114,77.55683764528767,0,0,1
4436,FIR/2022/KA01/02297,8,23,2022-10-20,2022,10,pending_trial,FIR registered for Domestic Violence at Issac Nagar.,49.0,Female,4,12.865242331837479,77.45891527382028,0,0,1
4437,FIR/2023/KA31/00025,1142,29,2023-08-24,2023,8,under_investigation,FIR registered for Mischief at Dhillon Zila.,25.0,Male,3,11.796514589083479,76.84056040464705,0,0,0
4438,FIR/2023/KA01/02298,93,12,2023-01-23,2023,1,under_investigation,Accused cheated complainant of Rs.360152 through false promises.,24.0,Male,3,13.079811270570232,77.67504210629153,0,1,0
4439,FIR/2024/KA01/02299,134,9,2024-08-05,2024,8,registered,FIR registered for Assault on Women at Dora Nagar.,40.0,Male,4,13.075023876008203,77.62681560219787,0,0,0
4440,FIR/2024/KA01/02300,59,28,2024-07-08,2024,7,under_investigation,FIR registered for Criminal Trespass at Divan Chowk.,31.0,Male,3,13.078704983318618,77.51368029857034,0,0,0
4441,FIR/2022/KA01/02301,171,28,2022-09-11,2022,9,pending_trial,FIR registered for Criminal Trespass at Nadig Chowk.,61.0,Other,2,12.868289707871156,77.52884648067926,0,0,1
4442,FIR/2023/KA01/02302,7,19,2023-03-03,2023,3,chargesheeted,FIR registered for Cyber Crime - Phishing at Ray Zila.,64.0,Male,5,12.905893754679521,77.51980282404666,1,0,1
4443,FIR/2024/KA05/00128,298,30,2024-10-23,2024,10,chargesheeted,FIR registered for Extortion at Verma Road.,24.0,Other,5,17.20836774988286,76.87404947102789,0,0,1
4444,FIR/2022/KA09/00072,425,25,2022-08-27,2022,8,closed,FIR registered for Arms Act at Seshadri Nagar.,59.0,Male,4,13.999033278652936,75.57829596889746,0,0,1
4445,FIR/2023/KA01/02303,58,23,2023-10-24,2023,10,chargesheeted,FIR registered for Domestic Violence at Sengupta Street.,30.0,Male,3,12.874046526066897,77.58844173375567,0,0,1
4446,FIR/2023/KA01/02304,160,9,2023-02-25,2023,2,chargesheeted,FIR registered for Assault on Women at Chatterjee.,71.0,Other,2,12.946931756568384,77.47642967061623,0,0,1
4447,FIR/2022/KA01/02305,67,19,2022-04-27,2022,4,chargesheeted,FIR registered for Cyber Crime - Phishing at Kamdar Nagar.,23.0,Other,4,12.93173187028682,77.72212620067761,1,0,1
4448,FIR/2022/KA01/02306,23,10,2022-04-05,2022,4,under_investigation,FIR registered for Sexual Harassment at Salvi Ganj.,28.0,Female,3,12.862693856903173,77.65766168160123,0,0,0
4449,FIR/2022/KA23/00044,908,1,2022-10-24,2022,10,registered,Complaint received regarding theft of laptop worth Rs.67301.,,Male,3,12.674215350762433,77.22609217763058,0,0,0
4450,FIR/2022/KA05/00129,274,14,2022-10-14,2022,10,pending_trial,FIR registered for Forgery at Purohit.,25.0,Other,5,17.20674621854666,76.70182578498839,0,1,1
4451,FIR/2024/KA01/02307,3,31,2024-08-25,2024,8,under_investigation,FIR registered for Criminal Intimidation at Pall Ganj.,20.0,Female,4,12.833956600610884,77.47784936739309,0,0,0
4452,FIR/2022/KA01/02308,132,13,2022-02-12,2022,2,under_investigation,FIR registered for Criminal Breach of Trust at Halder Ganj.,,Other,4,13.033246154555659,77.46691950920155,0,1,0
4453,FIR/2024/KA01/02309,124,19,2024-02-14,2024,2,under_investigation,FIR registered for Cyber Crime - Phishing at Atwal.,21.0,Male,3,13.012914805236566,77.75990727664185,1,0,0
4454,FIR/2022/KA01/02310,67,28,2022-03-15,2022,3,chargesheeted,FIR registered for Criminal Trespass at Patla Path.,42.0,Male,3,12.956477413397119,77.72179468795804,0,0,1
4455,FIR/2022/KA01/02311,78,1,2022-01-02,2022,1,registered,Complaint received regarding theft of laptop worth Rs.456029.,40.0,Female,3,13.074604204722402,77.53508910719731,0,0,0
4456,FIR/2022/KA26/00024,975,13,2022-08-21,2022,8,under_investigation,FIR registered for Criminal Breach of Trust at Thakkar Road.,70.0,Male,5,15.363774328287223,76.18589509860841,0,1,0
4457,FIR/2024/KA28/00053,1061,29,2024-09-03,2024,9,closed,FIR registered for Mischief at Tata Zila.,24.0,Male,5,14.854014291278181,74.68053417846744,0,0,1
4458,FIR/2024/KA27/00144,1008,3,2024-04-14,2024,4,under_investigation,Complainant robbed at Sachdev Chowk by 3 armed persons.,23.0,Male,5,16.196638653434185,75.81629127301625,0,0,0
4459,FIR/2024/KA11/00154,507,28,2024-12-28,2024,12,under_investigation,FIR registered for Criminal Trespass at Pandey Marg.,32.0,Female,1,14.985471151128369,76.93184972144411,0,0,0
4460,FIR/2022/KA01/02312,125,25,2022-08-22,2022,8,under_investigation,FIR registered for Arms Act at Sandhu Path.,27.0,Other,2,13.041215334368156,77.59132638757237,0,0,0
4461,FIR/2024/KA01/02313,118,1,2024-07-11,2024,7,pending_trial,Complaint received regarding theft of gold chain worth Rs.264161.,22.0,Female,5,13.035836697175291,77.57604832508383,0,0,1
4462,FIR/2023/KA01/02314,105,16,2023-10-27,2023,10,registered,Victim lost Rs.182380 through online fraud/UPI scam.,65.0,Female,2,13.056031417681725,77.49187194650058,1,0,0
4463,FIR/2024/KA28/00054,1061,10,2024-03-09,2024,3,chargesheeted,FIR registered for Sexual Harassment at Sangha Chowk.,26.0,Male,4,14.858277462718593,74.67836945734533,0,0,1
4464,FIR/2023/KA20/00096,827,12,2023-02-16,2023,2,under_investigation,Accused cheated complainant of Rs.313302 through false promises.,40.0,Female,2,12.478826140237457,77.02962781589915,0,1,0
4465,FIR/2024/KA12/00105,593,32,2024-03-23,2024,3,registered,FIR registered for Missing Person at Gaba Circle.,27.0,Female,3,16.687113535506814,75.71301604311365,0,0,0
4466,FIR/2023/KA01/02315,82,29,2023-07-09,2023,7,under_investigation,FIR registered for Mischief at Sarin Circle.,,Other,2,12.94027502498748,77.53763327893508,0,0,0
4467,FIR/2022/KA05/00130,311,27,2022-09-20,2022,9,chargesheeted,FIR registered for Hurt/Grievous Hurt at Mane Marg.,25.0,Female,4,17.257356838969475,76.87070306937551,0,0,1
4468,FIR/2024/KA14/00090,659,18,2024-10-20,2024,10,under_investigation,FIR registered for Cyber Crime - Hacking at Mander Marg.,29.0,Female,1,15.581153528691795,74.87353756913656,1,0,0
4469,FIR/2024/KA01/02316,62,12,2024-12-09,2024,12,under_investigation,Accused cheated complainant of Rs.325374 through false promises.,44.0,Other,1,13.038370950601994,77.4915080117362,0,1,0
4470,FIR/2024/KA01/02317,7,1,2024-06-17,2024,6,chargesheeted,Complaint received regarding theft of gold chain worth Rs.472881.,59.0,Male,4,12.895395425866809,77.49971042883826,0,0,1
4471,FIR/2022/KA01/02318,101,34,2022-09-15,2022,9,under_investigation,FIR registered for Immoral Traffic Act at Babu Zila.,40.0,Other,3,13.017450020977623,77.55358787947895,0,0,0
4472,FIR/2024/KA01/02319,130,24,2024-11-02,2024,11,closed,FIR registered for NDPS Act at Sabharwal.,69.0,Female,3,12.903461452976684,77.51634768448865,0,0,1
4473,FIR/2024/KA06/00104,317,16,2024-08-22,2024,8,chargesheeted,Victim lost Rs.427995 through online fraud/UPI scam.,59.0,Female,4,12.883103306654606,74.71835047377938,1,0,1
4474,FIR/2022/KA01/02320,85,13,2022-04-02,2022,4,closed,FIR registered for Criminal Breach of Trust at Chaudhry.,43.0,Female,5,13.112101539893665,77.66889772821229,0,1,1
4475,FIR/2023/KA06/00105,342,6,2023-10-09,2023,10,under_investigation,FIR registered for Attempt to Murder at Thakur Chowk.,72.0,Male,3,12.94132912686656,74.9169061101239,0,0,0
4476,FIR/2022/KA01/02321,169,1,2022-12-21,2022,12,chargesheeted,Complaint received regarding theft of cash worth Rs.85899.,31.0,Female,1,13.018432889863076,77.57151077049895,0,0,1
4477,FIR/2024/KA11/00155,501,12,2024-03-24,2024,3,closed,Accused cheated complainant of Rs.460323 through false promises.,22.0,Other,4,15.270028574464678,76.77733252098412,0,1,1
4478,FIR/2023/KA11/00156,513,1,2023-04-27,2023,4,under_investigation,Complaint received regarding theft of cash worth Rs.381610.,32.0,Other,1,14.982906056980761,77.0147315531618,0,0,0
4479,FIR/2024/KA01/02322,34,26,2024-07-09,2024,7,closed,FIR registered for Riots at Raj Chowk.,54.0,Other,3,12.987130242117933,77.47274571106962,0,0,1
4480,FIR/2022/KA04/00117,244,22,2022-07-16,2022,7,under_investigation,FIR registered for POCSO Act at Hayre Zila.,64.0,Other,5,15.822937362765138,74.46755273603767,0,0,0
4481,FIR/2022/KA01/02323,157,28,2022-02-03,2022,2,chargesheeted,FIR registered for Criminal Trespass at Dash Chowk.,63.0,Female,1,12.93052535198185,77.55716665751059,0,0,1
4482,FIR/2024/KA01/02324,96,13,2024-05-14,2024,5,closed,FIR registered for Criminal Breach of Trust at Shetty Path.,62.0,Male,4,13.05640683044383,77.71147586911201,0,1,1
4483,FIR/2022/KA01/02325,135,33,2022-07-26,2022,7,chargesheeted,FIR registered for Road Accident Death at Randhawa Marg.,49.0,Female,4,13.1028560660117,77.60068042501972,0,0,1
4484,FIR/2022/KA01/02326,133,22,2022-01-13,2022,1,chargesheeted,FIR registered for POCSO Act at Prasad Nagar.,,Other,4,12.943578852221188,77.4638253608082,0,0,1
4485,FIR/2022/KA10/00161,463,2,2022-03-12,2022,3,chargesheeted,FIR registered for House Breaking & Theft at Tripathi Ganj.,42.0,Male,1,13.248915896722796,76.992352293216,0,0,1
4486,FIR/2023/KA01/02327,44,33,2023-04-26,2023,4,chargesheeted,FIR registered for Road Accident Death at Loyal Road.,24.0,Male,2,12.967057796993156,77.50426833931068,0,0,1
4487,FIR/2023/KA15/00032,682,10,2023-02-06,2023,2,chargesheeted,FIR registered for Sexual Harassment at Mohanty Road.,57.0,Male,3,15.3090709366708,75.59169096010368,0,0,1
4488,FIR/2024/KA01/02328,178,35,2024-02-27,2024,2,registered,FIR registered for SC/ST Atrocities Act at Khurana Marg.,54.0,Male,3,13.124804238771683,77.67886507368385,0,0,0
4489,FIR/2023/KA12/00106,566,1,2023-07-15,2023,7,chargesheeted,Complaint received regarding theft of cash worth Rs.477381.,20.0,Male,3,16.807233018933093,75.6331412668395,0,0,1
4490,FIR/2022/KA01/02329,168,33,2022-07-08,2022,7,closed,FIR registered for Road Accident Death at Aurora Nagar.,54.0,Female,3,12.999257384268498,77.6160721538578,0,0,1
4491,FIR/2022/KA01/02330,97,12,2022-10-11,2022,10,chargesheeted,Accused cheated complainant of Rs.68723 through false promises.,24.0,Male,4,12.860329426095614,77.55438964032196,0,1,1
4492,FIR/2023/KA01/02331,47,28,2023-06-09,2023,6,closed,FIR registered for Criminal Trespass at Venkataraman Path.,28.0,Other,3,13.096433017298587,77.45212425670726,0,0,1
4493,FIR/2023/KA20/00097,838,27,2023-12-03,2023,12,closed,FIR registered for Hurt/Grievous Hurt at Nadkarni.,34.0,Other,5,12.619812049722235,76.88690164348823,0,0,1
4494,FIR/2024/KA04/00118,272,1,2024-06-20,2024,6,closed,Complaint received regarding theft of gold chain worth Rs.6034.,34.0,Other,2,15.879482210557244,74.53180031615258,0,0,1
4495,FIR/2023/KA01/02332,145,12,2023-06-06,2023,6,under_investigation,Accused cheated complainant of Rs.334964 through false promises.,46.0,Female,1,13.120715568602531,77.58953664540502,0,1,0
4496,FIR/2023/KA01/02333,166,6,2023-03-01,2023,3,under_investigation,FIR registered for Attempt to Murder at Raman Ganj.,58.0,Male,1,12.908508232533535,77.60199088331818,0,0,0
4497,FIR/2023/KA15/00033,693,27,2023-07-15,2023,7,under_investigation,FIR registered for Hurt/Grievous Hurt at Ramaswamy Ganj.,28.0,Male,5,15.311738420623659,75.71245257805147,0,0,0
4498,FIR/2022/KA01/02334,169,29,2022-08-07,2022,8,chargesheeted,FIR registered for Mischief at Sanghvi Nagar.,32.0,Male,5,13.054202087061732,77.58786973961145,0,0,1
4499,FIR/2024/KA23/00045,908,3,2024-08-25,2024,8,closed,Complainant robbed at Ramakrishnan Street by 4 armed persons.,,Male,5,12.688344941397355,77.23146389458023,0,0,1
4500,FIR/2024/KA06/00106,320,16,2024-05-28,2024,5,chargesheeted,Victim lost Rs.480490 through online fraud/UPI scam.,63.0,Female,1,12.919553378640362,74.74513520904046,1,0,1
4501,FIR/2023/KA01/02335,37,11,2023-10-11,2023,10,closed,FIR registered for Kidnapping & Abduction at Varughese Path.,44.0,Female,4,13.069572684239436,77.55471749002065,0,0,1
4502,FIR/2024/KA16/00067,721,3,2024-04-23,2024,4,closed,Complainant robbed at Sarkar Street by 3 armed persons.,28.0,Female,5,14.78847519515932,75.2398949475695,0,0,1
4503,FIR/2024/KA01/02336,144,2,2024-03-17,2024,3,pending_trial,FIR registered for House Breaking & Theft at Chaudhary Ganj.,68.0,Male,4,12.968710418763644,77.54289999743726,0,0,1
4504,FIR/2022/KA01/02337,33,16,2022-06-09,2022,6,closed,Victim lost Rs.336127 through online fraud/UPI scam.,73.0,Female,5,12.864340760765254,77.62377568262481,1,0,1
4505,FIR/2023/KA01/02338,128,18,2023-07-23,2023,7,under_investigation,FIR registered for Cyber Crime - Hacking at Ramanathan Zila.,64.0,Male,1,12.881984940705776,77.61990300740105,1,0,0
4506,FIR/2022/KA01/02339,146,12,2022-05-08,2022,5,under_investigation,Accused cheated complainant of Rs.401784 through false promises.,30.0,Other,5,12.814303043875467,77.62556617147276,0,1,0
4507,FIR/2024/KA01/02340,164,35,2024-03-08,2024,3,under_investigation,FIR registered for SC/ST Atrocities Act at Jani Path.,42.0,Female,5,12.91764028917894,77.5992748736333,0,0,0
4508,FIR/2024/KA01/02341,53,1,2024-09-20,2024,9,pending_trial,Complaint received regarding theft of laptop worth Rs.432802.,60.0,Female,3,12.927582674262771,77.70847775338744,0,0,1
4509,FIR/2024/KA04/00119,236,16,2024-11-01,2024,11,pending_trial,Victim lost Rs.446070 through online fraud/UPI scam.,32.0,Other,4,15.939711180395578,74.41013600258074,1,0,1
4510,FIR/2024/KA01/02342,113,14,2024-10-03,2024,10,pending_trial,FIR registered for Forgery at Dua Nagar.,,Female,1,13.008895995428253,77.58111143132524,0,1,1
4511,FIR/2022/KA10/00162,483,2,2022-12-25,2022,12,chargesheeted,FIR registered for House Breaking & Theft at Brar Nagar.,40.0,Male,5,13.324210063972133,77.24307355251925,0,0,1
4512,FIR/2023/KA01/02343,74,25,2023-02-12,2023,2,chargesheeted,FIR registered for Arms Act at Raja.,22.0,Female,2,12.942237435606046,77.46317654726472,0,0,1
4513,FIR/2022/KA01/02344,8,35,2022-11-12,2022,11,registered,FIR registered for SC/ST Atrocities Act at De Nagar.,69.0,Female,1,12.830962901226384,77.49115680121528,0,0,0
4514,FIR/2022/KA01/02345,4,3,2022-09-27,2022,9,under_investigation,Complainant robbed at Parmar Chowk by 3 armed persons.,18.0,Male,2,12.827938204086816,77.49326248770402,0,0,0
4515,FIR/2024/KA01/02346,152,32,2024-01-22,2024,1,under_investigation,FIR registered for Missing Person at Khatri Street.,59.0,Female,2,13.069534355776465,77.7473845221174,0,0,0
4516,FIR/2023/KA01/02347,164,12,2023-09-06,2023,9,under_investigation,Accused cheated complainant of Rs.494810 through false promises.,69.0,Female,4,12.914741552005983,77.58764004533666,0,1,0
4517,FIR/2024/KA01/02348,88,1,2024-02-03,2024,2,under_investigation,Complaint received regarding theft of mobile phone worth Rs.396435.,32.0,Other,5,12.848151631710182,77.56713942527733,0,0,0
4518,FIR/2023/KA01/02349,67,2,2023-08-03,2023,8,under_investigation,FIR registered for House Breaking & Theft at Radhakrishnan Ganj.,75.0,Female,2,12.946409790064795,77.70830850100724,0,0,0
4519,FIR/2022/KA01/02350,177,1,2022-07-22,2022,7,pending_trial,Complaint received regarding theft of gold chain worth Rs.388011.,36.0,Male,5,13.048324107338482,77.7509311521791,0,0,1
4520,FIR/2022/KA01/02351,136,22,2022-12-17,2022,12,closed,FIR registered for POCSO Act at Butala Road.,64.0,Male,5,12.93617839357992,77.6839673013361,0,0,1
4521,FIR/2024/KA01/02352,152,16,2024-05-28,2024,5,registered,Victim lost Rs.154100 through online fraud/UPI scam.,53.0,Other,3,13.066932772435283,77.72745794922852,1,0,0
4522,FIR/2023/KA01/02353,117,1,2023-09-19,2023,9,chargesheeted,Complaint received regarding theft of two-wheeler worth Rs.346673.,56.0,Female,5,12.868040110219063,77.46204806649328,0,0,1
4523,FIR/2023/KA12/00107,591,1,2023-03-06,2023,3,pending_trial,Complaint received regarding theft of gold chain worth Rs.183188.,19.0,Other,3,16.94981113278309,75.74131816926521,0,0,1
4524,FIR/2023/KA01/02354,7,1,2023-02-10,2023,2,chargesheeted,Complaint received regarding theft of cash worth Rs.214429.,71.0,Female,4,12.906030837308444,77.52120238335745,0,0,1
4525,FIR/2023/KA01/02355,107,28,2023-06-07,2023,6,chargesheeted,FIR registered for Criminal Trespass at Dhar Zila.,57.0,Other,4,12.854361480300161,77.6997361090485,0,0,1
4526,FIR/2023/KA01/02356,163,12,2023-12-14,2023,12,chargesheeted,Accused cheated complainant of Rs.129211 through false promises.,64.0,Male,1,12.911961262170218,77.70526740980732,0,1,1
4527,FIR/2024/KA01/02357,15,29,2024-03-21,2024,3,under_investigation,FIR registered for Mischief at Chander Street.,73.0,Other,2,12.942835225599646,77.64042229974565,0,0,0
4528,FIR/2022/KA01/02358,66,1,2022-12-07,2022,12,chargesheeted,Complaint received regarding theft of laptop worth Rs.355325.,70.0,Female,2,12.869805202946827,77.6243443973406,0,0,1
4529,FIR/2024/KA10/00163,469,21,2024-08-26,2024,8,registered,FIR registered for Dowry Prohibition Act at Johal Path.,,Female,1,13.41967832371593,77.06746241341396,0,0,0
4530,FIR/2023/KA13/00099,600,13,2023-06-18,2023,6,under_investigation,FIR registered for Criminal Breach of Trust at Chaudhuri Marg.,58.0,Male,1,16.289557088370845,77.21359773072241,0,1,0
4531,FIR/2023/KA11/00157,504,16,2023-10-10,2023,10,under_investigation,Victim lost Rs.264770 through online fraud/UPI scam.,,Male,2,15.204613312412894,76.85054881348492,1,0,0
4532,FIR/2024/KA09/00073,446,16,2024-10-07,2024,10,under_investigation,Victim lost Rs.361964 through online fraud/UPI scam.,40.0,Female,5,14.04954413168051,75.50432656037111,1,0,0
4533,FIR/2024/KA08/00092,383,23,2024-03-11,2024,3,chargesheeted,FIR registered for Domestic Violence at Bose Chowk.,30.0,Other,2,13.006221303269824,76.09742444198777,0,0,1
4534,FIR/2023/KA03/00046,220,22,2023-03-01,2023,3,chargesheeted,FIR registered for POCSO Act at Saini Ganj.,60.0,Other,4,12.427930208575862,76.56308480067618,0,0,1
4535,FIR/2023/KA01/02359,87,1,2023-12-16,2023,12,chargesheeted,Complaint received regarding theft of mobile phone worth Rs.169883.,46.0,Male,1,12.841869003601886,77.55157837881008,0,0,1
4536,FIR/2023/KA06/00107,333,20,2023-12-12,2023,12,registered,FIR registered for Dowry Death at Dyal Chowk.,59.0,Male,5,12.929377164881053,74.892230511368,0,0,0
4537,FIR/2022/KA01/02360,142,2,2022-07-17,2022,7,under_investigation,FIR registered for House Breaking & Theft at Misra Street.,70.0,Other,2,13.008718432992502,77.48041824495019,0,0,0
4538,FIR/2023/KA14/00091,638,5,2023-02-03,2023,2,under_investigation,Dead body found at Gokhale Nagar. Prima facie case of murder registered.,28.0,Female,2,15.501463372170775,74.9831545151838,0,0,0
4539,FIR/2024/KA11/00158,504,13,2024-12-23,2024,12,chargesheeted,FIR registered for Criminal Breach of Trust at Balay.,44.0,Male,2,15.200902820974333,76.83795803258768,0,1,1
4540,FIR/2024/KA01/02361,160,9,2024-02-18,2024,2,under_investigation,FIR registered for Assault on Women at Oza Zila.,40.0,Female,1,12.947492803587213,77.50629788408645,0,0,0
4541,FIR/2022/KA20/00098,839,2,2022-08-24,2022,8,closed,FIR registered for House Breaking & Theft at Sule Path.,,Other,3,12.580199748819687,76.85750860496226,0,0,1
4542,FIR/2024/KA01/02362,33,9,2024-05-10,2024,5,pending_trial,FIR registered for Assault on Women at Ahluwalia.,36.0,Female,4,12.863046472633556,77.63094509676941,0,0,1
4543,FIR/2024/KA05/00131,287,12,2024-05-04,2024,5,chargesheeted,Accused cheated complainant of Rs.476176 through false promises.,65.0,Female,1,17.44991605154239,76.66903465966124,0,1,1
4544,FIR/2024/KA01/02363,163,9,2024-04-07,2024,4,closed,FIR registered for Assault on Women at Dara Road.,30.0,Male,3,12.900389347337306,77.69424148946646,0,0,1
4545,FIR/2023/KA20/00099,816,28,2023-12-17,2023,12,closed,FIR registered for Criminal Trespass at Balan Ganj.,21.0,Male,3,12.423694129855777,76.84926375390044,0,0,1
4546,FIR/2023/KA14/00092,669,2,2023-07-14,2023,7,under_investigation,FIR registered for House Breaking & Theft at Bajaj Circle.,,Female,2,15.370400491334998,74.95924587355162,0,0,0
4547,FIR/2024/KA29/00084,1106,9,2024-07-17,2024,7,chargesheeted,FIR registered for Assault on Women at Vala Circle.,66.0,Female,4,14.50357872937061,75.88047580879847,0,0,1
4548,FIR/2024/KA01/02364,176,1,2024-12-09,2024,12,registered,Complaint received regarding theft of gold chain worth Rs.12340.,45.0,Other,3,13.029240891063388,77.49047600573203,0,0,0
4549,FIR/2022/KA01/02365,61,19,2022-10-26,2022,10,closed,FIR registered for Cyber Crime - Phishing at Contractor Path.,53.0,Other,2,13.010886199363492,77.66429778557261,1,0,1
4550,FIR/2022/KA27/00145,1033,9,2022-02-13,2022,2,chargesheeted,FIR registered for Assault on Women at Balan Ganj.,63.0,Other,5,16.088098185126583,75.57791482659339,0,0,1
4551,FIR/2024/KA01/02366,47,35,2024-02-19,2024,2,under_investigation,FIR registered for SC/ST Atrocities Act at Devi Path.,72.0,Male,5,13.080862433877313,77.48086694372485,0,0,0
4552,FIR/2023/KA12/00108,583,16,2023-03-04,2023,3,under_investigation,Victim lost Rs.56027 through online fraud/UPI scam.,41.0,Female,4,16.756360699281206,75.5878788475626,1,0,0
4553,FIR/2022/KA01/02367,40,16,2022-01-17,2022,1,chargesheeted,Victim lost Rs.363442 through online fraud/UPI scam.,26.0,Female,2,13.01177351775083,77.73996206640676,1,0,1
4554,FIR/2023/KA29/00085,1094,27,2023-06-05,2023,6,chargesheeted,FIR registered for Hurt/Grievous Hurt at Subramaniam Road.,68.0,Female,4,14.320005832349308,76.01022058556522,0,0,1
4555,FIR/2022/KA01/02368,55,26,2022-08-16,2022,8,under_investigation,FIR registered for Riots at Chanda Ganj.,54.0,Male,1,12.886113577109741,77.70708493082797,0,0,0
4556,FIR/2023/KA01/02369,68,3,2023-12-16,2023,12,chargesheeted,Complainant robbed at Menon Path by 2 armed persons.,40.0,Female,5,12.989837520555152,77.6300881543481,0,0,1
4557,FIR/2022/KA14/00093,664,9,2022-11-12,2022,11,registered,FIR registered for Assault on Women at Tandon Chowk.,66.0,Female,3,15.34261601992922,75.14154992190007,0,0,0
4558,FIR/2022/KA01/02370,167,24,2022-02-15,2022,2,under_investigation,FIR registered for NDPS Act at Vala Marg.,62.0,Male,4,12.910588204640568,77.69241607187261,0,0,0
4559,FIR/2024/KA01/02371,79,35,2024-12-07,2024,12,under_investigation,FIR registered for SC/ST Atrocities Act at Hans Marg.,,Male,3,12.864324060178152,77.53767129288906,0,0,0
4560,FIR/2022/KA30/00042,1122,27,2022-05-19,2022,5,under_investigation,FIR registered for Hurt/Grievous Hurt at Ghose Road.,59.0,Other,3,15.326787770488933,76.3417111369912,0,0,0
4561,FIR/2023/KA01/02372,77,10,2023-12-09,2023,12,chargesheeted,FIR registered for Sexual Harassment at Mand Ganj.,53.0,Other,2,13.050960290115281,77.51949782823893,0,0,1
4562,FIR/2024/KA28/00055,1053,26,2024-06-11,2024,6,chargesheeted,FIR registered for Riots at Chauhan Marg.,75.0,Female,1,14.731832557421185,74.54576097609987,0,0,1
4563,FIR/2024/KA01/02373,67,30,2024-02-07,2024,2,under_investigation,FIR registered for Extortion at Muni.,60.0,Female,3,12.95046537658087,77.73186536758406,0,0,0
4564,FIR/2022/KA01/02374,59,29,2022-07-23,2022,7,closed,FIR registered for Mischief at Jha Street.,74.0,Female,1,13.081471901623464,77.47746214687125,0,0,1
4565,FIR/2024/KA01/02375,29,21,2024-06-24,2024,6,under_investigation,FIR registered for Dowry Prohibition Act at Sant Chowk.,71.0,Male,1,12.822001314422323,77.67187841908726,0,0,0
4566,FIR/2024/KA01/02376,35,9,2024-03-20,2024,3,closed,FIR registered for Assault on Women at Sampath Chowk.,41.0,Female,2,13.125619790611585,77.73226306751329,0,0,1
4567,FIR/2022/KA10/00164,491,23,2022-07-27,2022,7,chargesheeted,FIR registered for Domestic Violence at Magar.,32.0,Male,4,13.286039003545929,77.15687201480407,0,0,1
4568,FIR/2022/KA01/02377,29,8,2022-08-09,2022,8,under_investigation,Victim reported sexual assault incident at Chokshi Path. Medical examination conducted.,48.0,Male,1,12.825834879781846,77.6802670379874,0,0,0
4569,FIR/2023/KA01/02378,85,2,2023-01-01,2023,1,under_investigation,FIR registered for House Breaking & Theft at Rajagopal.,66.0,Other,2,13.104209176809789,77.65927307273523,0,0,0
4570,FIR/2022/KA01/02379,118,27,2022-08-07,2022,8,chargesheeted,FIR registered for Hurt/Grievous Hurt at Iyengar Marg.,60.0,Male,4,13.048042257113744,77.57248250985776,0,0,1
4571,FIR/2023/KA01/02380,167,1,2023-07-23,2023,7,under_investigation,Complaint received regarding theft of cash worth Rs.493686.,68.0,Other,4,12.932347807178607,77.71439578792138,0,0,0
4572,FIR/2024/KA01/02381,21,34,2024-08-17,2024,8,chargesheeted,FIR registered for Immoral Traffic Act at Bhatt Path.,74.0,Female,4,12.999776820228629,77.65905758397642,0,0,1
4573,FIR/2023/KA01/02382,176,1,2023-02-10,2023,2,closed,Complaint received regarding theft of mobile phone worth Rs.245178.,59.0,Other,1,13.045889854613653,77.50561824428644,0,0,1
4574,FIR/2023/KA13/00100,612,2,2023-03-26,2023,3,under_investigation,FIR registered for House Breaking & Theft at Vaidya Nagar.,,Other,2,16.1653132046099,77.37596399615155,0,0,0
4575,FIR/2024/KA16/00068,727,25,2024-11-17,2024,11,pending_trial,FIR registered for Arms Act at Rout Road.,60.0,Other,5,14.695341159872315,75.34020002144483,0,0,1
4576,FIR/2023/KA22/00028,879,33,2023-01-08,2023,1,under_investigation,FIR registered for Road Accident Death at Wali Road.,,Male,1,13.486102230712907,77.80237851318138,0,0,0
4577,FIR/2024/KA05/00132,300,26,2024-05-04,2024,5,under_investigation,FIR registered for Riots at Rao Path.,41.0,Male,2,17.32000506410161,76.80047125875687,0,0,0
4578,FIR/2023/KA31/00026,1135,1,2023-10-10,2023,10,chargesheeted,Complaint received regarding theft of laptop worth Rs.234241.,58.0,Other,4,11.851723267517968,76.94215720906647,0,0,1
4579,FIR/2022/KA01/02383,101,6,2022-01-18,2022,1,under_investigation,FIR registered for Attempt to Murder at Naidu Street.,,Female,2,13.001431332237754,77.54527235471068,0,0,0
4580,FIR/2024/KA11/00159,534,1,2024-08-13,2024,8,registered,Complaint received regarding theft of cash worth Rs.240218.,27.0,Male,2,15.140462860389478,76.93509286127306,0,0,0
4581,FIR/2022/KA11/00160,512,6,2022-07-25,2022,7,registered,FIR registered for Attempt to Murder at Korpal Path.,25.0,Female,2,15.059299134661538,77.05271829160026,0,0,0
4582,FIR/2024/KA08/00093,414,25,2024-11-07,2024,11,chargesheeted,FIR registered for Arms Act at Kale Zila.,22.0,Male,1,12.863258440907419,76.08418850144498,0,0,1
4583,FIR/2023/KA20/00100,821,15,2023-10-02,2023,10,under_investigation,FIR registered for Counterfeiting at Prabhu Path.,61.0,Female,1,12.36637500632228,76.89715266708193,0,1,0
4584,FIR/2024/KA25/00075,957,27,2024-03-08,2024,3,closed,FIR registered for Hurt/Grievous Hurt at Murthy Street.,70.0,Other,2,17.903983854830802,77.6565282107333,0,0,1
4585,FIR/2023/KA01/02384,5,20,2023-11-15,2023,11,under_investigation,FIR registered for Dowry Death at Andra Zila.,43.0,Male,1,12.957841740840532,77.59070956932425,0,0,0
4586,FIR/2023/KA15/00034,688,1,2023-08-20,2023,8,closed,Complaint received regarding theft of gold chain worth Rs.386459.,59.0,Other,2,15.331008845606286,75.64225788474262,0,0,1
4587,FIR/2022/KA01/02385,98,9,2022-08-05,2022,8,chargesheeted,FIR registered for Assault on Women at Kala Path.,,Female,1,13.069714753065629,77.56060913697418,0,0,1
4588,FIR/2023/KA16/00069,709,1,2023-01-24,2023,1,pending_trial,Complaint received regarding theft of cash worth Rs.226160.,,Male,3,14.71794610472237,75.38439049900887,0,0,1
4589,FIR/2022/KA01/02386,63,17,2022-12-09,2022,12,chargesheeted,FIR registered for Cyber Crime - Identity Theft at Bhatti Ganj.,58.0,Female,1,12.843558178085207,77.6610077585098,1,0,1
4590,FIR/2024/KA01/02387,93,14,2024-08-03,2024,8,under_investigation,FIR registered for Forgery at Mander Marg.,62.0,Other,4,13.091973715570045,77.6852600071439,0,1,0
4591,FIR/2022/KA01/02388,44,2,2022-04-15,2022,4,chargesheeted,FIR registered for House Breaking & Theft at Kala.,47.0,Male,2,12.93967937897516,77.52260128347908,0,0,1
4592,FIR/2023/KA29/00086,1088,12,2023-04-28,2023,4,chargesheeted,Accused cheated complainant of Rs.417998 through false promises.,64.0,Other,4,14.361433645069676,76.01794974049619,0,1,1
4593,FIR/2022/KA01/02389,87,14,2022-08-21,2022,8,registered,FIR registered for Forgery at Mall Zila.,45.0,Male,3,12.826392364851722,77.54131654144122,0,1,0
4594,FIR/2023/KA01/02390,13,13,2023-09-28,2023,9,under_investigation,FIR registered for Criminal Breach of Trust at Borde.,52.0,Female,5,13.122651073850964,77.68279450358273,0,1,0
4595,FIR/2024/KA01/02391,50,22,2024-05-14,2024,5,closed,FIR registered for POCSO Act at Sama.,23.0,Other,5,12.940302456426739,77.47871936891264,0,0,1
4596,FIR/2024/KA01/02392,142,19,2024-05-20,2024,5,chargesheeted,FIR registered for Cyber Crime - Phishing at Nadkarni Marg.,30.0,Other,2,13.000808353963352,77.47865194077794,1,0,1
4597,FIR/2024/KA17/00081,763,13,2024-03-06,2024,3,under_investigation,FIR registered for Criminal Breach of Trust at Hora Path.,,Other,2,14.167958500581458,76.36776328237549,0,1,0
4598,FIR/2022/KA01/02393,46,16,2022-12-26,2022,12,chargesheeted,Victim lost Rs.417158 through online fraud/UPI scam.,63.0,Other,4,13.04942499424538,77.4508365477689,1,0,1
4599,FIR/2022/KA01/02394,58,12,2022-10-05,2022,10,under_investigation,Accused cheated complainant of Rs.155926 through false promises.,,Other,1,12.86039298767643,77.57629583733907,0,1,0
4600,FIR/2023/KA11/00161,519,13,2023-06-15,2023,6,under_investigation,FIR registered for Criminal Breach of Trust at Maharaj Nagar.,43.0,Female,2,15.134762575028704,76.84351708380692,0,1,0
4601,FIR/2023/KA01/02395,53,1,2023-01-19,2023,1,under_investigation,Complaint received regarding theft of gold chain worth Rs.198917.,36.0,Other,2,12.929770864799147,77.70005992717394,0,0,0
4602,FIR/2023/KA29/00087,1108,1,2023-03-05,2023,3,closed,Complaint received regarding theft of gold chain worth Rs.262589.,30.0,Other,2,14.520796563759435,75.91374127135465,0,0,1
4603,FIR/2024/KA21/00056,855,1,2024-01-16,2024,1,pending_trial,Complaint received regarding theft of mobile phone worth Rs.30667.,51.0,Other,5,13.080622048084585,78.00092399776341,0,0,1
4604,FIR/2023/KA04/00120,232,12,2023-02-21,2023,2,chargesheeted,Accused cheated complainant of Rs.130456 through false promises.,56.0,Male,2,15.905540145461156,74.39784446314222,0,1,1
4605,FIR/2024/KA01/02396,107,9,2024-04-08,2024,4,chargesheeted,FIR registered for Assault on Women at Bail Ganj.,53.0,Other,2,12.86105600869695,77.7264726902018,0,0,1
4606,FIR/2024/KA12/00109,555,21,2024-09-19,2024,9,closed,FIR registered for Dowry Prohibition Act at Badami Road.,31.0,Other,4,16.963997569222723,75.54879385033007,0,0,1
4607,FIR/2023/KA01/02397,93,19,2023-07-12,2023,7,under_investigation,FIR registered for Cyber Crime - Phishing at Agrawal.,,Other,5,13.094171391037595,77.69309734811058,1,0,0
4608,FIR/2024/KA14/00094,656,9,2024-04-16,2024,4,chargesheeted,FIR registered for Assault on Women at Mane Chowk.,55.0,Other,5,15.496201624147208,74.94178975643766,0,0,1
4609,FIR/2022/KA22/00029,887,12,2022-05-20,2022,5,under_investigation,Accused cheated complainant of Rs.492357 through false promises.,29.0,Other,5,13.522335969264647,77.82395754484045,0,1,0
4610,FIR/2024/KA03/00047,210,11,2024-07-15,2024,7,under_investigation,FIR registered for Kidnapping & Abduction at Walla Nagar.,23.0,Male,4,12.386036367066016,76.65270531644636,0,0,0
4611,FIR/2023/KA27/00146,1041,14,2023-08-26,2023,8,closed,FIR registered for Forgery at Baral Circle.,48.0,Male,5,16.05887587190831,75.76601384731269,0,1,1
4612,FIR/2022/KA10/00165,460,1,2022-01-12,2022,1,chargesheeted,Complaint received regarding theft of laptop worth Rs.143815.,68.0,Other,5,13.314885946652296,76.9745830412278,0,0,1
4613,FIR/2022/KA26/00025,980,21,2022-04-23,2022,4,chargesheeted,FIR registered for Dowry Prohibition Act at Singhal Zila.,34.0,Male,4,15.336363946854869,76.1491544216972,0,0,1
4614,FIR/2024/KA01/02398,74,22,2024-04-05,2024,4,under_investigation,FIR registered for POCSO Act at Sagar Zila.,42.0,Female,1,12.927429061837836,77.45618674868892,0,0,0
4615,FIR/2024/KA19/00012,788,9,2024-10-04,2024,10,chargesheeted,FIR registered for Assault on Women at Maharaj Road.,,Male,5,12.477856829898547,75.7651996480493,0,0,1
4616,FIR/2023/KA05/00133,279,22,2023-06-16,2023,6,under_investigation,FIR registered for POCSO Act at Pal Path.,40.0,Female,2,17.303179031641942,76.82373581102718,0,0,0
4617,FIR/2022/KA01/02399,45,15,2022-09-11,2022,9,registered,FIR registered for Counterfeiting at Buch Marg.,50.0,Other,3,12.999079829332942,77.52855706881907,0,1,0
4618,FIR/2023/KA01/02400,92,27,2023-01-01,2023,1,chargesheeted,FIR registered for Hurt/Grievous Hurt at Munshi Circle.,61.0,Other,5,13.029010861624757,77.55214689172361,0,0,1
4619,FIR/2023/KA18/00019,781,16,2023-05-21,2023,5,closed,Victim lost Rs.366803 through online fraud/UPI scam.,22.0,Female,5,13.218280136946696,75.7004258222538,1,0,1
4620,FIR/2024/KA26/00026,987,1,2024-08-24,2024,8,under_investigation,Complaint received regarding theft of cash worth Rs.260734.,71.0,Female,3,15.216663012687027,76.17652912697676,0,0,0
4621,FIR/2022/KA01/02401,83,28,2022-05-20,2022,5,chargesheeted,FIR registered for Criminal Trespass at Tak Chowk.,64.0,Other,5,12.866286296961258,77.73679998356916,0,0,1
4622,FIR/2023/KA05/00134,316,29,2023-03-06,2023,3,under_investigation,FIR registered for Mischief at Prakash Zila.,23.0,Female,2,17.17786370802671,76.74764664016655,0,0,0
4623,FIR/2024/KA12/00110,591,27,2024-03-16,2024,3,registered,FIR registered for Hurt/Grievous Hurt at Chauhan.,72.0,Female,4,16.975953303138112,75.77980979593923,0,0,0
4624,FIR/2022/KA27/00147,994,13,2022-10-16,2022,10,closed,FIR registered for Criminal Breach of Trust at Kapur Nagar.,62.0,Male,3,16.13289783899383,75.57223080402335,0,1,1
4625,FIR/2022/KA01/02402,18,5,2022-09-13,2022,9,chargesheeted,Dead body found at Anne Nagar. Prima facie case of murder registered.,73.0,Male,2,13.024066939495974,77.62711686069652,0,0,1
4626,FIR/2022/KA05/00135,286,2,2022-08-11,2022,8,closed,FIR registered for House Breaking & Theft at Cheema Street.,67.0,Other,1,17.441653076696152,76.74883792250446,0,0,1
4627,FIR/2023/KA01/02403,13,27,2023-06-19,2023,6,under_investigation,FIR registered for Hurt/Grievous Hurt at Sarin Path.,73.0,Female,3,13.10991874704573,77.7189492288411,0,0,0
4628,FIR/2022/KA01/02404,129,29,2022-06-06,2022,6,under_investigation,FIR registered for Mischief at Garde Ganj.,52.0,Other,3,12.958164599496005,77.49973084811757,0,0,0
4629,FIR/2022/KA29/00088,1100,19,2022-10-26,2022,10,closed,FIR registered for Cyber Crime - Phishing at Halder Zila.,43.0,Other,5,14.411951999406043,75.9853115506336,1,0,1
4630,FIR/2023/KA10/00166,492,25,2023-04-18,2023,4,registered,FIR registered for Arms Act at Yogi Path.,20.0,Female,1,13.471875067853096,77.09527090272623,0,0,0
4631,FIR/2022/KA20/00101,839,2,2022-07-20,2022,7,under_investigation,FIR registered for House Breaking & Theft at Ben Nagar.,31.0,Female,1,12.585784601961038,76.83279209850689,0,0,0
4632,FIR/2022/KA01/02405,34,3,2022-03-17,2022,3,closed,Complainant robbed at Bassi Road by 1 armed persons.,,Male,1,13.011764434321808,77.49356826338804,0,0,1
4633,FIR/2023/KA26/00027,976,1,2023-10-08,2023,10,closed,Complaint received regarding theft of two-wheeler worth Rs.41306.,52.0,Female,5,15.359050243836192,76.21678043096388,0,0,1
4634,FIR/2024/KA04/00121,246,30,2024-10-13,2024,10,under_investigation,FIR registered for Extortion at Borde Road.,,Other,2,15.88464781450048,74.44471931426591,0,0,0
4635,FIR/2024/KA13/00101,603,20,2024-03-03,2024,3,chargesheeted,FIR registered for Dowry Death at Narayan Road.,53.0,Male,1,16.069943246850954,77.30387378585284,0,0,1
4636,FIR/2022/KA28/00056,1069,22,2022-07-02,2022,7,under_investigation,FIR registered for POCSO Act at Raghavan.,57.0,Other,1,14.688254161635541,74.58297087642727,0,0,0
4637,FIR/2023/KA01/02406,145,19,2023-01-20,2023,1,closed,FIR registered for Cyber Crime - Phishing at Garde Road.,37.0,Female,1,13.111849228705754,77.55853887488999,1,0,1
4638,FIR/2024/KA01/02407,99,17,2024-08-21,2024,8,closed,FIR registered for Cyber Crime - Identity Theft at Sharma Street.,47.0,Female,5,13.114822003501931,77.59891509517642,1,0,1
4639,FIR/2024/KA01/02408,13,25,2024-07-05,2024,7,under_investigation,FIR registered for Arms Act at Date Zila.,18.0,Other,3,13.108054609178705,77.69684848382938,0,0,0
4640,FIR/2024/KA28/00057,1071,33,2024-02-12,2024,2,registered,FIR registered for Road Accident Death at Divan Path.,21.0,Female,4,14.665051019831353,74.77660319780641,0,0,0
4641,FIR/2023/KA03/00048,222,2,2023-07-27,2023,7,registered,FIR registered for House Breaking & Theft at Sachdev.,71.0,Other,3,12.194949794027272,76.55443233521085,0,0,0
4642,FIR/2024/KA13/00102,624,30,2024-07-11,2024,7,chargesheeted,FIR registered for Extortion at Das Chowk.,33.0,Other,1,16.208090861174178,77.41703930953155,0,0,1
4643,FIR/2023/KA01/02409,71,18,2023-05-08,2023,5,chargesheeted,FIR registered for Cyber Crime - Hacking at Wable Circle.,38.0,Male,1,13.023006243881804,77.59244616416407,1,0,1
4644,FIR/2022/KA01/02410,4,2,2022-10-24,2022,10,pending_trial,FIR registered for House Breaking & Theft at Sridhar Ganj.,19.0,Male,4,12.826464491290366,77.51552002856587,0,0,1
4645,FIR/2023/KA20/00102,803,6,2023-08-03,2023,8,pending_trial,FIR registered for Attempt to Murder at Mand Chowk.,32.0,Male,1,12.541581429709158,76.83137129226458,0,0,1
4646,FIR/2022/KA28/00058,1061,12,2022-10-02,2022,10,under_investigation,Accused cheated complainant of Rs.404462 through false promises.,46.0,Male,5,14.826179679655192,74.66786430397498,0,1,0
4647,FIR/2022/KA01/02411,102,1,2022-04-01,2022,4,chargesheeted,Complaint received regarding theft of cash worth Rs.132594.,41.0,Male,2,13.003093745808485,77.61488180200298,0,0,1
4648,FIR/2022/KA01/02412,28,18,2022-01-07,2022,1,under_investigation,FIR registered for Cyber Crime - Hacking at Minhas Road.,29.0,Other,4,13.11100676771053,77.58947039199828,1,0,0
4649,FIR/2023/KA01/02413,130,28,2023-06-14,2023,6,under_investigation,FIR registered for Criminal Trespass at Pandit Zila.,20.0,Other,3,12.924124533203662,77.50774443006497,0,0,0
4650,FIR/2023/KA26/00028,971,16,2023-01-23,2023,1,under_investigation,Victim lost Rs.306868 through online fraud/UPI scam.,62.0,Male,5,15.19327857190121,76.20410378249792,1,0,0
4651,FIR/2022/KA13/00103,597,1,2022-06-28,2022,6,closed,Complaint received regarding theft of mobile phone worth Rs.452343.,61.0,Other,3,16.29970926677312,77.38277141248936,0,0,1
4652,FIR/2024/KA10/00167,457,14,2024-11-02,2024,11,pending_trial,FIR registered for Forgery at Talwar Zila.,64.0,Male,3,13.299871525612623,77.1857038588251,0,1,1
4653,FIR/2023/KA26/00029,973,12,2023-02-12,2023,2,chargesheeted,Accused cheated complainant of Rs.159645 through false promises.,23.0,Other,5,15.317030002917212,75.99821286829368,0,1,1
4654,FIR/2024/KA01/02414,180,31,2024-02-02,2024,2,registered,FIR registered for Criminal Intimidation at Kalita Nagar.,27.0,Female,4,12.832382837698558,77.46308938978542,0,0,0
4655,FIR/2024/KA25/00076,963,6,2024-05-28,2024,5,closed,FIR registered for Attempt to Murder at Rajan Chowk.,69.0,Female,4,17.80216038277691,77.5783396197357,0,0,1
4656,FIR/2024/KA01/02415,96,3,2024-06-20,2024,6,chargesheeted,Complainant robbed at Sura Ganj by 2 armed persons.,67.0,Male,2,13.08352357789198,77.708438849143,0,0,1
4657,FIR/2022/KA01/02416,7,15,2022-07-06,2022,7,under_investigation,FIR registered for Counterfeiting at Oak Zila.,24.0,Other,4,12.888828761883751,77.5045910890899,0,1,0
4658,FIR/2023/KA17/00082,738,8,2023-03-18,2023,3,chargesheeted,Victim reported sexual assault incident at Wable Ganj. Medical examination conducted.,21.0,Other,3,14.362851670972418,76.27562555706224,0,0,1
4659,FIR/2023/KA01/02417,78,17,2023-11-12,2023,11,under_investigation,FIR registered for Cyber Crime - Identity Theft at Munshi Circle.,25.0,Male,4,13.100905836178786,77.5104941912571,1,0,0
4660,FIR/2022/KA10/00168,464,1,2022-09-10,2022,9,chargesheeted,Complaint received regarding theft of gold chain worth Rs.165808.,54.0,Male,4,13.441455431181712,77.08723944656309,0,0,1
4661,FIR/2024/KA01/02418,36,12,2024-10-26,2024,10,closed,Accused cheated complainant of Rs.405374 through false promises.,,Other,4,12.970484607345725,77.49340507527654,0,1,1
4662,FIR/2023/KA23/00046,905,5,2023-06-17,2023,6,chargesheeted,Dead body found at De Zila. Prima facie case of murder registered.,25.0,Male,3,12.700494709428751,77.16862619439256,0,0,1
4663,FIR/2023/KA13/00104,630,9,2023-05-01,2023,5,chargesheeted,FIR registered for Assault on Women at Patla Ganj.,,Female,2,16.267598205954037,77.2332102885538,0,0,1
4664,FIR/2022/KA04/00122,232,1,2022-11-14,2022,11,under_investigation,Complaint received regarding theft of laptop worth Rs.187039.,49.0,Other,5,15.907706499239145,74.37555480632999,0,0,0
4665,FIR/2022/KA01/02419,55,19,2022-02-17,2022,2,closed,FIR registered for Cyber Crime - Phishing at Varghese.,23.0,Other,1,12.900434811034994,77.712008038935,1,0,1
4666,FIR/2022/KA01/02420,69,10,2022-06-03,2022,6,chargesheeted,FIR registered for Sexual Harassment at Ratta Ganj.,26.0,Other,4,12.980643750121855,77.54139706746528,0,0,1
4667,FIR/2022/KA01/02421,69,32,2022-01-03,2022,1,pending_trial,FIR registered for Missing Person at Biswas Ganj.,,Other,4,12.981244790930878,77.55591589194313,0,0,1
4668,FIR/2024/KA10/00169,459,12,2024-05-10,2024,5,under_investigation,Accused cheated complainant of Rs.263082 through false promises.,19.0,Male,3,13.354641795896596,77.03056009984853,0,1,0
4669,FIR/2024/KA06/00108,330,3,2024-07-22,2024,7,under_investigation,Complainant robbed at Mohanty Street by 3 armed persons.,32.0,Male,4,12.920893370299211,74.79390311513642,0,0,0
4670,FIR/2023/KA01/02422,177,27,2023-05-01,2023,5,chargesheeted,FIR registered for Hurt/Grievous Hurt at Chaudry.,,Female,5,13.021727956884742,77.74232788215524,0,0,1
4671,FIR/2024/KA29/00089,1108,25,2024-08-04,2024,8,chargesheeted,FIR registered for Arms Act at Shenoy Street.,37.0,Female,1,14.501043136820934,75.88940732363541,0,0,1
4672,FIR/2024/KA03/00049,206,14,2024-05-19,2024,5,closed,FIR registered for Forgery at Choudhary Zila.,72.0,Male,4,12.280430783181513,76.59107468863202,0,1,1
4673,FIR/2023/KA22/00030,881,15,2023-08-06,2023,8,chargesheeted,FIR registered for Counterfeiting at Babu Ganj.,51.0,Male,5,13.418354653909578,77.67786680792584,0,1,1
4674,FIR/2023/KA15/00035,689,3,2023-09-03,2023,9,under_investigation,Complainant robbed at Grover Chowk by 2 armed persons.,63.0,Male,2,15.499821595454387,75.67562888094973,0,0,0
4675,FIR/2024/KA01/02423,65,11,2024-10-20,2024,10,registered,FIR registered for Kidnapping & Abduction at Balakrishnan Road.,42.0,Female,3,12.974553407348635,77.45110810294946,0,0,0
4676,FIR/2023/KA01/02424,53,19,2023-11-01,2023,11,under_investigation,FIR registered for Cyber Crime - Phishing at Wali Chowk.,25.0,Other,5,12.927977959793443,77.70356704708637,1,0,0
4677,FIR/2023/KA01/02425,44,10,2023-09-16,2023,9,under_investigation,FIR registered for Sexual Harassment at Pandey Chowk.,70.0,Female,2,12.965625883275832,77.50452037668174,0,0,0
4678,FIR/2024/KA01/02426,68,27,2024-08-06,2024,8,under_investigation,FIR registered for Hurt/Grievous Hurt at Dani Road.,38.0,Male,3,13.013201943548541,77.61625966233063,0,0,0
4679,FIR/2023/KA01/02427,78,2,2023-11-13,2023,11,closed,FIR registered for House Breaking & Theft at Chad Circle.,32.0,Female,2,13.078132847751665,77.50957384150395,0,0,1
4680,FIR/2022/KA12/00111,593,8,2022-07-25,2022,7,closed,Victim reported sexual assault incident at Sankar Path. Medical examination conducted.,,Female,2,16.701397338465604,75.71425335072644,0,0,1
4681,FIR/2023/KA04/00123,261,4,2023-04-25,2023,4,under_investigation,FIR registered for Dacoity at Dora Ganj.,40.0,Other,5,15.806531740761274,74.37292666726637,0,0,0
4682,FIR/2024/KA01/02428,151,20,2024-01-21,2024,1,under_investigation,FIR registered for Dowry Death at Thakkar Marg.,57.0,Other,4,12.989621407140687,77.72393037455872,0,0,0
4683,FIR/2024/KA11/00162,548,17,2024-01-23,2024,1,under_investigation,FIR registered for Cyber Crime - Identity Theft at Trivedi Marg.,72.0,Female,3,15.2354111118562,76.79405146194648,1,0,0
4684,FIR/2024/KA11/00163,505,30,2024-10-28,2024,10,under_investigation,FIR registered for Extortion at Bera Path.,63.0,Male,2,15.15663742706749,76.97975134543006,0,0,0
4685,FIR/2023/KA12/00112,573,9,2023-03-14,2023,3,registered,FIR registered for Assault on Women at Mahajan Chowk.,51.0,Female,2,16.936686003806035,75.6149489658493,0,0,0
4686,FIR/2023/KA14/00095,657,9,2023-10-07,2023,10,chargesheeted,FIR registered for Assault on Women at Chaudhari Path.,75.0,Other,5,15.527291961433058,75.02741854874796,0,0,1
4687,FIR/2022/KA01/02429,90,27,2022-11-16,2022,11,under_investigation,FIR registered for Hurt/Grievous Hurt at Raja Nagar.,57.0,Female,4,13.002012719652578,77.4856147084969,0,0,0
4688,FIR/2022/KA17/00083,759,18,2022-02-06,2022,2,chargesheeted,FIR registered for Cyber Crime - Hacking at Hari Marg.,30.0,Other,2,14.104326313296095,76.466547647456,1,0,1
4689,FIR/2023/KA04/00124,262,9,2023-06-25,2023,6,chargesheeted,FIR registered for Assault on Women at Gulati Road.,,Male,1,15.814166542764813,74.41369835671239,0,0,1
4690,FIR/2024/KA01/02430,127,1,2024-12-17,2024,12,chargesheeted,Complaint received regarding theft of two-wheeler worth Rs.341071.,37.0,Female,5,12.857926281814255,77.71475836342853,0,0,1
4691,FIR/2023/KA01/02431,12,21,2023-05-22,2023,5,closed,FIR registered for Dowry Prohibition Act at Majumdar.,50.0,Other,2,13.037709268216892,77.47376983222686,0,0,1
4692,FIR/2024/KA09/00074,448,11,2024-04-18,2024,4,chargesheeted,FIR registered for Kidnapping & Abduction at Tak Circle.,31.0,Male,5,13.944956724948494,75.48622036552216,0,0,1
4693,FIR/2022/KA12/00113,563,22,2022-12-08,2022,12,pending_trial,FIR registered for POCSO Act at Sant Circle.,49.0,Male,3,16.97634613819092,75.820713072309,0,0,1
4694,FIR/2022/KA10/00170,463,8,2022-01-26,2022,1,chargesheeted,Victim reported sexual assault incident at Bedi Zila. Medical examination conducted.,34.0,Female,1,13.26634943350492,76.99783597805175,0,0,1
4695,FIR/2023/KA01/02432,149,12,2023-06-14,2023,6,closed,Accused cheated complainant of Rs.291021 through false promises.,22.0,Male,2,12.90593311067279,77.57316139442835,0,1,1
4696,FIR/2023/KA11/00164,528,9,2023-02-23,2023,2,under_investigation,FIR registered for Assault on Women at Contractor Ganj.,24.0,Female,5,15.256220980045931,76.98780792999192,0,0,0
4697,FIR/2023/KA01/02433,22,22,2023-03-18,2023,3,under_investigation,FIR registered for POCSO Act at Banik Nagar.,28.0,Female,2,12.94540636439951,77.71546240824122,0,0,0
4698,FIR/2023/KA01/02434,126,22,2023-12-05,2023,12,under_investigation,FIR registered for POCSO Act at Lata.,24.0,Female,1,12.963699879809452,77.67875645045696,0,0,0
4699,FIR/2024/KA01/02435,169,16,2024-10-13,2024,10,chargesheeted,Victim lost Rs.263863 through online fraud/UPI scam.,23.0,Other,1,13.04317668748598,77.60163522883627,1,0,1
4700,FIR/2022/KA10/00171,467,9,2022-02-07,2022,2,under_investigation,FIR registered for Assault on Women at Chaudhuri Circle.,29.0,Other,4,13.374784959145574,77.08638924485334,0,0,0
4701,FIR/2024/KA01/02436,57,19,2024-05-14,2024,5,chargesheeted,FIR registered for Cyber Crime - Phishing at Kara Road.,70.0,Other,5,13.080635970954262,77.71876117275711,1,0,1
4702,FIR/2024/KA01/02437,147,2,2024-06-15,2024,6,under_investigation,FIR registered for House Breaking & Theft at Ravel.,53.0,Male,3,12.833917309098224,77.72532785674716,0,0,0
4703,FIR/2023/KA17/00084,765,29,2023-08-18,2023,8,chargesheeted,FIR registered for Mischief at Ramaswamy Marg.,18.0,Male,2,14.336371287015648,76.29317029896723,0,0,1
4704,FIR/2022/KA20/00103,837,1,2022-11-19,2022,11,under_investigation,Complaint received regarding theft of cash worth Rs.325842.,23.0,Other,3,12.641222032713443,76.99943351544066,0,0,0
4705,FIR/2022/KA01/02438,34,23,2022-07-16,2022,7,pending_trial,FIR registered for Domestic Violence at Tandon Road.,24.0,Other,1,13.019767645795895,77.49555853929954,0,0,1
4706,FIR/2023/KA01/02439,178,13,2023-05-18,2023,5,pending_trial,FIR registered for Criminal Breach of Trust at Garg Ganj.,33.0,Other,1,13.119697997398834,77.70087462938237,0,1,1
4707,FIR/2023/KA21/00057,858,2,2023-01-05,2023,1,under_investigation,FIR registered for House Breaking & Theft at Palan Ganj.,38.0,Other,4,13.1130612816935,78.1288789173447,0,0,0
4708,FIR/2024/KA14/00096,640,1,2024-08-07,2024,8,under_investigation,Complaint received regarding theft of two-wheeler worth Rs.91937.,,Other,5,15.603410439102241,75.08872803303517,0,0,0
4709,FIR/2024/KA16/00070,732,33,2024-07-17,2024,7,chargesheeted,FIR registered for Road Accident Death at Chandra Nagar.,23.0,Female,2,14.841951180203864,75.44772891211665,0,0,1
4710,FIR/2022/KA01/02440,115,17,2022-11-23,2022,11,under_investigation,FIR registered for Cyber Crime - Identity Theft at Thakur Street.,31.0,Other,4,13.030118374354501,77.63775442162752,1,0,0
4711,FIR/2023/KA01/02441,93,1,2023-05-24,2023,5,under_investigation,Complaint received regarding theft of mobile phone worth Rs.183212.,22.0,Other,1,13.098108795936616,77.6950380009696,0,0,0
4712,FIR/2023/KA21/00058,868,11,2023-11-25,2023,11,under_investigation,FIR registered for Kidnapping & Abduction at Khare Road.,,Other,5,13.24812556225652,78.02758900986608,0,0,0
4713,FIR/2024/KA01/02442,156,13,2024-09-13,2024,9,chargesheeted,FIR registered for Criminal Breach of Trust at Murty Street.,37.0,Male,3,13.017787818549486,77.46845062122173,0,1,1
4714,FIR/2023/KA01/02443,107,19,2023-05-19,2023,5,under_investigation,FIR registered for Cyber Crime - Phishing at Ganesan Zila.,63.0,Other,4,12.840802952917176,77.70017188714966,1,0,0
4715,FIR/2024/KA01/02444,22,14,2024-01-25,2024,1,chargesheeted,FIR registered for Forgery at Natarajan Street.,21.0,Other,5,12.955202058373917,77.72778637873341,0,1,1
4716,FIR/2022/KA01/02445,36,1,2022-12-27,2022,12,chargesheeted,Complaint received regarding theft of mobile phone worth Rs.171181.,37.0,Other,1,12.959854411561649,77.47249092707025,0,0,1
4717,FIR/2023/KA13/00105,622,23,2023-01-18,2023,1,under_investigation,FIR registered for Domestic Violence at Som Nagar.,48.0,Other,3,16.180207191193567,77.4502780406999,0,0,0
4718,FIR/2024/KA01/02446,168,29,2024-12-13,2024,12,pending_trial,FIR registered for Mischief at Natt Marg.,28.0,Female,3,12.986426393119709,77.59239874574354,0,0,1
4719,FIR/2024/KA16/00071,722,27,2024-05-23,2024,5,under_investigation,FIR registered for Hurt/Grievous Hurt at Goel Nagar.,31.0,Other,4,14.922070460031764,75.36726344993927,0,0,0
4720,FIR/2024/KA01/02447,165,28,2024-05-01,2024,5,chargesheeted,FIR registered for Criminal Trespass at Bose Road.,35.0,Male,3,13.01160781183162,77.57546097272682,0,0,1
4721,FIR/2024/KA01/02448,9,1,2024-12-23,2024,12,closed,Complaint received regarding theft of laptop worth Rs.281783.,29.0,Female,4,12.90108056353192,77.44471211935614,0,0,1
4722,FIR/2023/KA01/02449,100,29,2023-10-04,2023,10,chargesheeted,FIR registered for Mischief at Pandey.,68.0,Female,4,13.097637187671586,77.48855641359917,0,0,1
4723,FIR/2022/KA01/02450,43,1,2022-03-25,2022,3,closed,Complaint received regarding theft of mobile phone worth Rs.322426.,,Male,5,13.130618988009115,77.63828487274304,0,0,1
4724,FIR/2024/KA01/02451,90,14,2024-12-01,2024,12,chargesheeted,FIR registered for Forgery at Kota Chowk.,61.0,Female,5,12.990894362374663,77.48973323776507,0,1,1
4725,FIR/2023/KA30/00043,1111,13,2023-11-07,2023,11,under_investigation,FIR registered for Criminal Breach of Trust at Choudhary Chowk.,40.0,Male,2,15.238965304873513,76.5964303003526,0,1,0
4726,FIR/2023/KA03/00050,226,16,2023-09-13,2023,9,registered,Victim lost Rs.250215 through online fraud/UPI scam.,53.0,Female,2,12.330522774021087,76.67531449680614,1,0,0
4727,FIR/2022/KA01/02452,4,1,2022-02-16,2022,2,under_investigation,Complaint received regarding theft of mobile phone worth Rs.174518.,19.0,Male,2,12.846559368760555,77.49170544337626,0,0,0
4728,FIR/2022/KA01/02453,37,22,2022-07-19,2022,7,pending_trial,FIR registered for POCSO Act at Vohra Ganj.,75.0,Male,2,13.088058386274051,77.52628965042912,0,0,1
4729,FIR/2024/KA24/00034,925,33,2024-02-12,2024,2,under_investigation,FIR registered for Road Accident Death at Ganesh Circle.,52.0,Other,3,16.765667331203048,77.10802210528803,0,0,0
4730,FIR/2023/KA27/00148,1019,8,2023-07-07,2023,7,under_investigation,Victim reported sexual assault incident at Chandra Street. Medical examination conducted.,,Other,1,16.263450342707618,75.64022324173973,0,0,0
4731,FIR/2024/KA01/02454,63,27,2024-11-10,2024,11,chargesheeted,FIR registered for Hurt/Grievous Hurt at Modi Zila.,42.0,Other,3,12.82698441652145,77.67811391025087,0,0,1
4732,FIR/2024/KA20/00104,819,12,2024-07-14,2024,7,chargesheeted,Accused cheated complainant of Rs.215207 through false promises.,63.0,Male,3,12.598258777645494,77.05332729495545,0,1,1
4733,FIR/2024/KA01/02455,35,1,2024-06-06,2024,6,under_investigation,Complaint received regarding theft of two-wheeler worth Rs.116433.,61.0,Male,3,13.108110582870228,77.71416978543435,0,0,0
4734,FIR/2022/KA01/02456,153,31,2022-03-27,2022,3,chargesheeted,FIR registered for Criminal Intimidation at Kurian Circle.,56.0,Female,3,13.119206920960345,77.61558203099969,0,0,1
4735,FIR/2024/KA20/00105,828,14,2024-09-08,2024,9,pending_trial,FIR registered for Forgery at Kulkarni Chowk.,56.0,Female,1,12.62852438358455,77.02880148750872,0,1,1
4736,FIR/2023/KA16/00072,733,32,2023-01-14,2023,1,under_investigation,FIR registered for Missing Person at Shanker Path.,20.0,Male,3,14.842694587730634,75.50177675700206,0,0,0
4737,FIR/2022/KA27/00149,1038,2,2022-04-01,2022,4,closed,FIR registered for House Breaking & Theft at Pandit Nagar.,,Female,2,16.049653568031268,75.61773477689317,0,0,1
4738,FIR/2023/KA01/02457,155,27,2023-04-21,2023,4,under_investigation,FIR registered for Hurt/Grievous Hurt at Nath Road.,61.0,Female,2,12.889671766282483,77.65796629761878,0,0,0
4739,FIR/2022/KA17/00085,759,23,2022-07-07,2022,7,closed,FIR registered for Domestic Violence at Sule Circle.,27.0,Other,1,14.094699895665412,76.48518320832105,0,0,1
4740,FIR/2024/KA27/00150,1037,1,2024-05-22,2024,5,under_investigation,Complaint received regarding theft of gold chain worth Rs.111272.,50.0,Other,4,16.27672508690436,75.5911509840232,0,0,0
4741,FIR/2023/KA01/02458,110,16,2023-11-10,2023,11,under_investigation,Victim lost Rs.207585 through online fraud/UPI scam.,18.0,Male,2,13.080686946366727,77.6145576598826,1,0,0
4742,FIR/2022/KA01/02459,62,11,2022-10-25,2022,10,chargesheeted,FIR registered for Kidnapping & Abduction at Roy Street.,18.0,Male,4,13.043773546019601,77.49039700883789,0,0,1
4743,FIR/2023/KA01/02460,74,2,2023-10-19,2023,10,under_investigation,FIR registered for House Breaking & Theft at Dhar Ganj.,72.0,Other,3,12.911088154851734,77.47462670460285,0,0,0
4744,FIR/2024/KA15/00036,687,17,2024-06-14,2024,6,pending_trial,FIR registered for Cyber Crime - Identity Theft at Tank Path.,52.0,Female,5,15.514417931285346,75.65060535245796,1,0,1
4745,FIR/2024/KA09/00075,429,22,2024-03-13,2024,3,registered,FIR registered for POCSO Act at Konda Nagar.,50.0,Female,5,13.858108416695682,75.68920288567914,0,0,0
4746,FIR/2022/KA01/02461,162,22,2022-05-25,2022,5,under_investigation,FIR registered for POCSO Act at Sankar.,61.0,Female,5,13.040780916474773,77.59927536948574,0,0,0
4747,FIR/2022/KA20/00106,836,26,2022-03-24,2022,3,under_investigation,FIR registered for Riots at Jhaveri Path.,50.0,Female,1,12.440141403783933,77.02041130416276,0,0,0
4748,FIR/2022/KA13/00106,629,1,2022-01-27,2022,1,chargesheeted,Complaint received regarding theft of two-wheeler worth Rs.154738.,70.0,Other,1,16.312296062643053,77.47172264701834,0,0,1
4749,FIR/2024/KA01/02462,24,26,2024-08-07,2024,8,registered,FIR registered for Riots at Chokshi Marg.,58.0,Female,5,13.010271923867988,77.7220362392612,0,0,0
4750,FIR/2023/KA16/00073,726,1,2023-02-23,2023,2,chargesheeted,Complaint received regarding theft of cash worth Rs.333271.,20.0,Female,2,14.67384270557648,75.38998038910502,0,0,1
4751,FIR/2024/KA11/00165,528,2,2024-04-08,2024,4,under_investigation,FIR registered for House Breaking & Theft at Gill Circle.,52.0,Other,3,15.238444760761727,77.01030159757327,0,0,0
4752,FIR/2023/KA01/02463,31,2,2023-04-21,2023,4,closed,FIR registered for House Breaking & Theft at Palla Road.,48.0,Male,5,12.964978252159776,77.5790262777734,0,0,1
4753,FIR/2022/KA10/00172,459,2,2022-03-15,2022,3,chargesheeted,FIR registered for House Breaking & Theft at Raman Path.,70.0,Male,2,13.355055035612489,77.05212764546376,0,0,1
4754,FIR/2022/KA01/02464,74,5,2022-12-10,2022,12,under_investigation,Dead body found at Sahni. Prima facie case of murder registered.,66.0,Female,3,12.910465072630105,77.45546628496787,0,0,0
4755,FIR/2023/KA01/02465,142,19,2023-05-26,2023,5,chargesheeted,FIR registered for Cyber Crime - Phishing at More Road.,75.0,Female,2,13.03330257613159,77.46506896400352,1,0,1
4756,FIR/2022/KA14/00097,643,23,2022-02-10,2022,2,chargesheeted,FIR registered for Domestic Violence at Barman Ganj.,57.0,Other,1,15.477434292221586,75.15182221881217,0,0,1
4757,FIR/2022/KA01/02466,18,29,2022-03-02,2022,3,under_investigation,FIR registered for Mischief at Venkatesh.,,Male,1,13.014308790502454,77.60118964901986,0,0,0
4758,FIR/2024/KA01/02467,54,1,2024-11-07,2024,11,chargesheeted,Complaint received regarding theft of gold chain worth Rs.476035.,53.0,Male,1,12.990516019390611,77.491973948161,0,0,1
4759,FIR/2024/KA06/00109,319,31,2024-10-14,2024,10,under_investigation,FIR registered for Criminal Intimidation at Sha Marg.,47.0,Female,5,12.791676137021232,74.91194589534307,0,0,0
4760,FIR/2023/KA01/02468,148,12,2023-05-10,2023,5,under_investigation,Accused cheated complainant of Rs.236220 through false promises.,55.0,Male,5,13.108821970699918,77.51041162836263,0,1,0
4761,FIR/2022/KA01/02469,55,1,2022-01-05,2022,1,chargesheeted,Complaint received regarding theft of gold chain worth Rs.345713.,25.0,Female,1,12.90350892001157,77.72525610818539,0,0,1
4762,FIR/2023/KA01/02470,41,5,2023-11-14,2023,11,closed,Dead body found at Tara Nagar. Prima facie case of murder registered.,51.0,Female,1,13.10110774509522,77.57773232418981,0,0,1
4763,FIR/2024/KA28/00059,1065,17,2024-07-08,2024,7,under_investigation,FIR registered for Cyber Crime - Identity Theft at Shukla Street.,75.0,Other,3,14.92775113353727,74.70954623962541,1,0,0
4764,FIR/2023/KA01/02471,134,13,2023-02-02,2023,2,under_investigation,FIR registered for Criminal Breach of Trust at Virk Street.,72.0,Other,3,13.097091187511133,77.60471097192631,0,1,0
4765,FIR/2024/KA01/02472,66,2,2024-06-05,2024,6,under_investigation,FIR registered for House Breaking & Theft at Gaba Road.,,Female,2,12.869939838255485,77.6237919073905,0,0,0
4766,FIR/2022/KA30/00044,1113,1,2022-02-14,2022,2,under_investigation,Complaint received regarding theft of gold chain worth Rs.379635.,50.0,Female,4,15.254291582935542,76.32332761868554,0,0,0
4767,FIR/2023/KA01/02473,152,2,2023-11-20,2023,11,registered,FIR registered for House Breaking & Theft at Bhattacharyya Road.,71.0,Other,1,13.084986074741611,77.73487260421024,0,0,0
4768,FIR/2022/KA01/02474,47,13,2022-11-28,2022,11,under_investigation,FIR registered for Criminal Breach of Trust at Aurora Road.,51.0,Male,1,13.092556628988923,77.44798419562463,0,1,0
4769,FIR/2023/KA01/02475,127,1,2023-05-13,2023,5,registered,Complaint received regarding theft of two-wheeler worth Rs.406554.,39.0,Other,5,12.888213685449244,77.70342287928956,0,0,0
4770,FIR/2024/KA29/00090,1105,10,2024-09-19,2024,9,registered,FIR registered for Sexual Harassment at Mandal Ganj.,62.0,Male,3,14.367623958116235,75.89295192332743,0,0,0
4771,FIR/2024/KA20/00107,804,35,2024-07-16,2024,7,closed,FIR registered for SC/ST Atrocities Act at Dasgupta.,43.0,Other,5,12.623836915091266,76.8899560600653,0,0,1
4772,FIR/2022/KA10/00173,467,28,2022-11-18,2022,11,chargesheeted,FIR registered for Criminal Trespass at Suresh Nagar.,52.0,Male,5,13.37512831364076,77.11035028187483,0,0,1
4773,FIR/2024/KA01/02476,166,31,2024-04-10,2024,4,chargesheeted,FIR registered for Criminal Intimidation at Ahluwalia Road.,23.0,Male,3,12.918076839484392,77.6105199797063,0,0,1
4774,FIR/2024/KA28/00060,1066,26,2024-11-18,2024,11,registered,FIR registered for Riots at Pandey Marg.,63.0,Male,3,14.669675377670995,74.69562396742172,0,0,0
4775,FIR/2023/KA11/00166,530,25,2023-11-28,2023,11,under_investigation,FIR registered for Arms Act at Bedi Nagar.,,Female,3,15.271879607508387,76.91343269564764,0,0,0
4776,FIR/2024/KA27/00151,992,27,2024-11-19,2024,11,under_investigation,FIR registered for Hurt/Grievous Hurt at Devi Road.,55.0,Male,1,16.082822501287055,75.74730278471863,0,0,0
4777,FIR/2022/KA10/00174,484,9,2022-07-17,2022,7,chargesheeted,FIR registered for Assault on Women at Mander Path.,18.0,Male,3,13.348601702246922,77.01382422043409,0,0,1
4778,FIR/2023/KA27/00152,1012,17,2023-11-03,2023,11,under_investigation,FIR registered for Cyber Crime - Identity Theft at Dubey Circle.,42.0,Female,1,16.088812333805844,75.70423071931995,1,0,0
4779,FIR/2024/KA01/02477,54,27,2024-02-13,2024,2,chargesheeted,FIR registered for Hurt/Grievous Hurt at Madan Zila.,37.0,Other,5,12.989462049516103,77.4720744127905,0,0,1
4780,FIR/2023/KA16/00074,728,19,2023-11-01,2023,11,pending_trial,FIR registered for Cyber Crime - Phishing at Hegde Street.,67.0,Other,1,14.69098754734516,75.37389513735498,1,0,1
4781,FIR/2024/KA01/02478,110,1,2024-10-13,2024,10,chargesheeted,Complaint received regarding theft of two-wheeler worth Rs.414333.,34.0,Male,3,13.087237328807811,77.61494137800439,0,0,1
4782,FIR/2023/KA01/02479,32,19,2023-05-16,2023,5,closed,FIR registered for Cyber Crime - Phishing at Kanda Road.,44.0,Male,4,12.886725695574285,77.60306261560177,1,0,1
4783,FIR/2022/KA04/00125,236,33,2022-10-03,2022,10,under_investigation,FIR registered for Road Accident Death at Solanki Nagar.,48.0,Other,2,15.948727975493467,74.40993788660666,0,0,0
4784,FIR/2022/KA14/00098,639,1,2022-10-01,2022,10,registered,Complaint received regarding theft of mobile phone worth Rs.371349.,70.0,Other,4,15.589229346273944,74.94274898703186,0,0,0
4785,FIR/2024/KA01/02480,155,1,2024-02-23,2024,2,chargesheeted,Complaint received regarding theft of gold chain worth Rs.417448.,50.0,Female,1,12.906722438710982,77.64594701767773,0,0,1
4786,FIR/2022/KA04/00126,241,1,2022-01-25,2022,1,closed,Complaint received regarding theft of gold chain worth Rs.368770.,,Male,4,15.91643519327768,74.49634753365447,0,0,1
4787,FIR/2023/KA08/00094,383,27,2023-07-28,2023,7,pending_trial,FIR registered for Hurt/Grievous Hurt at Mittal Road.,42.0,Female,4,12.97580109773945,76.09854142876632,0,0,1
4788,FIR/2023/KA05/00136,281,27,2023-02-03,2023,2,closed,FIR registered for Hurt/Grievous Hurt at Mukhopadhyay.,,Other,1,17.380851484695434,76.70750516772702,0,0,1
4789,FIR/2024/KA01/02481,81,18,2024-10-07,2024,10,closed,FIR registered for Cyber Crime - Hacking at Sarin Street.,69.0,Male,4,12.884232832907658,77.72590551064759,1,0,1
4790,FIR/2024/KA12/00114,571,19,2024-06-05,2024,6,under_investigation,FIR registered for Cyber Crime - Phishing at Dewan Path.,,Other,2,16.92184130753136,75.60260913543392,1,0,0
4791,FIR/2023/KA01/02482,71,35,2023-10-26,2023,10,chargesheeted,FIR registered for SC/ST Atrocities Act at Krishna Ganj.,44.0,Male,5,13.01249458178052,77.59216696733343,0,0,1
4792,FIR/2023/KA10/00175,483,1,2023-12-21,2023,12,chargesheeted,Complaint received regarding theft of two-wheeler worth Rs.399180.,31.0,Female,2,13.319719052898607,77.24523765525265,0,0,1
4793,FIR/2022/KA13/00107,631,22,2022-11-27,2022,11,chargesheeted,FIR registered for POCSO Act at Iyengar Circle.,25.0,Other,1,16.188118910107125,77.20489767650217,0,0,1
4794,FIR/2024/KA04/00127,270,1,2024-10-18,2024,10,chargesheeted,Complaint received regarding theft of two-wheeler worth Rs.10033.,21.0,Male,4,15.89236018358196,74.60942449110162,0,0,1
4795,FIR/2024/KA24/00035,933,1,2024-06-18,2024,6,under_investigation,Complaint received regarding theft of cash worth Rs.351758.,37.0,Male,3,16.760926062082298,76.99843228168595,0,0,0
4796,FIR/2024/KA26/00030,981,11,2024-03-27,2024,3,under_investigation,FIR registered for Kidnapping & Abduction at Shenoy.,70.0,Other,1,15.22688770431188,76.15191739451798,0,0,0
4797,FIR/2023/KA01/02483,159,19,2023-03-22,2023,3,pending_trial,FIR registered for Cyber Crime - Phishing at Goswami Circle.,30.0,Female,5,12.867611728246928,77.74394563719932,1,0,1
4798,FIR/2022/KA01/02484,116,12,2022-10-04,2022,10,chargesheeted,Accused cheated complainant of Rs.407843 through false promises.,51.0,Other,2,13.042156704182709,77.64278176884399,0,1,1
4799,FIR/2023/KA17/00086,763,11,2023-07-03,2023,7,under_investigation,FIR registered for Kidnapping & Abduction at Devi Zila.,48.0,Male,4,14.185828056037595,76.37118475777051,0,0,0
4800,FIR/2023/KA24/00036,923,14,2023-03-20,2023,3,under_investigation,FIR registered for Forgery at Sathe Circle.,68.0,Male,4,16.885229326497573,77.1569726211086,0,1,0
4801,FIR/2022/KA28/00061,1053,29,2022-05-23,2022,5,chargesheeted,FIR registered for Mischief at Thakur Path.,34.0,Male,2,14.733427901535,74.5764527859995,0,0,1
4802,FIR/2023/KA01/02485,170,20,2023-08-25,2023,8,closed,FIR registered for Dowry Death at Sidhu Path.,69.0,Female,3,12.981708781071772,77.6397906415855,0,0,1
4803,FIR/2022/KA01/02486,134,2,2022-07-06,2022,7,under_investigation,FIR registered for House Breaking & Theft at Sane Path.,55.0,Other,3,13.107609778246696,77.60388089305833,0,0,0
4804,FIR/2024/KA12/00115,581,25,2024-10-04,2024,10,pending_trial,FIR registered for Arms Act at Salvi Chowk.,,Female,1,16.96654823625769,75.68757658821713,0,0,1
4805,FIR/2022/KA14/00099,639,5,2022-02-08,2022,2,under_investigation,Dead body found at Shenoy Marg. Prima facie case of murder registered.,74.0,Other,2,15.60135114581625,74.95580467660356,0,0,0
4806,FIR/2023/KA29/00091,1109,10,2023-02-10,2023,2,registered,FIR registered for Sexual Harassment at Bala Nagar.,45.0,Other,2,14.498262750275408,75.83376639903928,0,0,0
4807,FIR/2022/KA25/00077,951,17,2022-03-07,2022,3,under_investigation,FIR registered for Cyber Crime - Identity Theft at Chakrabarti Marg.,50.0,Other,5,17.89723538366613,77.55754135437826,1,0,0
4808,FIR/2022/KA23/00047,908,31,2022-05-10,2022,5,under_investigation,FIR registered for Criminal Intimidation at Mittal Street.,29.0,Male,1,12.688996102913432,77.21739965492065,0,0,0
4809,FIR/2023/KA20/00108,840,12,2023-05-20,2023,5,under_investigation,Accused cheated complainant of Rs.58332 through false promises.,63.0,Other,2,12.354473525801486,76.87698564765795,0,1,0
4810,FIR/2022/KA25/00078,969,34,2022-10-01,2022,10,chargesheeted,FIR registered for Immoral Traffic Act at Datta Path.,44.0,Male,4,17.8688755881972,77.5601957489527,0,0,1
4811,FIR/2023/KA01/02487,77,1,2023-02-03,2023,2,closed,Complaint received regarding theft of two-wheeler worth Rs.379735.,28.0,Female,4,13.074455738835644,77.51973379026465,0,0,1
4812,FIR/2022/KA01/02488,5,12,2022-01-24,2022,1,chargesheeted,Accused cheated complainant of Rs.79706 through false promises.,66.0,Other,3,12.94240083531216,77.56032182409935,0,1,1
4813,FIR/2024/KA01/02489,146,1,2024-01-25,2024,1,under_investigation,Complaint received regarding theft of gold chain worth Rs.43639.,71.0,Female,2,12.80906552173886,77.62272815059947,0,0,0
4814,FIR/2024/KA01/02490,76,10,2024-12-15,2024,12,closed,FIR registered for Sexual Harassment at Shere Nagar.,74.0,Male,1,13.103306577912813,77.68477006705264,0,0,1
4815,FIR/2022/KA12/00116,590,3,2022-09-19,2022,9,under_investigation,Complainant robbed at Sharma Circle by 1 armed persons.,47.0,Male,1,16.97714236648501,75.72286577313653,0,0,0
4816,FIR/2024/KA11/00167,543,12,2024-12-13,2024,12,chargesheeted,Accused cheated complainant of Rs.499225 through false promises.,60.0,Male,2,15.303278589680861,77.04294439232332,0,1,1
4817,FIR/2023/KA01/02491,160,11,2023-10-07,2023,10,closed,FIR registered for Kidnapping & Abduction at Madan Nagar.,48.0,Female,4,12.959183326252179,77.49495039051605,0,0,1
4818,FIR/2022/KA13/00108,594,30,2022-05-13,2022,5,under_investigation,FIR registered for Extortion at Nath Zila.,35.0,Male,3,16.24913301234952,77.46271937261992,0,0,0
4819,FIR/2023/KA04/00128,232,1,2023-11-18,2023,11,chargesheeted,Complaint received regarding theft of cash worth Rs.386766.,46.0,Female,4,15.910034948662748,74.4107446950758,0,0,1
4820,FIR/2024/KA23/00048,896,11,2024-07-26,2024,7,under_investigation,FIR registered for Kidnapping & Abduction at Subramaniam Road.,43.0,Female,3,12.781698381214538,77.34517624059849,0,0,0
4821,FIR/2024/KA09/00076,417,33,2024-03-09,2024,3,under_investigation,FIR registered for Road Accident Death at Bhat Path.,61.0,Male,5,13.914472117934077,75.6431361389804,0,0,0
4822,FIR/2023/KA01/02492,38,3,2023-02-13,2023,2,under_investigation,Complainant robbed at Vaidya Zila by 4 armed persons.,31.0,Female,1,12.975266327087034,77.46690383365362,0,0,0
4823,FIR/2023/KA01/02493,61,14,2023-09-13,2023,9,under_investigation,FIR registered for Forgery at Jayaraman Nagar.,48.0,Other,4,13.02822977156251,77.66154982889508,0,1,0
4824,FIR/2024/KA28/00062,1052,12,2024-07-25,2024,7,under_investigation,Accused cheated complainant of Rs.350472 through false promises.,19.0,Male,1,14.666190960148597,74.7402667102975,0,1,0
4825,FIR/2022/KA27/00153,1024,29,2022-03-16,2022,3,chargesheeted,FIR registered for Mischief at Tandon Circle.,60.0,Other,5,16.335193966113668,75.84554207684171,0,0,1
4826,FIR/2023/KA01/02494,178,11,2023-08-22,2023,8,chargesheeted,FIR registered for Kidnapping & Abduction at Kapoor Street.,39.0,Other,1,13.122340160474216,77.70804300383604,0,0,1
4827,FIR/2023/KA01/02495,130,27,2023-08-18,2023,8,pending_trial,FIR registered for Hurt/Grievous Hurt at Mitra Street.,43.0,Male,3,12.918183165712525,77.51933337368389,0,0,1
4828,FIR/2022/KA03/00051,231,31,2022-09-24,2022,9,under_investigation,FIR registered for Criminal Intimidation at Ahuja Road.,23.0,Male,1,12.380945939280322,76.58809384404226,0,0,0
4829,FIR/2022/KA01/02496,175,25,2022-04-23,2022,4,chargesheeted,FIR registered for Arms Act at Iyer Chowk.,52.0,Other,4,12.885812255593837,77.477554357006,0,0,1
4830,FIR/2024/KA08/00095,380,5,2024-02-21,2024,2,under_investigation,Dead body found at Bhavsar Zila. Prima facie case of murder registered.,24.0,Female,1,12.910714556714968,76.03071965087449,0,0,0
4831,FIR/2023/KA01/02497,118,10,2023-10-08,2023,10,chargesheeted,FIR registered for Sexual Harassment at Dua Nagar.,70.0,Other,3,13.046930678559066,77.59590750070959,0,0,1
4832,FIR/2023/KA01/02498,66,9,2023-03-13,2023,3,under_investigation,FIR registered for Assault on Women at Dara.,41.0,Female,2,12.884878177001625,77.64051796005093,0,0,0
4833,FIR/2023/KA01/02499,127,16,2023-10-12,2023,10,chargesheeted,Victim lost Rs.242155 through online fraud/UPI scam.,25.0,Female,5,12.858886360147586,77.68327539021202,1,0,1
4834,FIR/2023/KA05/00137,298,19,2023-03-06,2023,3,closed,FIR registered for Cyber Crime - Phishing at Jayaraman Ganj.,,Other,1,17.217576460037407,76.85398955823395,1,0,1
4835,FIR/2024/KA01/02500,46,25,2024-02-24,2024,2,under_investigation,FIR registered for Arms Act at Som Zila.,52.0,Female,4,13.052902369562437,77.45486378322063,0,0,0
4836,FIR/2023/KA01/02501,93,12,2023-06-12,2023,6,chargesheeted,Accused cheated complainant of Rs.134289 through false promises.,31.0,Male,5,13.068037871184853,77.70316291202498,0,1,1
4837,FIR/2022/KA04/00129,247,21,2022-02-07,2022,2,under_investigation,FIR registered for Dowry Prohibition Act at Raman Chowk.,55.0,Other,3,15.978496184776525,74.38059364312599,0,0,0
4838,FIR/2023/KA12/00117,551,1,2023-10-17,2023,10,chargesheeted,Complaint received regarding theft of cash worth Rs.147364.,70.0,Female,2,16.755237371506222,75.78126984844852,0,0,1
4839,FIR/2022/KA17/00087,755,13,2022-08-11,2022,8,chargesheeted,FIR registered for Criminal Breach of Trust at Ravel Road.,75.0,Other,2,14.200046596289793,76.41016116538133,0,1,1
4840,FIR/2024/KA29/00092,1108,29,2024-05-10,2024,5,under_investigation,FIR registered for Mischief at Gour Chowk.,52.0,Other,1,14.512653905996943,75.8902540804217,0,0,0
4841,FIR/2024/KA01/02502,148,2,2024-01-19,2024,1,under_investigation,FIR registered for House Breaking & Theft at Lad Ganj.,27.0,Female,3,13.102703310379177,77.5237988981477,0,0,0
4842,FIR/2023/KA04/00130,246,28,2023-09-18,2023,9,pending_trial,FIR registered for Criminal Trespass at Sarna.,35.0,Female,3,15.878101598972535,74.48081674294814,0,0,1
4843,FIR/2023/KA01/02503,121,31,2023-04-03,2023,4,under_investigation,FIR registered for Criminal Intimidation at Dasgupta.,61.0,Male,5,13.105113927704322,77.67646727673677,0,0,0
4844,FIR/2023/KA01/02504,51,3,2023-10-08,2023,10,chargesheeted,Complainant robbed at Dhingra Marg by 1 armed persons.,27.0,Male,1,12.935940761945952,77.59478274679672,0,0,1
4845,FIR/2023/KA01/02505,16,13,2023-06-21,2023,6,under_investigation,FIR registered for Criminal Breach of Trust at Goyal Nagar.,,Female,5,13.00716652277328,77.62032723544105,0,1,0
4846,FIR/2024/KA14/00100,650,11,2024-02-23,2024,2,under_investigation,FIR registered for Kidnapping & Abduction at Khosla Street.,18.0,Other,4,15.599354350854666,75.06316156125227,0,0,0
4847,FIR/2022/KA01/02506,65,17,2022-10-02,2022,10,closed,FIR registered for Cyber Crime - Identity Theft at Vaidya Street.,45.0,Male,4,12.970614814164799,77.47206942330514,1,0,1
4848,FIR/2024/KA12/00118,571,31,2024-08-17,2024,8,closed,FIR registered for Criminal Intimidation at Iyer Circle.,34.0,Other,3,16.931228471624898,75.60760062025804,0,0,1
4849,FIR/2024/KA05/00138,283,14,2024-04-03,2024,4,closed,FIR registered for Forgery at Srinivasan Chowk.,52.0,Other,3,17.255772066414337,76.86585624642377,0,1,1
4850,FIR/2023/KA27/00154,1013,31,2023-12-14,2023,12,pending_trial,FIR registered for Criminal Intimidation at Mann Road.,53.0,Female,5,16.057982888826,75.65650983661712,0,0,1
4851,FIR/2022/KA30/00045,1123,2,2022-12-09,2022,12,closed,FIR registered for House Breaking & Theft at Tailor Zila.,26.0,Female,2,15.169086970229008,76.576767643602,0,0,1
4852,FIR/2024/KA01/02507,32,8,2024-11-03,2024,11,under_investigation,Victim reported sexual assault incident at Maharaj Path. Medical examination conducted.,28.0,Other,2,12.881455413678761,77.59651425058921,0,0,0
4853,FIR/2024/KA20/00109,822,26,2024-05-04,2024,5,under_investigation,FIR registered for Riots at Raju Marg.,46.0,Male,4,12.432167751537683,76.78903818487342,0,0,0
4854,FIR/2023/KA03/00052,205,22,2023-11-24,2023,11,pending_trial,FIR registered for POCSO Act at Shetty Zila.,63.0,Female,3,12.16731512838892,76.73426236635687,0,0,1
4855,FIR/2024/KA19/00013,797,21,2024-06-21,2024,6,chargesheeted,FIR registered for Dowry Prohibition Act at Sandal Marg.,25.0,Female,4,12.305758580559738,75.8723019706259,0,0,1
4856,FIR/2022/KA04/00131,252,29,2022-04-04,2022,4,chargesheeted,FIR registered for Mischief at Bala Street.,36.0,Female,5,15.824116268953079,74.4898321433915,0,0,1
4857,FIR/2023/KA01/02508,137,26,2023-04-19,2023,4,pending_trial,FIR registered for Riots at Shankar Road.,31.0,Other,1,13.084617210266996,77.61807864607088,0,0,1
4858,FIR/2023/KA23/00049,908,11,2023-01-07,2023,1,closed,FIR registered for Kidnapping & Abduction at Ramachandran Zila.,48.0,Male,4,12.662001172933953,77.20114282076331,0,0,1
4859,FIR/2023/KA23/00050,907,13,2023-08-12,2023,8,registered,FIR registered for Criminal Breach of Trust at Mitter Nagar.,42.0,Female,2,12.740632730494111,77.20051083084064,0,1,0
4860,FIR/2024/KA01/02509,120,8,2024-04-18,2024,4,closed,Victim reported sexual assault incident at Saxena Nagar. Medical examination conducted.,45.0,Female,3,13.021181296223018,77.44600840294464,0,0,1
4861,FIR/2024/KA01/02510,43,29,2024-07-21,2024,7,chargesheeted,FIR registered for Mischief at Pant Nagar.,61.0,Other,1,13.122672997738622,77.63575067758102,0,0,1
4862,FIR/2023/KA01/02511,69,22,2023-11-27,2023,11,under_investigation,FIR registered for POCSO Act at Sidhu Street.,55.0,Female,1,12.978054492095335,77.55509925912396,0,0,0
4863,FIR/2023/KA01/02512,67,8,2023-02-17,2023,2,chargesheeted,Victim reported sexual assault incident at Malhotra Chowk. Medical examination conducted.,26.0,Male,2,12.962258738374906,77.72143677313584,0,0,1
4864,FIR/2023/KA11/00168,520,19,2023-03-24,2023,3,under_investigation,FIR registered for Cyber Crime - Phishing at Dutt Nagar.,40.0,Female,1,15.091699482870116,76.8610405498185,1,0,0
4865,FIR/2023/KA13/00109,630,24,2023-05-14,2023,5,under_investigation,FIR registered for NDPS Act at Tella Path.,36.0,Female,5,16.250449055518974,77.25950493299634,0,0,0
4866,FIR/2024/KA14/00101,664,10,2024-06-19,2024,6,chargesheeted,FIR registered for Sexual Harassment at Kade Circle.,30.0,Other,1,15.369827788857032,75.14971857447271,0,0,1
4867,FIR/2023/KA08/00096,387,27,2023-01-24,2023,1,under_investigation,FIR registered for Hurt/Grievous Hurt at Vohra Path.,45.0,Male,2,12.951398780978963,75.99271293018963,0,0,0
4868,FIR/2023/KA01/02513,79,16,2023-02-14,2023,2,registered,Victim lost Rs.32893 through online fraud/UPI scam.,75.0,Female,1,12.863990823367569,77.54781745583965,1,0,0
4869,FIR/2024/KA11/00169,517,14,2024-04-05,2024,4,closed,FIR registered for Forgery at Ghosh Zila.,35.0,Male,4,15.141910675349964,77.04325452720987,0,1,1
4870,FIR/2022/KA10/00176,491,22,2022-11-24,2022,11,under_investigation,FIR registered for POCSO Act at Pandey Street.,43.0,Other,3,13.28488440190018,77.16394469374285,0,0,0
4871,FIR/2024/KA29/00093,1107,28,2024-02-09,2024,2,under_investigation,FIR registered for Criminal Trespass at Nori.,,Male,1,14.44732410260917,75.93307511858464,0,0,0
4872,FIR/2022/KA01/02514,119,16,2022-08-09,2022,8,under_investigation,Victim lost Rs.147197 through online fraud/UPI scam.,19.0,Female,2,13.037409618289628,77.54692567971088,1,0,0
4873,FIR/2023/KA04/00132,256,2,2023-03-05,2023,3,under_investigation,FIR registered for House Breaking & Theft at Mitter Road.,45.0,Male,2,15.938088988448047,74.58591507696124,0,0,0
4874,FIR/2023/KA10/00177,453,12,2023-04-09,2023,4,under_investigation,Accused cheated complainant of Rs.184469 through false promises.,49.0,Female,3,13.338783787898482,77.15911757566283,0,1,0
4875,FIR/2024/KA21/00059,869,1,2024-07-03,2024,7,registered,Complaint received regarding theft of mobile phone worth Rs.23737.,56.0,Male,1,13.19212483811939,78.03502454813895,0,0,0
4876,FIR/2022/KA01/02515,62,1,2022-11-24,2022,11,under_investigation,Complaint received regarding theft of cash worth Rs.399346.,58.0,Male,3,13.037450072507594,77.49415491150917,0,0,0
4877,FIR/2024/KA13/00110,624,12,2024-05-02,2024,5,under_investigation,Accused cheated complainant of Rs.341669 through false promises.,75.0,Male,1,16.209385172971256,77.44350969121221,0,1,0
4878,FIR/2024/KA04/00133,233,1,2024-06-21,2024,6,under_investigation,Complaint received regarding theft of cash worth Rs.30082.,41.0,Female,3,15.987743114157823,74.43123848719017,0,0,0
4879,FIR/2022/KA01/02516,40,26,2022-12-07,2022,12,under_investigation,FIR registered for Riots at Naik Street.,49.0,Male,5,13.010759861694162,77.71889982947235,0,0,0
4880,FIR/2024/KA01/02517,124,25,2024-09-21,2024,9,under_investigation,FIR registered for Arms Act at Pall.,23.0,Male,5,13.016547766872796,77.76048717258078,0,0,0
4881,FIR/2022/KA01/02518,134,27,2022-11-10,2022,11,closed,FIR registered for Hurt/Grievous Hurt at Raval.,32.0,Male,4,13.102646152355142,77.63945626238583,0,0,1
4882,FIR/2022/KA16/00075,712,21,2022-08-02,2022,8,registered,FIR registered for Dowry Prohibition Act at Bath Zila.,49.0,Other,1,14.856447057595975,75.25967241608707,0,0,0
4883,FIR/2023/KA01/02519,109,1,2023-04-13,2023,4,registered,Complaint received regarding theft of gold chain worth Rs.419154.,,Female,5,12.86847018696231,77.64915989603128,0,0,0
4884,FIR/2024/KA01/02520,74,19,2024-09-05,2024,9,closed,FIR registered for Cyber Crime - Phishing at Char Ganj.,44.0,Other,5,12.93052198445595,77.46980299138663,1,0,1
4885,FIR/2023/KA01/02521,5,16,2023-01-14,2023,1,chargesheeted,Victim lost Rs.65727 through online fraud/UPI scam.,42.0,Male,5,12.966241527157612,77.57473190846578,1,0,1
4886,FIR/2023/KA25/00079,968,16,2023-02-03,2023,2,closed,Victim lost Rs.102974 through online fraud/UPI scam.,63.0,Male,4,17.795581488487798,77.59515389465624,1,0,1
4887,FIR/2022/KA01/02522,170,8,2022-04-12,2022,4,chargesheeted,Victim reported sexual assault incident at Khalsa Ganj. Medical examination conducted.,30.0,Other,4,12.952357117713237,77.67646373113139,0,0,1
4888,FIR/2023/KA01/02523,147,1,2023-10-28,2023,10,pending_trial,Complaint received regarding theft of two-wheeler worth Rs.267980.,24.0,Other,4,12.826989087609787,77.73078063692897,0,0,1
4889,FIR/2022/KA01/02524,111,16,2022-11-13,2022,11,chargesheeted,Victim lost Rs.136249 through online fraud/UPI scam.,69.0,Other,4,13.089169641642979,77.54246214222982,1,0,1
4890,FIR/2022/KA27/00155,1007,30,2022-03-06,2022,3,registered,FIR registered for Extortion at Bhatia Zila.,39.0,Other,2,16.058590824845208,75.65775000506538,0,0,0
4891,FIR/2022/KA01/02525,124,18,2022-06-18,2022,6,registered,FIR registered for Cyber Crime - Hacking at Krishna.,58.0,Male,3,13.031652611018254,77.74565222713782,1,0,0
4892,FIR/2024/KA01/02526,128,6,2024-12-28,2024,12,closed,FIR registered for Attempt to Murder at Barad Zila.,36.0,Other,5,12.885371896943957,77.61931571033217,0,0,1
4893,FIR/2023/KA20/00110,822,17,2023-10-27,2023,10,closed,FIR registered for Cyber Crime - Identity Theft at Sathe Zila.,72.0,Female,5,12.443574983636887,76.77578924933596,1,0,1
4894,FIR/2024/KA27/00156,1003,33,2024-08-19,2024,8,closed,FIR registered for Road Accident Death at Balan Path.,23.0,Female,4,16.0719360625394,75.80954106612344,0,0,1
4895,FIR/2024/KA01/02527,45,2,2024-08-22,2024,8,under_investigation,FIR registered for House Breaking & Theft at Nagi Street.,,Male,4,13.01296191663634,77.51110415299381,0,0,0
4896,FIR/2022/KA04/00134,261,1,2022-08-10,2022,8,under_investigation,Complaint received regarding theft of gold chain worth Rs.60304.,22.0,Other,3,15.814711451933999,74.36735462050878,0,0,0
4897,FIR/2023/KA23/00051,905,28,2023-01-01,2023,1,closed,FIR registered for Criminal Trespass at Deol Marg.,,Other,2,12.70150347853441,77.15244546104829,0,0,1
4898,FIR/2024/KA23/00052,914,18,2024-09-19,2024,9,registered,FIR registered for Cyber Crime - Hacking at Iyengar.,75.0,Male,5,12.73487359764914,77.42333501377811,1,0,0
4899,FIR/2023/KA01/02528,154,1,2023-11-18,2023,11,closed,Complaint received regarding theft of mobile phone worth Rs.309203.,49.0,Male,3,13.027647530598225,77.47320301433953,0,0,1
4900,FIR/2022/KA01/02529,164,16,2022-12-14,2022,12,pending_trial,Victim lost Rs.202875 through online fraud/UPI scam.,65.0,Female,4,12.907713017697038,77.59542052168544,1,0,1
4901,FIR/2022/KA30/00046,1124,5,2022-06-23,2022,6,chargesheeted,Dead body found at Kar Road. Prima facie case of murder registered.,57.0,Female,3,15.341108479727973,76.40289285070064,0,0,1
4902,FIR/2023/KA04/00135,236,16,2023-11-19,2023,11,under_investigation,Victim lost Rs.246899 through online fraud/UPI scam.,62.0,Other,5,15.944313187551657,74.44183528681198,1,0,0
4903,FIR/2023/KA13/00111,636,16,2023-04-08,2023,4,pending_trial,Victim lost Rs.446879 through online fraud/UPI scam.,25.0,Other,4,16.191054674103693,77.33761633507335,1,0,1
4904,FIR/2023/KA12/00119,555,1,2023-10-13,2023,10,chargesheeted,Complaint received regarding theft of mobile phone worth Rs.76101.,61.0,Other,5,16.93005419233782,75.57388022965986,0,0,1
4905,FIR/2023/KA23/00053,892,1,2023-10-28,2023,10,chargesheeted,Complaint received regarding theft of two-wheeler worth Rs.387052.,61.0,Male,5,12.668166017166275,77.37472514789773,0,0,1
4906,FIR/2023/KA27/00157,995,11,2023-07-12,2023,7,chargesheeted,FIR registered for Kidnapping & Abduction at Jani Zila.,56.0,Female,4,16.289496321463556,75.7615431475431,0,0,1
4907,FIR/2022/KA29/00094,1102,2,2022-08-16,2022,8,chargesheeted,FIR registered for House Breaking & Theft at Dey Nagar.,,Female,3,14.40162875054871,76.04471453345498,0,0,1
4908,FIR/2023/KA20/00111,835,28,2023-09-05,2023,9,under_investigation,FIR registered for Criminal Trespass at Parsa Nagar.,75.0,Male,5,12.39258514657755,76.89266104700313,0,0,0
4909,FIR/2024/KA03/00053,205,27,2024-05-23,2024,5,under_investigation,FIR registered for Hurt/Grievous Hurt at Bora Marg.,43.0,Female,4,12.13995788914882,76.70611637126922,0,0,0
4910,FIR/2023/KA01/02530,96,1,2023-09-12,2023,9,under_investigation,Complaint received regarding theft of laptop worth Rs.6583.,47.0,Male,2,13.050429388559982,77.69471118953032,0,0,0
4911,FIR/2024/KA20/00112,834,30,2024-11-11,2024,11,chargesheeted,FIR registered for Extortion at Taneja Circle.,50.0,Other,1,12.667436454284069,77.0546873403389,0,0,1
4912,FIR/2023/KA22/00031,879,17,2023-11-06,2023,11,chargesheeted,FIR registered for Cyber Crime - Identity Theft at Johal Ganj.,66.0,Male,1,13.471455697642632,77.78724318592431,1,0,1
4913,FIR/2023/KA14/00102,641,24,2023-08-27,2023,8,chargesheeted,FIR registered for NDPS Act at Som.,61.0,Other,1,15.550545274782479,74.96321793422227,0,0,1
4914,FIR/2023/KA01/02531,32,33,2023-11-21,2023,11,under_investigation,FIR registered for Road Accident Death at Pandey Circle.,23.0,Other,4,12.893028276666199,77.60877838885108,0,0,0
4915,FIR/2024/KA01/02532,131,19,2024-01-21,2024,1,chargesheeted,FIR registered for Cyber Crime - Phishing at Devi Path.,25.0,Other,4,12.855952111293341,77.4761832208544,1,0,1
4916,FIR/2023/KA01/02533,76,27,2023-10-17,2023,10,chargesheeted,FIR registered for Hurt/Grievous Hurt at Sarna Zila.,45.0,Female,1,13.135552891157923,77.67675446058523,0,0,1
4917,FIR/2024/KA01/02534,67,12,2024-07-05,2024,7,chargesheeted,Accused cheated complainant of Rs.243631 through false promises.,50.0,Other,4,12.929291112072839,77.73366815921823,0,1,1
4918,FIR/2024/KA29/00095,1074,27,2024-01-03,2024,1,closed,FIR registered for Hurt/Grievous Hurt at Brar Zila.,72.0,Female,4,14.51374185018142,75.82468096077112,0,0,1
4919,FIR/2023/KA01/02535,51,1,2023-10-03,2023,10,chargesheeted,Complaint received regarding theft of mobile phone worth Rs.248671.,,Female,5,12.951564750110776,77.58865024545821,0,0,1
4920,FIR/2024/KA01/02536,105,27,2024-12-02,2024,12,chargesheeted,FIR registered for Hurt/Grievous Hurt at Chaudhuri Road.,23.0,Male,1,13.06240618499233,77.50701589714379,0,0,1
4921,FIR/2023/KA29/00096,1083,6,2023-07-02,2023,7,under_investigation,FIR registered for Attempt to Murder at Tara Zila.,73.0,Other,1,14.474932270285464,75.84258455883082,0,0,0
4922,FIR/2023/KA01/02537,180,5,2023-08-23,2023,8,under_investigation,Dead body found at Behl Ganj. Prima facie case of murder registered.,40.0,Female,3,12.828361484140721,77.47322076278081,0,0,0
4923,FIR/2023/KA01/02538,159,13,2023-03-08,2023,3,closed,FIR registered for Criminal Breach of Trust at Zachariah.,66.0,Female,5,12.836746999641461,77.73907120505747,0,1,1
4924,FIR/2023/KA01/02539,7,16,2023-07-07,2023,7,registered,Victim lost Rs.205197 through online fraud/UPI scam.,44.0,Other,3,12.905319862101917,77.5025049566626,1,0,0
4925,FIR/2022/KA01/02540,1,9,2022-01-15,2022,1,pending_trial,FIR registered for Assault on Women at Mann Ganj.,69.0,Female,1,13.026637049493377,77.52073432589329,0,0,1
4926,FIR/2023/KA01/02541,142,1,2023-07-12,2023,7,under_investigation,Complaint received regarding theft of gold chain worth Rs.246712.,59.0,Female,5,13.017580118907743,77.48210805174533,0,0,0
4927,FIR/2024/KA11/00170,510,19,2024-11-16,2024,11,chargesheeted,FIR registered for Cyber Crime - Phishing at Bir Path.,37.0,Female,2,15.252742467906302,76.81248986016425,1,0,1
4928,FIR/2024/KA01/02542,163,16,2024-09-14,2024,9,under_investigation,Victim lost Rs.38988 through online fraud/UPI scam.,19.0,Other,1,12.908865115465607,77.68796739503391,1,0,0
4929,FIR/2023/KA01/02543,154,22,2023-06-24,2023,6,closed,FIR registered for POCSO Act at Warrior Zila.,42.0,Male,5,13.022240658668832,77.47584388628432,0,0,1
4930,FIR/2022/KA01/02544,150,25,2022-11-24,2022,11,under_investigation,FIR registered for Arms Act at Khurana.,47.0,Male,1,12.868370539791592,77.65916829050191,0,0,0
4931,FIR/2023/KA01/02545,122,3,2023-10-04,2023,10,closed,Complainant robbed at Tella Circle by 3 armed persons.,33.0,Other,3,13.119243779134765,77.60844002195128,0,0,1
4932,FIR/2024/KA01/02546,83,17,2024-12-20,2024,12,chargesheeted,FIR registered for Cyber Crime - Identity Theft at Rastogi Road.,41.0,Male,5,12.844648594242638,77.73386668245304,1,0,1
4933,FIR/2024/KA14/00103,663,12,2024-04-08,2024,4,chargesheeted,Accused cheated complainant of Rs.350408 through false promises.,69.0,Female,2,15.308389239664594,74.98059269745757,0,1,1
4934,FIR/2024/KA06/00110,338,12,2024-03-28,2024,3,chargesheeted,Accused cheated complainant of Rs.261690 through false promises.,62.0,Other,2,12.874285407097899,74.82506529026064,0,1,1
4935,FIR/2022/KA12/00120,564,24,2022-12-04,2022,12,under_investigation,FIR registered for NDPS Act at Sinha.,73.0,Male,5,16.792866990168196,75.69715991930563,0,0,0
4936,FIR/2023/KA01/02547,168,28,2023-11-20,2023,11,under_investigation,FIR registered for Criminal Trespass at Balan Road.,23.0,Female,4,12.984336239719612,77.60686740610507,0,0,0
4937,FIR/2024/KA10/00178,498,17,2024-10-14,2024,10,registered,FIR registered for Cyber Crime - Identity Theft at Nigam Nagar.,,Male,5,13.4891988611647,77.1821846698839,1,0,0
4938,FIR/2022/KA01/02548,103,17,2022-04-08,2022,4,pending_trial,FIR registered for Cyber Crime - Identity Theft at Lal Marg.,31.0,Female,2,12.861916725952193,77.4528496505673,1,0,1
4939,FIR/2022/KA11/00171,507,23,2022-06-14,2022,6,under_investigation,FIR registered for Domestic Violence at Natt Ganj.,63.0,Female,3,14.998876253855759,76.94185321136747,0,0,0
4940,FIR/2022/KA10/00179,488,12,2022-05-23,2022,5,pending_trial,Accused cheated complainant of Rs.306209 through false promises.,68.0,Female,4,13.300136301703706,77.08819261038026,0,1,1
4941,FIR/2023/KA01/02549,151,2,2023-09-06,2023,9,chargesheeted,FIR registered for House Breaking & Theft at Narayan Ganj.,,Other,2,12.994977011675546,77.72916662730319,0,0,1
4942,FIR/2024/KA01/02550,138,24,2024-03-27,2024,3,pending_trial,FIR registered for NDPS Act at Keer Nagar.,49.0,Male,2,13.003503392074865,77.52489298235207,0,0,1
4943,FIR/2024/KA07/00045,368,1,2024-05-21,2024,5,closed,Complaint received regarding theft of laptop worth Rs.465403.,63.0,Male,2,13.436995562675433,74.66802208544749,0,0,1
4944,FIR/2024/KA11/00172,501,1,2024-05-06,2024,5,closed,Complaint received regarding theft of two-wheeler worth Rs.242500.,65.0,Male,2,15.269610222516112,76.77927011030984,0,0,1
4945,FIR/2023/KA01/02551,72,17,2023-06-05,2023,6,pending_trial,FIR registered for Cyber Crime - Identity Theft at Bobal Path.,57.0,Male,3,12.814721569517136,77.62226931835717,1,0,1
4946,FIR/2023/KA01/02552,151,29,2023-02-15,2023,2,under_investigation,FIR registered for Mischief at Buch Marg.,,Female,4,13.006816827057943,77.74042914284352,0,0,0
4947,FIR/2024/KA01/02553,28,35,2024-01-13,2024,1,chargesheeted,FIR registered for SC/ST Atrocities Act at Srinivas Circle.,55.0,Male,2,13.111159399609,77.61676715966982,0,0,1
4948,FIR/2022/KA11/00173,499,13,2022-11-18,2022,11,closed,FIR registered for Criminal Breach of Trust at Madan Street.,55.0,Female,3,15.209149602330791,76.89544770242443,0,1,1
4949,FIR/2022/KA14/00104,671,1,2022-11-23,2022,11,chargesheeted,Complaint received regarding theft of laptop worth Rs.171794.,63.0,Other,1,15.428393561745835,74.92367420055892,0,0,1
4950,FIR/2022/KA04/00136,254,2,2022-01-14,2022,1,under_investigation,FIR registered for House Breaking & Theft at Taneja Nagar.,45.0,Male,2,15.974134095813739,74.53297657536274,0,0,0
4951,FIR/2022/KA01/02554,152,1,2022-08-15,2022,8,pending_trial,Complaint received regarding theft of gold chain worth Rs.326195.,48.0,Male,3,13.068109744935727,77.7373946246081,0,0,1
4952,FIR/2024/KA01/02555,28,2,2024-03-14,2024,3,under_investigation,FIR registered for House Breaking & Theft at Sankar Path.,,Female,5,13.105776367176574,77.5853872989085,0,0,0
4953,FIR/2023/KA16/00076,716,13,2023-09-28,2023,9,registered,FIR registered for Criminal Breach of Trust at Mitter Chowk.,72.0,Male,5,14.907488460886723,75.52788419999935,0,1,0
4954,FIR/2022/KA01/02556,12,1,2022-03-02,2022,3,chargesheeted,Complaint received regarding theft of two-wheeler worth Rs.191865.,18.0,Other,5,13.023921745406897,77.44411482709228,0,0,1
4955,FIR/2023/KA04/00137,265,24,2023-11-12,2023,11,chargesheeted,FIR registered for NDPS Act at Bal Nagar.,64.0,Male,4,15.802854804883285,74.61206079772457,0,0,1
4956,FIR/2024/KA01/02557,141,1,2024-10-28,2024,10,pending_trial,Complaint received regarding theft of mobile phone worth Rs.92831.,,Male,2,13.102592016033409,77.6087443996429,0,0,1
4957,FIR/2023/KA01/02558,131,24,2023-03-28,2023,3,under_investigation,FIR registered for NDPS Act at Raghavan.,57.0,Other,3,12.86290758842387,77.47660252079606,0,0,0
4958,FIR/2024/KA12/00121,578,30,2024-01-08,2024,1,under_investigation,FIR registered for Extortion at Subramaniam Nagar.,72.0,Other,4,16.798134274974416,75.61308336684982,0,0,0
4959,FIR/2022/KA04/00138,250,16,2022-04-16,2022,4,closed,Victim lost Rs.262278 through online fraud/UPI scam.,21.0,Female,5,15.796480509559041,74.51571945064414,1,0,1
4960,FIR/2022/KA27/00158,1013,13,2022-01-17,2022,1,chargesheeted,FIR registered for Criminal Breach of Trust at Dass Marg.,28.0,Other,1,16.07267618425994,75.63635365770259,0,1,1
4961,FIR/2023/KA01/02559,156,1,2023-06-03,2023,6,closed,Complaint received regarding theft of two-wheeler worth Rs.343751.,20.0,Male,5,13.005058214144942,77.48966189738248,0,0,1
4962,FIR/2022/KA05/00139,290,10,2022-12-10,2022,12,chargesheeted,FIR registered for Sexual Harassment at Devi Circle.,55.0,Male,2,17.412459222074897,76.87426896441588,0,0,1
4963,FIR/2024/KA27/00159,1027,25,2024-09-24,2024,9,chargesheeted,FIR registered for Arms Act at Sarma Zila.,69.0,Other,1,16.23673057446005,75.7447036396983,0,0,1
4964,FIR/2023/KA01/02560,132,25,2023-10-19,2023,10,under_investigation,FIR registered for Arms Act at Pillai Zila.,32.0,Other,2,13.052958702828757,77.48111912769852,0,0,0
4965,FIR/2023/KA01/02561,73,1,2023-12-15,2023,12,chargesheeted,Complaint received regarding theft of laptop worth Rs.334624.,,Female,2,12.855956118283352,77.51783241164952,0,0,1
4966,FIR/2022/KA01/02562,50,7,2022-10-23,2022,10,closed,FIR registered for Culpable Homicide at Sarkar Path.,23.0,Other,3,12.941290676143497,77.48767953278083,0,0,1
4967,FIR/2023/KA01/02563,159,13,2023-08-02,2023,8,registered,FIR registered for Criminal Breach of Trust at Khanna Nagar.,63.0,Other,1,12.842549205149682,77.72038226876681,0,1,0
4968,FIR/2024/KA05/00140,304,2,2024-07-27,2024,7,under_investigation,FIR registered for House Breaking & Theft at Chanda Ganj.,48.0,Male,2,17.298357251138626,76.90213860710884,0,0,0
4969,FIR/2024/KA01/02564,120,17,2024-11-03,2024,11,under_investigation,FIR registered for Cyber Crime - Identity Theft at Anne.,70.0,Male,3,13.025085340927733,77.44794181562301,1,0,0
4970,FIR/2023/KA23/00054,908,27,2023-01-13,2023,1,under_investigation,FIR registered for Hurt/Grievous Hurt at Sachar Ganj.,25.0,Male,5,12.68477890340454,77.2184718809336,0,0,0
4971,FIR/2024/KA01/02565,140,16,2024-06-20,2024,6,under_investigation,Victim lost Rs.332135 through online fraud/UPI scam.,42.0,Female,5,12.93632709717202,77.49314746889081,1,0,0
4972,FIR/2023/KA22/00032,874,1,2023-04-13,2023,4,chargesheeted,Complaint received regarding theft of laptop worth Rs.165155.,23.0,Male,4,13.425883899107415,77.60688782139518,0,0,1
4973,FIR/2023/KA14/00105,644,12,2023-12-01,2023,12,chargesheeted,Accused cheated complainant of Rs.291689 through false promises.,70.0,Male,1,15.387678978131373,75.08702666012478,0,1,1
4974,FIR/2024/KA01/02566,148,18,2024-03-06,2024,3,under_investigation,FIR registered for Cyber Crime - Hacking at Date Nagar.,67.0,Female,5,13.119405361545933,77.49697752019938,1,0,0
4975,FIR/2022/KA01/02567,177,3,2022-11-17,2022,11,chargesheeted,Complainant robbed at Gole Chowk by 4 armed persons.,60.0,Female,3,13.021578353391304,77.7355873134555,0,0,1
4976,FIR/2023/KA01/02568,16,16,2023-02-12,2023,2,under_investigation,Victim lost Rs.215085 through online fraud/UPI scam.,75.0,Male,3,13.010698417627111,77.63588722732705,1,0,0
4977,FIR/2024/KA01/02569,74,22,2024-09-20,2024,9,under_investigation,FIR registered for POCSO Act at Palla Path.,,Male,5,12.94144035981866,77.44657537072729,0,0,0
4978,FIR/2024/KA01/02570,93,10,2024-01-14,2024,1,chargesheeted,FIR registered for Sexual Harassment at Konda.,62.0,Male,2,13.098196092531763,77.70749720362876,0,0,1
4979,FIR/2023/KA01/02571,135,25,2023-04-03,2023,4,under_investigation,FIR registered for Arms Act at Dayal Road.,42.0,Female,1,13.096287081285091,77.63074594711136,0,0,0
4980,FIR/2024/KA14/00106,676,25,2024-04-23,2024,4,registered,FIR registered for Arms Act at Rao.,54.0,Other,1,15.355303230278246,74.89038340982904,0,0,0
4981,FIR/2023/KA20/00113,826,33,2023-01-17,2023,1,under_investigation,FIR registered for Road Accident Death at Das Chowk.,,Male,4,12.659330883700326,76.858560021803,0,0,0
4982,FIR/2024/KA01/02572,86,12,2024-01-26,2024,1,closed,Accused cheated complainant of Rs.322356 through false promises.,19.0,Other,4,13.065105418356639,77.6283259277786,0,1,1
4983,FIR/2022/KA10/00180,456,2,2022-05-19,2022,5,under_investigation,FIR registered for House Breaking & Theft at Jha Road.,23.0,Other,3,13.330295509398175,77.09956542462713,0,0,0
4984,FIR/2023/KA10/00181,497,6,2023-07-24,2023,7,chargesheeted,FIR registered for Attempt to Murder at Parikh Chowk.,47.0,Other,1,13.41411795230358,77.0568704711881,0,0,1
4985,FIR/2022/KA12/00122,591,17,2022-07-17,2022,7,chargesheeted,FIR registered for Cyber Crime - Identity Theft at Sawhney Ganj.,69.0,Other,5,16.978683393608062,75.78019523891426,1,0,1
4986,FIR/2022/KA01/02573,67,3,2022-12-21,2022,12,chargesheeted,Complainant robbed at Peri Road by 1 armed persons.,20.0,Other,2,12.923648133503237,77.73217858558576,0,0,1
4987,FIR/2022/KA05/00141,296,16,2022-09-04,2022,9,chargesheeted,Victim lost Rs.72412 through online fraud/UPI scam.,29.0,Female,3,17.32429191853806,76.71845986565314,1,0,1
4988,FIR/2024/KA01/02574,25,2,2024-02-21,2024,2,closed,FIR registered for House Breaking & Theft at Vyas Ganj.,46.0,Female,4,13.1047380338777,77.48060412716009,0,0,1
4989,FIR/2024/KA01/02575,169,28,2024-02-18,2024,2,registered,FIR registered for Criminal Trespass at Nagar Road.,34.0,Female,4,13.035011436001536,77.59916909595432,0,0,0
4990,FIR/2022/KA02/00040,196,22,2022-01-02,2022,1,under_investigation,FIR registered for POCSO Act at Thakur Circle.,74.0,Female,3,13.316750201214214,77.47169102057391,0,0,0
4991,FIR/2024/KA11/00174,504,8,2024-05-10,2024,5,closed,Victim reported sexual assault incident at Bhagat Zila. Medical examination conducted.,69.0,Female,1,15.215470431806251,76.8257356571693,0,0,1
4992,FIR/2022/KA01/02576,31,25,2022-10-28,2022,10,pending_trial,FIR registered for Arms Act at Roy Path.,60.0,Other,3,12.933152060624574,77.59585446457919,0,0,1
4993,FIR/2024/KA22/00033,884,9,2024-01-11,2024,1,under_investigation,FIR registered for Assault on Women at Sunder.,65.0,Female,2,13.38877421096871,77.80145715463273,0,0,0
4994,FIR/2024/KA01/02577,175,12,2024-04-18,2024,4,pending_trial,Accused cheated complainant of Rs.244469 through false promises.,74.0,Other,1,12.877674498528444,77.47661396173287,0,1,1
4995,FIR/2024/KA27/00160,1034,1,2024-12-13,2024,12,chargesheeted,Complaint received regarding theft of two-wheeler worth Rs.448993.,29.0,Male,2,16.252649492070486,75.75268534860562,0,0,1
4996,FIR/2023/KA07/00046,374,27,2023-06-16,2023,6,chargesheeted,FIR registered for Hurt/Grievous Hurt at Kashyap Circle.,40.0,Other,1,13.3779077047547,74.64859749406166,0,0,1
4997,FIR/2023/KA01/02578,170,28,2023-06-25,2023,6,registered,FIR registered for Criminal Trespass at Kade Road.,38.0,Male,5,12.961288386948267,77.65861603184295,0,0,0
4998,FIR/2022/KA04/00139,250,1,2022-02-19,2022,2,under_investigation,Complaint received regarding theft of two-wheeler worth Rs.245921.,44.0,Female,2,15.791622688007516,74.54028401583363,0,0,0
4999,FIR/2023/KA09/00077,439,23,2023-11-08,2023,11,under_investigation,FIR registered for Domestic Violence at Banik Street.,58.0,Female,2,14.009927420035558,75.56954146620173,0,0,0
5000,FIR/2023/KA01/02579,52,13,2023-09-03,2023,9,closed,FIR registered for Criminal Breach of Trust at Sarraf Ganj.,,Female,3,13.035147224919482,77.65145703413044,0,1,1
5001,FIR/2024/KA01/02580,178,28,2024-01-03,2024,1,chargesheeted,FIR registered for Criminal Trespass at Comar Chowk.,67.0,Male,1,13.097814276485344,77.68736081781002,0,0,1
5002,FIR/2023/KA01/02581,31,29,2023-11-08,2023,11,registered,FIR registered for Mischief at Tara Nagar.,,Female,1,12.953811716026097,77.59155812465058,0,0,0
5003,FIR/2024/KA12/00123,587,1,2024-12-26,2024,12,under_investigation,Complaint received regarding theft of two-wheeler worth Rs.64345.,36.0,Other,5,16.915474843684834,75.86395733509693,0,0,0
5004,FIR/2022/KA01/02582,85,12,2022-03-27,2022,3,pending_trial,Accused cheated complainant of Rs.467314 through false promises.,61.0,Male,5,13.095460598621049,77.66925122132076,0,1,1
5005,FIR/2022/KA01/02583,55,1,2022-04-08,2022,4,under_investigation,Complaint received regarding theft of cash worth Rs.83994.,70.0,Other,5,12.893140309354012,77.71613375401714,0,0,0
5006,FIR/2022/KA01/02584,36,22,2022-09-15,2022,9,closed,FIR registered for POCSO Act at Mallick Nagar.,31.0,Other,1,12.956481676476344,77.4634629335025,0,0,1
5007,FIR/2024/KA08/00097,392,1,2024-02-14,2024,2,closed,Complaint received regarding theft of cash worth Rs.378773.,24.0,Other,2,12.99894968682426,76.16239921232409,0,0,1
5008,FIR/2023/KA27/00161,1008,3,2023-12-27,2023,12,closed,Complainant robbed at Bahl Chowk by 4 armed persons.,69.0,Other,1,16.205995991866423,75.81683883101809,0,0,1
5009,FIR/2023/KA01/02585,11,33,2023-06-04,2023,6,under_investigation,FIR registered for Road Accident Death at Rajagopalan Marg.,62.0,Male,3,12.9908006736485,77.71629268159661,0,0,0
5010,FIR/2022/KA01/02586,16,10,2022-08-19,2022,8,chargesheeted,FIR registered for Sexual Harassment at Basu Chowk.,62.0,Other,3,13.021190983486445,77.64265012267776,0,0,1
5011,FIR/2023/KA01/02587,141,21,2023-07-24,2023,7,under_investigation,FIR registered for Dowry Prohibition Act at Jha Ganj.,30.0,Female,4,13.129148436843652,77.5889337209594,0,0,0
5012,FIR/2022/KA01/02588,138,1,2022-02-24,2022,2,under_investigation,Complaint received regarding theft of two-wheeler worth Rs.164944.,48.0,Other,3,12.987461649571436,77.52994249096112,0,0,0
5013,FIR/2022/KA01/02589,36,27,2022-08-11,2022,8,under_investigation,FIR registered for Hurt/Grievous Hurt at Walia Marg.,18.0,Male,2,12.955578622685358,77.49728127529927,0,0,0
5014,FIR/2022/KA06/00111,341,10,2022-03-08,2022,3,pending_trial,FIR registered for Sexual Harassment at Mody Nagar.,37.0,Male,2,12.814889750991046,74.72454558422183,0,0,1
5015,FIR/2023/KA09/00078,435,13,2023-12-12,2023,12,pending_trial,FIR registered for Criminal Breach of Trust at Pall Nagar.,28.0,Male,1,13.915275428081493,75.43984841327291,0,1,1
5016,FIR/2023/KA06/00112,337,14,2023-10-06,2023,10,chargesheeted,FIR registered for Forgery at Nayar Nagar.,44.0,Female,4,12.889457162680824,74.71462131890901,0,1,1
5017,FIR/2022/KA05/00142,287,21,2022-11-23,2022,11,chargesheeted,FIR registered for Dowry Prohibition Act at Kalita Road.,66.0,Other,2,17.432865401073965,76.66826272248129,0,0,1
5018,FIR/2022/KA01/02590,168,1,2022-10-28,2022,10,under_investigation,Complaint received regarding theft of gold chain worth Rs.210710.,,Female,2,12.994268988633726,77.58146074375895,0,0,0
5019,FIR/2024/KA05/00143,289,28,2024-10-11,2024,10,closed,FIR registered for Criminal Trespass at Saraf.,23.0,Male,2,17.379949332170565,76.69592080796573,0,0,1
5020,FIR/2023/KA01/02591,26,12,2023-04-16,2023,4,chargesheeted,Accused cheated complainant of Rs.76018 through false promises.,67.0,Other,2,12.848775810994416,77.49372860520084,0,1,1
5021,FIR/2024/KA01/02592,53,25,2024-12-20,2024,12,registered,FIR registered for Arms Act at Rama Zila.,35.0,Other,5,12.925166729020498,77.72025100881714,0,0,0
5022,FIR/2022/KA25/00080,946,1,2022-08-25,2022,8,pending_trial,Complaint received regarding theft of cash worth Rs.433397.,48.0,Female,3,17.95184474289338,77.38879412663762,0,0,1
5023,FIR/2024/KA17/00088,754,21,2024-10-06,2024,10,chargesheeted,FIR registered for Dowry Prohibition Act at Samra Chowk.,22.0,Male,3,14.286180957038084,76.27287531306553,0,0,1
5024,FIR/2023/KA01/02593,21,18,2023-08-09,2023,8,chargesheeted,FIR registered for Cyber Crime - Hacking at Venkataraman.,,Other,3,12.998915609174727,77.65859364540009,1,0,1
5025,FIR/2023/KA01/02594,13,16,2023-11-04,2023,11,chargesheeted,Victim lost Rs.90644 through online fraud/UPI scam.,35.0,Other,3,13.122540163559966,77.71312783834743,1,0,1
5026,FIR/2024/KA01/02595,69,8,2024-05-15,2024,5,closed,Victim reported sexual assault incident at Sibal Marg. Medical examination conducted.,68.0,Other,4,13.002300095640683,77.55115346704342,0,0,1
5027,FIR/2023/KA01/02596,168,28,2023-12-10,2023,12,under_investigation,FIR registered for Criminal Trespass at Deo Ganj.,58.0,Female,4,12.973954725736093,77.60930552273632,0,0,0
5028,FIR/2024/KA01/02597,96,31,2024-02-09,2024,2,under_investigation,FIR registered for Criminal Intimidation at Mand Nagar.,68.0,Other,1,13.058553737673018,77.72213820380135,0,0,0
5029,FIR/2022/KA01/02598,11,25,2022-03-15,2022,3,under_investigation,FIR registered for Arms Act at Chada Road.,67.0,Male,2,13.01952636560663,77.70429985520772,0,0,0
5030,FIR/2022/KA01/02599,10,8,2022-05-12,2022,5,closed,Victim reported sexual assault incident at Merchant Ganj. Medical examination conducted.,67.0,Male,2,13.111194622184275,77.57171457573051,0,0,1
5031,FIR/2024/KA17/00089,738,22,2024-01-27,2024,1,under_investigation,FIR registered for POCSO Act at Rana Path.,,Other,4,14.355242482958076,76.27724287568239,0,0,0
5032,FIR/2024/KA11/00175,537,12,2024-10-20,2024,10,chargesheeted,Accused cheated complainant of Rs.214890 through false promises.,63.0,Female,3,15.164244165251736,76.82418211518602,0,1,1
5033,FIR/2024/KA31/00027,1149,22,2024-10-04,2024,10,closed,FIR registered for POCSO Act at Luthra Path.,28.0,Other,5,11.94218958672543,77.00363839703577,0,0,1
5034,FIR/2024/KA27/00162,1017,1,2024-12-07,2024,12,closed,Complaint received regarding theft of gold chain worth Rs.11897.,50.0,Female,5,16.24301851400809,75.59884476473538,0,0,1
5035,FIR/2022/KA20/00114,818,4,2022-01-12,2022,1,registered,FIR registered for Dacoity at Mohanty Zila.,,Male,3,12.538675385307405,76.78615525375258,0,0,0
5036,FIR/2022/KA01/02600,181,22,2022-09-11,2022,9,under_investigation,FIR registered for POCSO Act at Nagi.,63.0,Female,2,12.866480586758506,77.7201598101488,0,0,0
5037,FIR/2023/KA06/00113,349,6,2023-03-10,2023,3,under_investigation,FIR registered for Attempt to Murder at Gola Road.,37.0,Female,3,12.783500388863475,74.97829862232994,0,0,0
5038,FIR/2023/KA01/02601,159,16,2023-06-03,2023,6,chargesheeted,Victim lost Rs.315782 through online fraud/UPI scam.,59.0,Male,1,12.845104116790889,77.72823308875108,1,0,1
5039,FIR/2022/KA01/02602,177,9,2022-04-08,2022,4,chargesheeted,FIR registered for Assault on Women at Sarraf Nagar.,18.0,Male,2,13.045193603129828,77.72317372960323,0,0,1
5040,FIR/2023/KA01/02603,17,2,2023-10-22,2023,10,closed,FIR registered for House Breaking & Theft at Shukla Nagar.,26.0,Male,3,12.910082865257333,77.57307983871267,0,0,1
5041,FIR/2022/KA14/00107,662,2,2022-09-19,2022,9,chargesheeted,FIR registered for House Breaking & Theft at Parmer Nagar.,29.0,Male,1,15.391169834873402,74.96605906692014,0,0,1
5042,FIR/2024/KA13/00112,595,9,2024-05-03,2024,5,closed,FIR registered for Assault on Women at Kamdar Chowk.,,Other,4,16.077151718364505,77.34401688633606,0,0,1
5043,FIR/2023/KA11/00176,541,10,2023-09-06,2023,9,chargesheeted,FIR registered for Sexual Harassment at Bhardwaj Marg.,21.0,Other,1,15.11483432370399,77.02026946814664,0,0,1
5044,FIR/2022/KA03/00054,231,1,2022-11-16,2022,11,chargesheeted,Complaint received regarding theft of gold chain worth Rs.367179.,44.0,Male,3,12.395852247018437,76.60913163680638,0,0,1
5045,FIR/2023/KA01/02604,64,25,2023-10-01,2023,10,closed,FIR registered for Arms Act at Murthy Road.,30.0,Male,1,12.825221780341296,77.6087228995866,0,0,1
5046,FIR/2023/KA01/02605,4,21,2023-11-07,2023,11,chargesheeted,FIR registered for Dowry Prohibition Act at Sastry Zila.,47.0,Male,4,12.82858380737003,77.49738140611616,0,0,1
5047,FIR/2023/KA02/00041,194,3,2023-07-10,2023,7,under_investigation,Complainant robbed at Kuruvilla Street by 1 armed persons.,29.0,Male,1,13.14347765872203,77.69196737961852,0,0,0
5048,FIR/2023/KA29/00097,1098,1,2023-06-25,2023,6,chargesheeted,Complaint received regarding theft of two-wheeler worth Rs.14861.,32.0,Male,1,14.46667797019746,76.03945797965463,0,0,1
5049,FIR/2023/KA01/02606,88,5,2023-12-24,2023,12,chargesheeted,Dead body found at Datta Chowk. Prima facie case of murder registered.,40.0,Female,1,12.819733224429223,77.56489482225845,0,0,1
5050,FIR/2022/KA17/00090,735,32,2022-10-10,2022,10,closed,FIR registered for Missing Person at Ghosh Ganj.,21.0,Female,2,14.147214840873152,76.266792620042,0,0,1
5051,FIR/2023/KA04/00140,264,19,2023-05-26,2023,5,chargesheeted,FIR registered for Cyber Crime - Phishing at Bawa Street.,70.0,Other,5,15.786025006914814,74.60357867414615,1,0,1
5052,FIR/2023/KA01/02607,156,2,2023-07-17,2023,7,chargesheeted,FIR registered for House Breaking & Theft at Contractor Ganj.,61.0,Female,2,13.002932422750618,77.47232086669489,0,0,1
5053,FIR/2024/KA01/02608,144,27,2024-05-24,2024,5,under_investigation,FIR registered for Hurt/Grievous Hurt at Gour Nagar.,45.0,Male,3,12.972735384994296,77.55646472776401,0,0,0
5054,FIR/2024/KA01/02609,49,1,2024-07-27,2024,7,closed,Complaint received regarding theft of two-wheeler worth Rs.347154.,,Other,2,12.992777059958518,77.57682899285216,0,0,1
5055,FIR/2022/KA04/00141,251,28,2022-03-01,2022,3,registered,FIR registered for Criminal Trespass at Nadig.,36.0,Male,4,15.90959897301035,74.50458150621354,0,0,0
5056,FIR/2024/KA04/00142,236,16,2024-10-15,2024,10,chargesheeted,Victim lost Rs.273749 through online fraud/UPI scam.,,Female,5,15.928935797039061,74.4112189558389,1,0,1
5057,FIR/2023/KA01/02610,36,5,2023-06-25,2023,6,chargesheeted,Dead body found at Lad Nagar. Prima facie case of murder registered.,70.0,Female,5,12.978466733309483,77.47906853759127,0,0,1
5058,FIR/2024/KA21/00060,847,33,2024-11-02,2024,11,under_investigation,FIR registered for Road Accident Death at Babu Road.,61.0,Other,5,13.280100946448314,78.25976014239609,0,0,0
5059,FIR/2022/KA28/00063,1059,1,2022-06-28,2022,6,closed,Complaint received regarding theft of gold chain worth Rs.371020.,71.0,Male,2,14.67910237239773,74.79036856474383,0,0,1
5060,FIR/2024/KA01/02611,53,11,2024-04-15,2024,4,chargesheeted,FIR registered for Kidnapping & Abduction at Keer Nagar.,51.0,Female,1,12.915717106339327,77.70220952709114,0,0,1
5061,FIR/2023/KA24/00037,919,2,2023-07-23,2023,7,under_investigation,FIR registered for House Breaking & Theft at Chopra Path.,59.0,Other,1,16.780299718681356,77.27753815741326,0,0,0
5062,FIR/2022/KA26/00031,976,13,2022-11-26,2022,11,chargesheeted,FIR registered for Criminal Breach of Trust at Tripathi Zila.,42.0,Female,4,15.346856536161441,76.20380900315241,0,1,1
5063,FIR/2023/KA01/02612,165,12,2023-04-25,2023,4,chargesheeted,Accused cheated complainant of Rs.390343 through false promises.,46.0,Other,3,13.017792617815482,77.54653603938647,0,1,1
5064,FIR/2024/KA01/02613,158,1,2024-08-04,2024,8,under_investigation,Complaint received regarding theft of two-wheeler worth Rs.213178.,63.0,Male,1,13.034157956804759,77.46060074526821,0,0,0
5065,FIR/2024/KA04/00143,265,14,2024-06-19,2024,6,closed,FIR registered for Forgery at Jani Ganj.,25.0,Female,5,15.787999061094286,74.60844660226358,0,1,1
5066,FIR/2024/KA01/02614,56,2,2024-03-11,2024,3,under_investigation,FIR registered for House Breaking & Theft at Prabhu Path.,23.0,Male,1,13.092471619704332,77.45505578845713,0,0,0
5067,FIR/2022/KA01/02615,94,27,2022-11-26,2022,11,pending_trial,FIR registered for Hurt/Grievous Hurt at Bora Marg.,54.0,Other,1,13.02277740387385,77.54149205349876,0,0,1
5068,FIR/2022/KA01/02616,12,16,2022-02-24,2022,2,under_investigation,Victim lost Rs.344187 through online fraud/UPI scam.,47.0,Female,5,13.016701754088892,77.4508796063295,1,0,0
5069,FIR/2024/KA13/00113,611,19,2024-08-19,2024,8,chargesheeted,FIR registered for Cyber Crime - Phishing at Bakshi Street.,30.0,Other,1,16.270719919402044,77.39282253511381,1,0,1
5070,FIR/2024/KA14/00108,657,2,2024-05-11,2024,5,closed,FIR registered for House Breaking & Theft at Parsa Path.,48.0,Other,1,15.540959973698284,75.01538002331134,0,0,1
5071,FIR/2024/KA09/00079,439,21,2024-08-02,2024,8,chargesheeted,FIR registered for Dowry Prohibition Act at Reddy Path.,64.0,Male,4,14.003317864514381,75.56235236223903,0,0,1
5072,FIR/2024/KA05/00144,307,13,2024-05-06,2024,5,chargesheeted,FIR registered for Criminal Breach of Trust at Singhal Path.,74.0,Male,3,17.23169074837713,76.70875858515292,0,1,1
5073,FIR/2023/KA01/02617,107,2,2023-07-13,2023,7,chargesheeted,FIR registered for House Breaking & Theft at Balasubramanian Road.,62.0,Male,5,12.857352505216218,77.69987566700831,0,0,1
5074,FIR/2022/KA01/02618,84,1,2022-04-23,2022,4,under_investigation,Complaint received regarding theft of cash worth Rs.344712.,50.0,Female,2,12.97542744050043,77.59186558462434,0,0,0
5075,FIR/2024/KA07/00047,372,12,2024-12-09,2024,12,under_investigation,Accused cheated complainant of Rs.235407 through false promises.,20.0,Other,2,13.242357081499806,74.84767019498145,0,1,0
5076,FIR/2023/KA01/02619,135,14,2023-12-07,2023,12,pending_trial,FIR registered for Forgery at Bal Street.,53.0,Female,3,13.06587405358665,77.6342321168232,0,1,1
5077,FIR/2024/KA10/00182,455,11,2024-08-17,2024,8,under_investigation,FIR registered for Kidnapping & Abduction at Kakar Zila.,63.0,Female,5,13.296002278599762,76.95724369538398,0,0,0
5078,FIR/2024/KA27/00163,1013,28,2024-11-10,2024,11,closed,FIR registered for Criminal Trespass at Vaidya Path.,47.0,Female,1,16.064870573933373,75.66749829890661,0,0,1
5079,FIR/2024/KA01/02620,162,16,2024-11-20,2024,11,under_investigation,Victim lost Rs.443567 through online fraud/UPI scam.,,Other,2,13.043957083504752,77.58476502371579,1,0,0
5080,FIR/2024/KA11/00177,515,29,2024-01-22,2024,1,registered,FIR registered for Mischief at Radhakrishnan Ganj.,44.0,Other,4,15.001409926703055,76.94387973041049,0,0,0
5081,FIR/2024/KA31/00028,1143,11,2024-11-09,2024,11,under_investigation,FIR registered for Kidnapping & Abduction at Bali.,27.0,Male,2,11.941011722816404,76.82070286556542,0,0,0
5082,FIR/2023/KA11/00178,517,22,2023-02-13,2023,2,chargesheeted,FIR registered for POCSO Act at Raj Street.,70.0,Male,2,15.146249723640986,77.03894715626397,0,0,1
5083,FIR/2022/KA14/00109,661,30,2022-03-16,2022,3,under_investigation,FIR registered for Extortion at Brahmbhatt Zila.,75.0,Female,1,15.414020029503785,74.88933483793838,0,0,0
5084,FIR/2024/KA08/00098,407,12,2024-11-22,2024,11,under_investigation,Accused cheated complainant of Rs.311240 through false promises.,60.0,Male,2,12.858926575261405,76.02426359104,0,1,0
5085,FIR/2023/KA01/02621,172,3,2023-03-06,2023,3,chargesheeted,Complainant robbed at Sahota by 4 armed persons.,55.0,Other,4,13.004031310167013,77.55563864807081,0,0,1
5086,FIR/2023/KA10/00183,459,1,2023-02-25,2023,2,chargesheeted,Complaint received regarding theft of two-wheeler worth Rs.81916.,32.0,Female,3,13.368022242131518,77.05397210592253,0,0,1
5087,FIR/2022/KA27/00164,1004,28,2022-03-03,2022,3,closed,FIR registered for Criminal Trespass at Behl Circle.,34.0,Female,2,16.202737319065,75.79192448236442,0,0,1
5088,FIR/2022/KA30/00047,1129,22,2022-01-28,2022,1,under_investigation,FIR registered for POCSO Act at Sodhi.,67.0,Female,2,15.380830922501298,76.47942412515998,0,0,0
5089,FIR/2024/KA01/02622,5,2,2024-10-22,2024,10,closed,FIR registered for House Breaking & Theft at Venkatesh Circle.,50.0,Female,1,12.94844234487749,77.59069460560677,0,0,1
5090,FIR/2024/KA01/02623,8,3,2024-08-27,2024,8,under_investigation,Complainant robbed at Nadig Chowk by 1 armed persons.,74.0,Male,4,12.85577373794354,77.48684420848373,0,0,0
5091,FIR/2024/KA06/00114,325,26,2024-09-08,2024,9,registered,FIR registered for Riots at Hayer Road.,65.0,Other,4,12.892393405186311,74.7855111672375,0,0,0
5092,FIR/2022/KA01/02624,19,29,2022-09-12,2022,9,chargesheeted,FIR registered for Mischief at Memon.,64.0,Other,3,13.050806289881852,77.45075582274362,0,0,1
5093,FIR/2022/KA05/00145,280,19,2022-04-11,2022,4,pending_trial,FIR registered for Cyber Crime - Phishing at Narasimhan Ganj.,55.0,Male,2,17.19937180834811,76.89893867930861,1,0,1
5094,FIR/2022/KA29/00098,1093,14,2022-12-19,2022,12,pending_trial,FIR registered for Forgery at Pathak Ganj.,56.0,Other,3,14.61188276683651,75.99091590525597,0,1,1
5095,FIR/2024/KA27/00165,1015,17,2024-02-20,2024,2,under_investigation,FIR registered for Cyber Crime - Identity Theft at Shah Ganj.,75.0,Male,4,16.29304103831243,75.62781058912407,1,0,0
5096,FIR/2022/KA04/00144,234,27,2022-05-18,2022,5,registered,FIR registered for Hurt/Grievous Hurt at D’Alia Path.,34.0,Other,2,15.841966822942778,74.49859392356237,0,0,0
5097,FIR/2022/KA01/02625,97,13,2022-02-28,2022,2,chargesheeted,FIR registered for Criminal Breach of Trust at Saxena Ganj.,23.0,Female,1,12.862084675966841,77.54092732099711,0,1,1
5098,FIR/2022/KA11/00179,529,12,2022-11-11,2022,11,under_investigation,Accused cheated complainant of Rs.243379 through false promises.,48.0,Male,3,15.24871424876688,76.87550771265443,0,1,0
5099,FIR/2024/KA01/02626,2,23,2024-08-23,2024,8,under_investigation,FIR registered for Domestic Violence at Pandey Zila.,49.0,Male,4,13.024138033622469,77.71192056283121,0,0,0
5100,FIR/2022/KA01/02627,142,17,2022-12-23,2022,12,chargesheeted,FIR registered for Cyber Crime - Identity Theft at Tiwari Circle.,66.0,Other,2,13.009264445982728,77.47683937638976,1,0,1
5101,FIR/2023/KA08/00099,401,1,2023-01-01,2023,1,chargesheeted,Complaint received regarding theft of two-wheeler worth Rs.163672.,48.0,Male,3,12.870347319265182,76.19435631935114,0,0,1
5102,FIR/2023/KA09/00080,444,32,2023-01-26,2023,1,under_investigation,FIR registered for Missing Person at Karpe Chowk.,72.0,Male,2,13.827208090532654,75.45478391445333,0,0,0
5103,FIR/2024/KA13/00114,624,18,2024-02-27,2024,2,pending_trial,FIR registered for Cyber Crime - Hacking at Sahota Chowk.,63.0,Other,3,16.2028608447914,77.40585753488766,1,0,1
5104,FIR/2024/KA01/02628,143,9,2024-05-18,2024,5,closed,FIR registered for Assault on Women at Dass Ganj.,54.0,Other,4,12.94924099114243,77.46745306419415,0,0,1
5105,FIR/2022/KA01/02629,18,1,2022-11-19,2022,11,under_investigation,Complaint received regarding theft of laptop worth Rs.280347.,27.0,Other,2,13.028901881373333,77.61970714016401,0,0,0
5106,FIR/2024/KA20/00115,804,1,2024-10-28,2024,10,chargesheeted,Complaint received regarding theft of two-wheeler worth Rs.463344.,44.0,Male,1,12.627691350919024,76.88596374332288,0,0,1
5107,FIR/2023/KA01/02630,162,1,2023-08-18,2023,8,under_investigation,Complaint received regarding theft of two-wheeler worth Rs.480947.,52.0,Male,4,13.057144005990564,77.60059442783887,0,0,0
5108,FIR/2024/KA01/02631,67,19,2024-05-18,2024,5,under_investigation,FIR registered for Cyber Crime - Phishing at Om Road.,52.0,Other,4,12.95660241399375,77.73984976758635,1,0,0
5109,FIR/2024/KA01/02632,175,1,2024-05-27,2024,5,under_investigation,Complaint received regarding theft of mobile phone worth Rs.67914.,,Male,3,12.869883930286438,77.46712510942565,0,0,0
5110,FIR/2024/KA20/00116,802,23,2024-03-11,2024,3,under_investigation,FIR registered for Domestic Violence at Rege Zila.,50.0,Other,1,12.455312148642042,76.86432586257071,0,0,0
5111,FIR/2023/KA01/02633,72,29,2023-09-10,2023,9,under_investigation,FIR registered for Mischief at Tiwari Marg.,64.0,Female,2,12.823786793218643,77.64720101415664,0,0,0
5112,FIR/2024/KA01/02634,5,28,2024-06-06,2024,6,under_investigation,FIR registered for Criminal Trespass at Talwar Street.,64.0,Other,2,12.937111328115536,77.59397425496643,0,0,0
5113,FIR/2022/KA10/00184,462,3,2022-12-09,2022,12,under_investigation,Complainant robbed at Gole Ganj by 4 armed persons.,73.0,Male,5,13.447940462659464,77.19352350637219,0,0,0
5114,FIR/2022/KA01/02635,168,30,2022-06-26,2022,6,chargesheeted,FIR registered for Extortion at Aurora Chowk.,59.0,Other,5,12.996353350947352,77.59588368518,0,0,1
5115,FIR/2024/KA17/00091,752,9,2024-06-07,2024,6,chargesheeted,FIR registered for Assault on Women at Dara Street.,46.0,Female,1,14.181162191873605,76.41486274038334,0,0,1
5116,FIR/2023/KA26/00032,983,12,2023-04-09,2023,4,chargesheeted,Accused cheated complainant of Rs.233931 through false promises.,,Other,3,15.331248585177278,76.06652200501819,0,1,1
5117,FIR/2024/KA15/00037,701,16,2024-03-20,2024,3,under_investigation,Victim lost Rs.405179 through online fraud/UPI scam.,30.0,Female,1,15.470153502932499,75.516752315679,1,0,0
5118,FIR/2024/KA08/00100,402,2,2024-10-01,2024,10,pending_trial,FIR registered for House Breaking & Theft at Date Zila.,,Male,1,13.03560934692065,75.99128477740875,0,0,1
5119,FIR/2022/KA01/02636,71,33,2022-08-18,2022,8,under_investigation,FIR registered for Road Accident Death at Sankar Nagar.,31.0,Female,3,12.998077924068818,77.5833667682466,0,0,0
5120,FIR/2023/KA12/00124,571,9,2023-11-24,2023,11,registered,FIR registered for Assault on Women at Ganesan Nagar.,,Other,1,16.939319710042138,75.57697431997948,0,0,0
5121,FIR/2023/KA01/02637,112,24,2023-11-05,2023,11,under_investigation,FIR registered for NDPS Act at Deo Zila.,34.0,Other,3,13.004653849802041,77.63235571482394,0,0,0
5122,FIR/2024/KA22/00034,889,9,2024-05-16,2024,5,pending_trial,FIR registered for Assault on Women at Wagle Circle.,71.0,Male,3,13.317502613193113,77.83440806329884,0,0,1
5123,FIR/2023/KA13/00115,602,2,2023-11-24,2023,11,chargesheeted,FIR registered for House Breaking & Theft at Sami Marg.,,Female,5,16.30745942834656,77.39515904657779,0,0,1
5124,FIR/2023/KA01/02638,174,11,2023-10-24,2023,10,under_investigation,FIR registered for Kidnapping & Abduction at Datta Path.,48.0,Female,5,12.976670458259784,77.55132987663856,0,0,0
5125,FIR/2024/KA11/00180,502,3,2024-04-15,2024,4,under_investigation,Complainant robbed at Khurana Marg by 3 armed persons.,56.0,Male,1,15.2153862115439,76.8363075914999,0,0,0
5126,FIR/2023/KA27/00166,1011,17,2023-08-19,2023,8,registered,FIR registered for Cyber Crime - Identity Theft at Dani Road.,23.0,Male,4,16.226802359984656,75.85232187051703,1,0,0
5127,FIR/2023/KA01/02639,25,28,2023-12-26,2023,12,chargesheeted,FIR registered for Criminal Trespass at Nayar Path.,,Male,4,13.10765246535661,77.49447529013294,0,0,1
5128,FIR/2023/KA08/00101,387,34,2023-12-04,2023,12,chargesheeted,FIR registered for Immoral Traffic Act at Chokshi.,67.0,Other,3,12.944429354192561,75.97541601289286,0,0,1
5129,FIR/2022/KA12/00125,556,13,2022-03-26,2022,3,chargesheeted,FIR registered for Criminal Breach of Trust at Borah Nagar.,24.0,Male,3,16.87381293029867,75.67923782250905,0,1,1
5130,FIR/2024/KA15/00038,686,1,2024-01-09,2024,1,under_investigation,Complaint received regarding theft of mobile phone worth Rs.299918.,50.0,Other,1,15.339440272836336,75.7001809089019,0,0,0
5131,FIR/2022/KA01/02640,9,28,2022-10-13,2022,10,chargesheeted,FIR registered for Criminal Trespass at Sengupta Marg.,19.0,Male,1,12.90056376721522,77.46150458800129,0,0,1
5132,FIR/2023/KA03/00055,206,18,2023-05-02,2023,5,chargesheeted,FIR registered for Cyber Crime - Hacking at Mann Marg.,31.0,Female,4,12.293930440351762,76.58013578931255,1,0,1
5133,FIR/2023/KA01/02641,123,13,2023-05-17,2023,5,under_investigation,FIR registered for Criminal Breach of Trust at Desai Chowk.,57.0,Male,5,13.088463770372972,77.47406158352312,0,1,0
5134,FIR/2023/KA01/02642,158,11,2023-10-05,2023,10,registered,FIR registered for Kidnapping & Abduction at Upadhyay Street.,68.0,Other,3,12.999510444518387,77.45119515906858,0,0,0
5135,FIR/2023/KA01/02643,86,31,2023-01-12,2023,1,pending_trial,FIR registered for Criminal Intimidation at Doshi Zila.,55.0,Male,3,13.05415928692477,77.63451594869758,0,0,1
5136,FIR/2024/KA01/02644,70,14,2024-01-27,2024,1,chargesheeted,FIR registered for Forgery at Pingle Nagar.,56.0,Other,4,13.023041659690378,77.53075532986661,0,1,1
5137,FIR/2023/KA01/02645,8,21,2023-06-16,2023,6,closed,FIR registered for Dowry Prohibition Act at Raghavan Chowk.,39.0,Other,2,12.865200352202258,77.48608545788694,0,0,1
5138,FIR/2023/KA01/02646,61,27,2023-11-06,2023,11,closed,FIR registered for Hurt/Grievous Hurt at Sarna Path.,74.0,Female,5,13.042942686704434,77.68092260992564,0,0,1
5139,FIR/2024/KA01/02647,106,27,2024-11-01,2024,11,under_investigation,FIR registered for Hurt/Grievous Hurt at Trivedi Street.,39.0,Female,4,13.019647561607949,77.54127231963292,0,0,0
5140,FIR/2024/KA24/00038,935,19,2024-04-20,2024,4,under_investigation,FIR registered for Cyber Crime - Phishing at Mammen.,46.0,Female,1,16.775994506381025,76.99471393869057,1,0,0
5141,FIR/2024/KA18/00020,776,1,2024-07-14,2024,7,under_investigation,Complaint received regarding theft of laptop worth Rs.330855.,,Other,5,13.197510934840887,75.9394620174885,0,0,0
5142,FIR/2023/KA08/00102,385,1,2023-08-07,2023,8,chargesheeted,Complaint received regarding theft of two-wheeler worth Rs.94038.,35.0,Other,1,13.125042190603724,76.05342573993995,0,0,1
5143,FIR/2023/KA01/02648,30,24,2023-11-22,2023,11,closed,FIR registered for NDPS Act at Bava Path.,29.0,Other,1,13.06337752539681,77.67963791136087,0,0,1
5144,FIR/2023/KA28/00064,1046,2,2023-07-11,2023,7,registered,FIR registered for House Breaking & Theft at Vasa.,22.0,Other,3,14.780092305217387,74.56236999556505,0,0,0
5145,FIR/2024/KA01/02649,76,18,2024-09-08,2024,9,closed,FIR registered for Cyber Crime - Hacking at Trivedi Circle.,55.0,Male,3,13.132861829496397,77.67001031619286,1,0,1
5146,FIR/2024/KA12/00126,552,27,2024-08-25,2024,8,under_investigation,FIR registered for Hurt/Grievous Hurt at Mangal Marg.,57.0,Male,5,16.80339370736831,75.62290374117366,0,0,0
5147,FIR/2024/KA01/02650,28,10,2024-05-13,2024,5,pending_trial,FIR registered for Sexual Harassment at Rajagopalan Path.,60.0,Other,1,13.119913261416489,77.60758327597983,0,0,1
5148,FIR/2023/KA01/02651,179,2,2023-02-15,2023,2,under_investigation,FIR registered for House Breaking & Theft at Gokhale Path.,70.0,Female,3,12.871313748259361,77.46581646822364,0,0,0
5149,FIR/2024/KA01/02652,147,12,2024-02-25,2024,2,closed,Accused cheated complainant of Rs.362654 through false promises.,29.0,Female,3,12.8241917334088,77.73320306934913,0,1,1
5150,FIR/2022/KA01/02653,147,1,2022-10-20,2022,10,chargesheeted,Complaint received regarding theft of gold chain worth Rs.270098.,48.0,Other,5,12.848852542731782,77.75155747327032,0,0,1
5151,FIR/2024/KA20/00117,829,15,2024-09-27,2024,9,under_investigation,FIR registered for Counterfeiting at Mall Circle.,39.0,Male,1,12.586929732681865,76.93199876710426,0,1,0
5152,FIR/2024/KA01/02654,131,33,2024-09-18,2024,9,chargesheeted,FIR registered for Road Accident Death at Murthy.,29.0,Male,4,12.851390967084821,77.50961365389398,0,0,1
5153,FIR/2023/KA20/00118,806,25,2023-06-10,2023,6,under_investigation,FIR registered for Arms Act at Palan Zila.,47.0,Male,4,12.54261232115153,76.99654588551454,0,0,0
5154,FIR/2023/KA01/02655,172,2,2023-06-24,2023,6,under_investigation,FIR registered for House Breaking & Theft at Gandhi Road.,68.0,Female,4,13.012131089566465,77.57306983421394,0,0,0
5155,FIR/2024/KA14/00110,648,29,2024-04-06,2024,4,closed,FIR registered for Mischief at Mani Zila.,22.0,Other,3,15.485311504322253,75.0184864307959,0,0,1
5156,FIR/2022/KA01/02656,167,1,2022-08-02,2022,8,pending_trial,Complaint received regarding theft of gold chain worth Rs.433165.,43.0,Other,5,12.925212640108965,77.71028926912666,0,0,1
5157,FIR/2023/KA01/02657,135,13,2023-06-05,2023,6,chargesheeted,FIR registered for Criminal Breach of Trust at Kapur Chowk.,,Female,3,13.081718830307889,77.62996406899819,0,1,1
5158,FIR/2023/KA01/02658,3,31,2023-07-24,2023,7,closed,FIR registered for Criminal Intimidation at Mani Street.,,Other,4,12.836518538397868,77.4752740876102,0,0,1
5159,FIR/2022/KA20/00119,813,16,2022-04-28,2022,4,under_investigation,Victim lost Rs.180495 through online fraud/UPI scam.,52.0,Male,5,12.532735566909327,76.99149844257511,1,0,0
5160,FIR/2023/KA15/00039,686,22,2023-04-08,2023,4,chargesheeted,FIR registered for POCSO Act at Mallick Ganj.,40.0,Female,5,15.346288816313221,75.70404054502136,0,0,1
5161,FIR/2024/KA03/00056,206,1,2024-03-17,2024,3,closed,Complaint received regarding theft of two-wheeler worth Rs.395774.,69.0,Female,4,12.275859884554944,76.56115264864238,0,0,1
5162,FIR/2022/KA25/00081,962,1,2022-08-20,2022,8,chargesheeted,Complaint received regarding theft of mobile phone worth Rs.23331.,,Other,1,17.771804811596645,77.58824438897383,0,0,1
5163,FIR/2024/KA25/00082,944,9,2024-03-24,2024,3,under_investigation,FIR registered for Assault on Women at Bala Street.,18.0,Other,5,17.97146184795035,77.40305525812079,0,0,0
5164,FIR/2023/KA04/00145,250,18,2023-05-23,2023,5,chargesheeted,FIR registered for Cyber Crime - Hacking at Baral.,27.0,Female,4,15.814496355354185,74.5177994493824,1,0,1
5165,FIR/2024/KA01/02659,108,1,2024-03-28,2024,3,closed,Complaint received regarding theft of gold chain worth Rs.494594.,66.0,Male,2,12.929442473027283,77.5803864587539,0,0,1
5166,FIR/2024/KA12/00127,590,21,2024-02-12,2024,2,pending_trial,FIR registered for Dowry Prohibition Act at Ahuja Ganj.,55.0,Male,4,16.950292250748323,75.7208766907363,0,0,1
5167,FIR/2024/KA01/02660,88,1,2024-07-24,2024,7,under_investigation,Complaint received regarding theft of mobile phone worth Rs.202112.,56.0,Male,2,12.834788820553564,77.5363191330307,0,0,0
5168,FIR/2022/KA01/02661,177,9,2022-11-02,2022,11,closed,FIR registered for Assault on Women at Jani Path.,47.0,Female,3,13.03482572590796,77.73915110634668,0,0,1
5169,FIR/2024/KA01/02662,23,11,2024-05-18,2024,5,pending_trial,FIR registered for Kidnapping & Abduction at Sandhu Road.,38.0,Male,4,12.865393055106354,77.68235174611488,0,0,1
5170,FIR/2024/KA26/00033,979,30,2024-04-04,2024,4,pending_trial,FIR registered for Extortion at Verma Chowk.,72.0,Other,2,15.487245413409754,76.01631657199898,0,0,1
5171,FIR/2022/KA25/00083,955,16,2022-03-04,2022,3,closed,Victim lost Rs.42490 through online fraud/UPI scam.,58.0,Male,4,17.963698447102242,77.51612578365302,1,0,1
5172,FIR/2022/KA15/00040,687,3,2022-07-09,2022,7,chargesheeted,Complainant robbed at Choudhary Road by 4 armed persons.,54.0,Other,2,15.513228727613292,75.61920197537755,0,0,1
5173,FIR/2023/KA01/02663,84,16,2023-12-15,2023,12,chargesheeted,Victim lost Rs.344622 through online fraud/UPI scam.,43.0,Male,2,12.999592836206721,77.56450084317774,1,0,1
5174,FIR/2024/KA01/02664,56,13,2024-10-27,2024,10,closed,FIR registered for Criminal Breach of Trust at Tak Marg.,40.0,Other,1,13.061111018237224,77.45662835493425,0,1,1
5175,FIR/2022/KA05/00146,303,29,2022-10-22,2022,10,closed,FIR registered for Mischief at Chadha Road.,30.0,Female,5,17.42253903867001,76.82166939822088,0,0,1
5176,FIR/2023/KA01/02665,60,17,2023-02-25,2023,2,chargesheeted,FIR registered for Cyber Crime - Identity Theft at Mallick Street.,,Other,3,12.919987414423044,77.67425412992989,1,0,1
5177,FIR/2024/KA10/00185,468,27,2024-11-19,2024,11,chargesheeted,FIR registered for Hurt/Grievous Hurt at Pandya Zila.,22.0,Male,2,13.204652008198707,77.0016278592291,0,0,1
5178,FIR/2022/KA27/00167,1024,12,2022-09-18,2022,9,chargesheeted,Accused cheated complainant of Rs.336130 through false promises.,,Other,4,16.304297910214324,75.83026833522702,0,1,1
5179,FIR/2023/KA05/00147,276,1,2023-03-03,2023,3,under_investigation,Complaint received regarding theft of mobile phone worth Rs.426785.,,Female,5,17.380251463221295,76.90610310167314,0,0,0
5180,FIR/2022/KA01/02666,75,12,2022-03-03,2022,3,registered,Accused cheated complainant of Rs.280914 through false promises.,38.0,Female,2,12.862806010483059,77.71238955186746,0,1,0
5181,FIR/2023/KA01/02667,12,21,2023-12-14,2023,12,pending_trial,FIR registered for Dowry Prohibition Act at Majumdar Path.,57.0,Male,3,13.045244617598257,77.4496754623046,0,0,1
5182,FIR/2022/KA11/00181,533,21,2022-02-15,2022,2,under_investigation,FIR registered for Dowry Prohibition Act at Varghese Chowk.,56.0,Other,2,15.068442163903864,77.005741684311,0,0,0
5183,FIR/2024/KA01/02668,105,1,2024-11-14,2024,11,closed,Complaint received regarding theft of mobile phone worth Rs.249122.,34.0,Other,5,13.048555960955524,77.48937977863255,0,0,1
5184,FIR/2023/KA12/00128,591,2,2023-04-11,2023,4,closed,FIR registered for House Breaking & Theft at Sant Nagar.,,Female,2,16.945931326438,75.7590508057389,0,0,1
5185,FIR/2024/KA29/00099,1076,18,2024-01-02,2024,1,under_investigation,FIR registered for Cyber Crime - Hacking at Verma Zila.,46.0,Female,2,14.51071290519288,75.96978341091754,1,0,0
5186,FIR/2024/KA01/02669,95,3,2024-03-12,2024,3,under_investigation,Complainant robbed at Gupta Path by 4 armed persons.,37.0,Male,5,12.877699177864786,77.69744622078603,0,0,0
5187,FIR/2023/KA11/00182,501,22,2023-07-25,2023,7,closed,FIR registered for POCSO Act at Banik Circle.,68.0,Male,3,15.277173756585036,76.79332743452323,0,0,1
5188,FIR/2022/KA05/00148,293,24,2022-12-22,2022,12,closed,FIR registered for NDPS Act at Korpal Nagar.,,Female,3,17.209377550558433,76.82999080635722,0,0,1
5189,FIR/2023/KA01/02670,127,29,2023-01-08,2023,1,chargesheeted,FIR registered for Mischief at Puri Street.,23.0,Other,3,12.877152182387068,77.6855159133928,0,0,1
5190,FIR/2024/KA04/00146,269,22,2024-10-16,2024,10,under_investigation,FIR registered for POCSO Act at Hayre Ganj.,19.0,Female,3,15.72543217861182,74.4397101668378,0,0,0
5191,FIR/2024/KA01/02671,157,12,2024-01-19,2024,1,chargesheeted,Accused cheated complainant of Rs.312996 through false promises.,20.0,Other,5,12.939313213433051,77.58098803243081,0,1,1
5192,FIR/2023/KA16/00077,708,23,2023-01-24,2023,1,chargesheeted,FIR registered for Domestic Violence at Sundaram Street.,60.0,Other,4,14.849228503503129,75.50488872756155,0,0,1
5193,FIR/2024/KA01/02672,117,18,2024-05-05,2024,5,under_investigation,FIR registered for Cyber Crime - Hacking at Taneja Street.,51.0,Female,4,12.859228822465363,77.46618895848977,1,0,0
5194,FIR/2023/KA23/00055,891,1,2023-05-10,2023,5,pending_trial,Complaint received regarding theft of cash worth Rs.96963.,19.0,Male,5,12.57182849804569,77.15801688881432,0,0,1
5195,FIR/2024/KA01/02673,167,34,2024-03-23,2024,3,under_investigation,FIR registered for Immoral Traffic Act at Chakrabarti Ganj.,29.0,Male,1,12.920676684114868,77.69101671507369,0,0,0
5196,FIR/2023/KA01/02674,147,1,2023-06-06,2023,6,under_investigation,Complaint received regarding theft of mobile phone worth Rs.148974.,,Female,2,12.852054669218349,77.74103275372707,0,0,0
5197,FIR/2024/KA01/02675,35,27,2024-12-08,2024,12,chargesheeted,FIR registered for Hurt/Grievous Hurt at Saraf Nagar.,32.0,Male,2,13.097787940660334,77.71292580725121,0,0,1
5198,FIR/2024/KA01/02676,166,12,2024-04-17,2024,4,under_investigation,Accused cheated complainant of Rs.201616 through false promises.,22.0,Female,3,12.924676272941833,77.57902832972589,0,1,0
5199,FIR/2024/KA01/02677,104,5,2024-12-15,2024,12,under_investigation,Dead body found at Joshi Circle. Prima facie case of murder registered.,59.0,Female,2,13.081768823762799,77.61709538167486,0,0,0
5200,FIR/2022/KA16/00078,716,27,2022-07-11,2022,7,pending_trial,FIR registered for Hurt/Grievous Hurt at Barad Street.,69.0,Female,3,14.89942793833321,75.52440397403306,0,0,1
5201,FIR/2022/KA01/02678,52,1,2022-07-28,2022,7,pending_trial,Complaint received regarding theft of cash worth Rs.312640.,58.0,Other,5,13.017210260611026,77.64386859591046,0,0,1
5202,FIR/2024/KA14/00111,640,5,2024-11-08,2024,11,chargesheeted,Dead body found at Rai. Prima facie case of murder registered.,24.0,Female,3,15.604730909811543,75.07746736618246,0,0,1
5203,FIR/2024/KA01/02679,91,12,2024-10-17,2024,10,closed,Accused cheated complainant of Rs.219032 through false promises.,57.0,Male,4,13.106991737658376,77.68050576226062,0,1,1
5204,FIR/2023/KA01/02680,88,12,2023-02-04,2023,2,pending_trial,Accused cheated complainant of Rs.409878 through false promises.,24.0,Male,4,12.850801548849526,77.56420691064976,0,1,1
5205,FIR/2023/KA01/02681,40,14,2023-11-18,2023,11,under_investigation,FIR registered for Forgery at Gole Circle.,23.0,Female,5,13.020635234441809,77.70975553123955,0,1,0
5206,FIR/2023/KA11/00183,514,27,2023-08-03,2023,8,closed,FIR registered for Hurt/Grievous Hurt at Kata Road.,75.0,Male,1,15.279552281180534,77.07532740613802,0,0,1
5207,FIR/2022/KA01/02682,12,19,2022-09-07,2022,9,chargesheeted,FIR registered for Cyber Crime - Phishing at Sundaram Road.,73.0,Female,2,13.01538252668999,77.44028958969255,1,0,1
5208,FIR/2022/KA08/00103,390,22,2022-11-03,2022,11,closed,FIR registered for POCSO Act at Ramanathan Chowk.,18.0,Female,3,12.981650813588411,75.95832811863188,0,0,1
5209,FIR/2024/KA17/00092,738,32,2024-07-18,2024,7,closed,FIR registered for Missing Person at Parikh.,23.0,Other,1,14.360474594502865,76.29424036334493,0,0,1
5210,FIR/2024/KA01/02683,110,17,2024-03-16,2024,3,chargesheeted,FIR registered for Cyber Crime - Identity Theft at Srivastava Circle.,26.0,Female,4,13.087060056602315,77.6425254593828,1,0,1
5211,FIR/2022/KA01/02684,115,27,2022-02-06,2022,2,under_investigation,FIR registered for Hurt/Grievous Hurt at Char Road.,50.0,Other,5,13.031272023881264,77.63583831178875,0,0,0
5212,FIR/2024/KA01/02685,2,25,2024-06-14,2024,6,chargesheeted,FIR registered for Arms Act at Chowdhury Ganj.,67.0,Male,1,13.03045126491965,77.70344751888908,0,0,1
5213,FIR/2022/KA14/00112,668,33,2022-07-07,2022,7,closed,FIR registered for Road Accident Death at Saini Road.,42.0,Other,4,15.382958883227873,75.04153896849806,0,0,1
5214,FIR/2022/KA01/02686,84,30,2022-10-18,2022,10,chargesheeted,FIR registered for Extortion at Nanda Chowk.,37.0,Female,3,12.991879943812597,77.55727592423155,0,0,1
5215,FIR/2022/KA10/00186,496,16,2022-02-08,2022,2,pending_trial,Victim lost Rs.193225 through online fraud/UPI scam.,18.0,Other,5,13.485563136149255,77.17258840359135,1,0,1
5216,FIR/2024/KA01/02687,103,16,2024-02-08,2024,2,under_investigation,Victim lost Rs.493846 through online fraud/UPI scam.,18.0,Female,4,12.86879012879968,77.47331831152856,1,0,0
5217,FIR/2023/KA11/00184,531,19,2023-02-21,2023,2,chargesheeted,FIR registered for Cyber Crime - Phishing at Nagar Chowk.,35.0,Male,4,15.173055102217303,76.8805799641139,1,0,1
5218,FIR/2023/KA01/02688,108,1,2023-02-10,2023,2,closed,Complaint received regarding theft of two-wheeler worth Rs.400149.,18.0,Female,2,12.955359751021904,77.57805806775426,0,0,1
5219,FIR/2023/KA01/02689,11,3,2023-08-25,2023,8,chargesheeted,Complainant robbed at Dave Marg by 3 armed persons.,51.0,Female,3,13.01161964130274,77.69240288906454,0,0,1
5220,FIR/2023/KA01/02690,151,1,2023-03-06,2023,3,chargesheeted,Complaint received regarding theft of laptop worth Rs.203631.,53.0,Male,4,13.013669693211131,77.74868902539876,0,0,1
5221,FIR/2024/KA05/00149,275,1,2024-03-11,2024,3,under_investigation,Complaint received regarding theft of cash worth Rs.105635.,35.0,Female,1,17.25862648959533,76.84911397963853,0,0,0
5222,FIR/2022/KA01/02691,36,28,2022-07-15,2022,7,chargesheeted,FIR registered for Criminal Trespass at Balakrishnan Ganj.,53.0,Male,1,12.964817356309592,77.487111620244,0,0,1
5223,FIR/2024/KA22/00035,887,1,2024-05-07,2024,5,closed,Complaint received regarding theft of laptop worth Rs.58916.,51.0,Female,2,13.506615332745898,77.85667212608735,0,0,1
5224,FIR/2023/KA01/02692,130,24,2023-06-09,2023,6,under_investigation,FIR registered for NDPS Act at Kale Circle.,62.0,Female,5,12.921447302041608,77.5111372384863,0,0,0
5225,FIR/2022/KA01/02693,26,25,2022-05-17,2022,5,under_investigation,FIR registered for Arms Act at Bhat Marg.,75.0,Female,2,12.82920087271281,77.46486474744711,0,0,0
5226,FIR/2023/KA26/00034,987,1,2023-03-15,2023,3,pending_trial,Complaint received regarding theft of gold chain worth Rs.346334.,18.0,Male,2,15.227981893681168,76.18094704978155,0,0,1
5227,FIR/2022/KA12/00129,554,12,2022-02-08,2022,2,pending_trial,Accused cheated complainant of Rs.182995 through false promises.,63.0,Female,3,16.67548037419637,75.74535604224724,0,1,1
5228,FIR/2024/KA13/00116,613,26,2024-02-28,2024,2,chargesheeted,FIR registered for Riots at Raman Marg.,,Female,1,16.17970281175992,77.45384985953788,0,0,1
5229,FIR/2023/KA01/02694,135,16,2023-05-05,2023,5,pending_trial,Victim lost Rs.103431 through online fraud/UPI scam.,52.0,Female,2,13.087917778352532,77.61222440820387,1,0,1
5230,FIR/2023/KA01/02695,93,24,2023-04-12,2023,4,closed,FIR registered for NDPS Act at Lad Marg.,64.0,Female,2,13.082540562504251,77.68394177538681,0,0,1
5231,FIR/2024/KA01/02696,154,12,2024-07-19,2024,7,under_investigation,Accused cheated complainant of Rs.218436 through false promises.,64.0,Other,3,13.040757310498865,77.47162923032457,0,1,0
5232,FIR/2023/KA26/00035,977,21,2023-08-18,2023,8,chargesheeted,FIR registered for Dowry Prohibition Act at Kanda Chowk.,63.0,Other,3,15.390264279903803,76.06718075975161,0,0,1
5233,FIR/2022/KA14/00113,650,19,2022-06-08,2022,6,chargesheeted,FIR registered for Cyber Crime - Phishing at Bath Path.,49.0,Female,5,15.59189252506533,75.08382021227007,1,0,1
5234,FIR/2023/KA01/02697,35,1,2023-09-07,2023,9,under_investigation,Complaint received regarding theft of cash worth Rs.280432.,44.0,Female,2,13.097404394535282,77.71330656368755,0,0,0
5235,FIR/2023/KA17/00093,752,9,2023-09-26,2023,9,registered,FIR registered for Assault on Women at Kant Marg.,25.0,Female,5,14.163501405338565,76.4073906378174,0,0,0
5236,FIR/2024/KA25/00084,958,27,2024-08-15,2024,8,registered,FIR registered for Hurt/Grievous Hurt at Ganesan.,25.0,Male,3,17.99572273420465,77.42813088547877,0,0,0
5237,FIR/2022/KA01/02698,96,1,2022-07-12,2022,7,chargesheeted,Complaint received regarding theft of laptop worth Rs.213006.,,Male,4,13.067060140776478,77.71161750157867,0,0,1
5238,FIR/2023/KA01/02699,39,9,2023-11-24,2023,11,under_investigation,FIR registered for Assault on Women at Narayan Zila.,69.0,Male,3,12.826418493367763,77.67332102053984,0,0,0
5239,FIR/2022/KA01/02700,23,1,2022-05-12,2022,5,under_investigation,Complaint received regarding theft of cash worth Rs.118333.,56.0,Female,4,12.877321237223004,77.65244077173622,0,0,0
5240,FIR/2023/KA09/00081,420,18,2023-12-18,2023,12,under_investigation,FIR registered for Cyber Crime - Hacking at Bail Nagar.,37.0,Female,4,13.952607824145241,75.52979585082664,1,0,0
5241,FIR/2022/KA01/02701,90,12,2022-08-14,2022,8,pending_trial,Accused cheated complainant of Rs.356271 through false promises.,,Female,5,13.024412063843542,77.49830201666047,0,1,1
5242,FIR/2024/KA01/02702,82,30,2024-04-25,2024,4,pending_trial,FIR registered for Extortion at Pandit Path.,69.0,Other,4,12.951930975796454,77.5371369498576,0,0,1
5243,FIR/2024/KA09/00082,451,32,2024-04-17,2024,4,chargesheeted,FIR registered for Missing Person at Bhatnagar Circle.,24.0,Female,5,13.782488033595845,75.6094735668632,0,0,1
5244,FIR/2022/KA01/02703,12,7,2022-04-25,2022,4,under_investigation,FIR registered for Culpable Homicide at Venkataraman Nagar.,32.0,Male,1,13.04104382144844,77.46588307680182,0,0,0
5245,FIR/2023/KA10/00187,497,6,2023-09-14,2023,9,chargesheeted,FIR registered for Attempt to Murder at Pathak Ganj.,46.0,Other,4,13.415745971629903,77.06278563597463,0,0,1
5246,FIR/2022/KA09/00083,448,12,2022-04-05,2022,4,registered,Accused cheated complainant of Rs.283866 through false promises.,43.0,Other,3,13.92071268012152,75.45327664122414,0,1,0
5247,FIR/2024/KA01/02704,120,10,2024-09-05,2024,9,under_investigation,FIR registered for Sexual Harassment at Wason Street.,66.0,Female,1,13.026957207479567,77.43997636049684,0,0,0
5248,FIR/2022/KA15/00041,689,13,2022-12-19,2022,12,chargesheeted,FIR registered for Criminal Breach of Trust at Karnik Marg.,35.0,Male,5,15.476319474392582,75.70694182257019,0,1,1
5249,FIR/2022/KA16/00079,720,2,2022-10-19,2022,10,under_investigation,FIR registered for House Breaking & Theft at Edwin Road.,25.0,Male,4,14.779688306362354,75.28442904999014,0,0,0
5250,FIR/2022/KA01/02705,132,29,2022-05-05,2022,5,under_investigation,FIR registered for Mischief at Narula Path.,23.0,Male,2,13.03448014301148,77.45703168976098,0,0,0
5251,FIR/2022/KA01/02706,44,14,2022-09-19,2022,9,chargesheeted,FIR registered for Forgery at Kale Marg.,,Male,1,12.966777571446627,77.51279849107364,0,1,1
5252,FIR/2023/KA05/00150,300,13,2023-11-09,2023,11,under_investigation,FIR registered for Criminal Breach of Trust at Kothari Circle.,,Female,5,17.348519492491317,76.80356871234001,0,1,0
5253,FIR/2024/KA01/02707,41,1,2024-01-27,2024,1,closed,Complaint received regarding theft of two-wheeler worth Rs.289202.,59.0,Other,5,13.092374010280638,77.58976431954233,0,0,1
5254,FIR/2022/KA23/00056,898,3,2022-08-06,2022,8,under_investigation,Complainant robbed at Vyas Nagar by 3 armed persons.,,Male,1,12.832777296000843,77.32241213927483,0,0,0
5255,FIR/2024/KA01/02708,20,18,2024-01-09,2024,1,pending_trial,FIR registered for Cyber Crime - Hacking at Thaker Zila.,46.0,Other,1,12.935138706865347,77.51780988148127,1,0,1
5256,FIR/2024/KA01/02709,134,22,2024-11-02,2024,11,closed,FIR registered for POCSO Act at Sundaram Marg.,51.0,Male,2,13.107142480613682,77.62256358499685,0,0,1
5257,FIR/2022/KA27/00168,1012,1,2022-09-09,2022,9,closed,Complaint received regarding theft of cash worth Rs.482406.,57.0,Other,1,16.09125288851823,75.72074818524393,0,0,1
5258,FIR/2024/KA01/02710,25,28,2024-05-25,2024,5,pending_trial,FIR registered for Criminal Trespass at Mitra Road.,,Male,3,13.123577441588992,77.4674973076195,0,0,1
5259,FIR/2022/KA05/00151,308,1,2022-10-21,2022,10,under_investigation,Complaint received regarding theft of laptop worth Rs.27202.,27.0,Male,3,17.36627348047619,76.79835751854468,0,0,0
5260,FIR/2022/KA01/02711,107,17,2022-04-13,2022,4,under_investigation,FIR registered for Cyber Crime - Identity Theft at Bandi Ganj.,,Female,4,12.843093501143743,77.72839099298633,1,0,0
5261,FIR/2023/KA01/02712,27,23,2023-03-27,2023,3,chargesheeted,FIR registered for Domestic Violence at Dasgupta Road.,50.0,Female,1,13.035282266599511,77.6056318375356,0,0,1
5262,FIR/2024/KA01/02713,163,1,2024-07-09,2024,7,under_investigation,Complaint received regarding theft of gold chain worth Rs.201789.,69.0,Other,3,12.898316084403772,77.68187973667597,0,0,0
5263,FIR/2023/KA05/00152,296,30,2023-07-26,2023,7,under_investigation,FIR registered for Extortion at Madan Street.,68.0,Female,5,17.311715801857513,76.70592164525334,0,0,0
5264,FIR/2023/KA27/00169,1023,29,2023-03-10,2023,3,chargesheeted,FIR registered for Mischief at Bose Zila.,20.0,Male,4,16.139978032460878,75.76032805557415,0,0,1
5265,FIR/2023/KA27/00170,1009,10,2023-10-19,2023,10,under_investigation,FIR registered for Sexual Harassment at Thaman Zila.,52.0,Other,4,16.269335425278555,75.83194924367189,0,0,0
5266,FIR/2024/KA01/02714,17,17,2024-12-15,2024,12,closed,FIR registered for Cyber Crime - Identity Theft at Bahri Marg.,52.0,Male,4,12.904503090257073,77.56362003430252,1,0,1
5267,FIR/2023/KA14/00114,639,2,2023-04-15,2023,4,registered,FIR registered for House Breaking & Theft at Doshi Nagar.,74.0,Other,1,15.597762224871664,74.96347519430877,0,0,0
5268,FIR/2022/KA01/02715,64,21,2022-02-23,2022,2,under_investigation,FIR registered for Dowry Prohibition Act at Raman Zila.,38.0,Female,3,12.836114152190039,77.60869633094669,0,0,0
5269,FIR/2023/KA25/00085,948,3,2023-07-24,2023,7,closed,Complainant robbed at Muni Ganj by 1 armed persons.,57.0,Male,2,17.824619723396776,77.5769901501437,0,0,1
5270,FIR/2022/KA20/00120,818,13,2022-01-10,2022,1,pending_trial,FIR registered for Criminal Breach of Trust at Sandal Path.,56.0,Other,5,12.544054513370712,76.77517032184687,0,1,1
5271,FIR/2024/KA01/02716,178,1,2024-01-10,2024,1,chargesheeted,Complaint received regarding theft of laptop worth Rs.300076.,20.0,Male,2,13.105022956410194,77.68779512732532,0,0,1
5272,FIR/2023/KA06/00115,329,6,2023-08-27,2023,8,chargesheeted,FIR registered for Attempt to Murder at Mahal Road.,63.0,Other,3,12.770301271053446,74.91333628364549,0,0,1
5273,FIR/2024/KA01/02717,28,27,2024-10-05,2024,10,chargesheeted,FIR registered for Hurt/Grievous Hurt at Jain Chowk.,22.0,Male,2,13.118193600252177,77.61310160604555,0,0,1
5274,FIR/2023/KA21/00061,867,10,2023-06-16,2023,6,closed,FIR registered for Sexual Harassment at Lalla Zila.,,Other,4,13.12894809718582,78.26799505385641,0,0,1
5275,FIR/2023/KA01/02718,13,19,2023-02-03,2023,2,pending_trial,FIR registered for Cyber Crime - Phishing at Sinha.,44.0,Other,4,13.12711179682116,77.7061232941936,1,0,1
5276,FIR/2022/KA01/02719,165,30,2022-09-27,2022,9,under_investigation,FIR registered for Extortion at Manne Marg.,,Other,1,13.0122083175359,77.5668673011409,0,0,0
5277,FIR/2022/KA01/02720,4,1,2022-04-08,2022,4,chargesheeted,Complaint received regarding theft of two-wheeler worth Rs.486206.,65.0,Male,4,12.812367330114357,77.51302760719815,0,0,1
5278,FIR/2023/KA01/02721,12,16,2023-01-10,2023,1,chargesheeted,Victim lost Rs.45131 through online fraud/UPI scam.,74.0,Female,1,13.049220236796145,77.4671484198302,1,0,1
5279,FIR/2022/KA01/02722,65,24,2022-09-04,2022,9,chargesheeted,FIR registered for NDPS Act at Mallick Circle.,57.0,Other,3,12.98739649701706,77.44770909377442,0,0,1
5280,FIR/2023/KA11/00185,503,11,2023-10-06,2023,10,under_investigation,FIR registered for Kidnapping & Abduction at Mane Chowk.,55.0,Other,3,15.277860283118175,76.98115594692025,0,0,0
5281,FIR/2023/KA27/00171,1009,1,2023-10-07,2023,10,chargesheeted,Complaint received regarding theft of two-wheeler worth Rs.26970.,20.0,Other,5,16.25392903952355,75.82736878178753,0,0,1
5282,FIR/2022/KA20/00121,825,17,2022-02-01,2022,2,chargesheeted,FIR registered for Cyber Crime - Identity Theft at Raja Ganj.,74.0,Other,4,12.521687945043485,76.8641818447513,1,0,1
5283,FIR/2024/KA01/02723,143,22,2024-09-08,2024,9,closed,FIR registered for POCSO Act at Taneja Nagar.,18.0,Other,5,12.94824803860755,77.47015109787353,0,0,1
5284,FIR/2023/KA01/02724,15,1,2023-05-09,2023,5,under_investigation,Complaint received regarding theft of two-wheeler worth Rs.259677.,56.0,Female,1,12.940476125870683,77.64569977096949,0,0,0
5285,FIR/2022/KA01/02725,84,6,2022-09-09,2022,9,chargesheeted,FIR registered for Attempt to Murder at Chokshi Circle.,26.0,Other,2,12.970367747410561,77.57702565729765,0,0,1
5286,FIR/2024/KA01/02726,71,1,2024-06-15,2024,6,pending_trial,Complaint received regarding theft of cash worth Rs.459090.,,Other,2,13.024807887194383,77.57955242422332,0,0,1
5287,FIR/2022/KA01/02727,52,2,2022-10-23,2022,10,closed,FIR registered for House Breaking & Theft at Bakshi.,,Other,2,13.036960552504219,77.63048650859508,0,0,1
5288,FIR/2024/KA27/00172,1008,24,2024-06-02,2024,6,under_investigation,FIR registered for NDPS Act at Kata Marg.,,Female,2,16.187039878917084,75.80133608178015,0,0,0
5289,FIR/2023/KA01/02728,38,27,2023-05-03,2023,5,pending_trial,FIR registered for Hurt/Grievous Hurt at Pingle Chowk.,71.0,Other,5,12.996246264361567,77.45172337022309,0,0,1
5290,FIR/2024/KA01/02729,95,17,2024-08-14,2024,8,chargesheeted,FIR registered for Cyber Crime - Identity Theft at Chopra Chowk.,44.0,Male,1,12.880385474272412,77.70031174888311,1,0,1
5291,FIR/2024/KA14/00115,648,29,2024-08-12,2024,8,closed,FIR registered for Mischief at Natarajan Road.,,Male,3,15.470814550144365,75.04136908920486,0,0,1
5292,FIR/2022/KA01/02730,86,12,2022-09-24,2022,9,pending_trial,Accused cheated complainant of Rs.487806 through false promises.,42.0,Female,1,13.056611192694769,77.61589580083107,0,1,1
5293,FIR/2024/KA22/00036,879,2,2024-03-28,2024,3,closed,FIR registered for House Breaking & Theft at Gara Zila.,71.0,Other,5,13.45201883501376,77.76742624105536,0,0,1
5294,FIR/2022/KA01/02731,119,12,2022-10-14,2022,10,pending_trial,Accused cheated complainant of Rs.148813 through false promises.,41.0,Male,5,13.029126775603299,77.56553655781974,0,1,1
5295,FIR/2022/KA01/02732,118,29,2022-12-11,2022,12,chargesheeted,FIR registered for Mischief at Krish.,26.0,Male,3,13.05132171802553,77.59481288461144,0,0,1
5296,FIR/2023/KA01/02733,146,1,2023-09-27,2023,9,chargesheeted,Complaint received regarding theft of cash worth Rs.435911.,26.0,Female,2,12.813857554046335,77.62129674576269,0,0,1
5297,FIR/2024/KA01/02734,62,6,2024-09-28,2024,9,under_investigation,FIR registered for Attempt to Murder at Solanki Marg.,38.0,Other,1,13.051589986874285,77.49837213677381,0,0,0
5298,FIR/2023/KA01/02735,157,8,2023-02-02,2023,2,under_investigation,Victim reported sexual assault incident at Kaul Circle. Medical examination conducted.,70.0,Male,3,12.927469457809506,77.56104528546699,0,0,0
5299,FIR/2023/KA01/02736,51,6,2023-01-14,2023,1,under_investigation,FIR registered for Attempt to Murder at Tak Nagar.,71.0,Female,4,12.964569017103344,77.6004622050078,0,0,0
5300,FIR/2023/KA01/02737,86,21,2023-09-07,2023,9,under_investigation,FIR registered for Dowry Prohibition Act at Sabharwal Road.,42.0,Male,3,13.060969032178669,77.632921978691,0,0,0
5301,FIR/2022/KA13/00117,636,35,2022-04-26,2022,4,chargesheeted,FIR registered for SC/ST Atrocities Act at Nazareth Road.,59.0,Other,5,16.192559915353545,77.33911022253615,0,0,1
5302,FIR/2022/KA01/02738,121,9,2022-06-22,2022,6,under_investigation,FIR registered for Assault on Women at Bansal Street.,64.0,Male,2,13.106821564733558,77.66038419238193,0,0,0
5303,FIR/2023/KA16/00080,719,25,2023-01-07,2023,1,pending_trial,FIR registered for Arms Act at Ray Path.,23.0,Other,1,14.768281849444937,75.27690058908985,0,0,1
5304,FIR/2023/KA04/00147,255,1,2023-06-08,2023,6,under_investigation,Complaint received regarding theft of laptop worth Rs.70762.,71.0,Other,1,15.968568680004223,74.5850544084732,0,0,0
5305,FIR/2022/KA14/00116,672,17,2022-10-09,2022,10,chargesheeted,FIR registered for Cyber Crime - Identity Theft at Suresh Ganj.,46.0,Male,2,15.556240657484057,75.00316172807882,1,0,1
5306,FIR/2023/KA10/00188,477,11,2023-10-28,2023,10,under_investigation,FIR registered for Kidnapping & Abduction at Tata Circle.,67.0,Other,3,13.360255128533865,77.0317616845678,0,0,0
5307,FIR/2024/KA01/02739,175,12,2024-03-05,2024,3,registered,Accused cheated complainant of Rs.14457 through false promises.,63.0,Female,4,12.897520294730905,77.48743346697286,0,1,0
5308,FIR/2024/KA23/00057,891,1,2024-10-23,2024,10,under_investigation,Complaint received regarding theft of cash worth Rs.198763.,29.0,Other,3,12.579269152436403,77.12890864200703,0,0,0
5309,FIR/2024/KA02/00042,196,22,2024-04-22,2024,4,under_investigation,FIR registered for POCSO Act at Varkey Chowk.,58.0,Male,1,13.30144552361982,77.47496043747302,0,0,0
5310,FIR/2022/KA01/02740,168,27,2022-12-15,2022,12,chargesheeted,FIR registered for Hurt/Grievous Hurt at Bumb Circle.,18.0,Female,4,12.99986555875357,77.61165091457636,0,0,1
5311,FIR/2024/KA01/02741,58,21,2024-11-14,2024,11,chargesheeted,FIR registered for Dowry Prohibition Act at Sandal Zila.,69.0,Other,2,12.882510251643472,77.60446998606405,0,0,1
5312,FIR/2023/KA24/00039,918,19,2023-08-26,2023,8,under_investigation,FIR registered for Cyber Crime - Phishing at Prashad Zila.,24.0,Female,3,16.638543100139415,77.03643014040787,1,0,0
5313,FIR/2023/KA01/02742,119,34,2023-10-26,2023,10,chargesheeted,FIR registered for Immoral Traffic Act at Arya Street.,38.0,Male,5,13.032129214880719,77.57162801083497,0,0,1
5314,FIR/2023/KA12/00130,587,16,2023-11-06,2023,11,under_investigation,Victim lost Rs.475615 through online fraud/UPI scam.,,Female,5,16.914570906216984,75.86351832492207,1,0,0
5315,FIR/2023/KA01/02743,142,15,2023-06-28,2023,6,chargesheeted,FIR registered for Counterfeiting at Ganesan Zila.,,Male,2,13.006315245974253,77.46870187408386,0,1,1
5316,FIR/2023/KA27/00173,1016,1,2023-12-09,2023,12,registered,Complaint received regarding theft of cash worth Rs.315010.,59.0,Female,5,16.04913129706394,75.59273146736251,0,0,0
5317,FIR/2024/KA11/00186,545,24,2024-04-12,2024,4,under_investigation,FIR registered for NDPS Act at Barad Zila.,28.0,Female,3,15.206397860796496,77.070338608021,0,0,0
5318,FIR/2023/KA01/02744,2,1,2023-10-05,2023,10,closed,Complaint received regarding theft of cash worth Rs.160688.,32.0,Other,3,13.039623111318784,77.71190226955449,0,0,1
5319,FIR/2022/KA01/02745,11,34,2022-11-19,2022,11,pending_trial,FIR registered for Immoral Traffic Act at Vohra Street.,71.0,Other,2,13.014898434807698,77.72457692814308,0,0,1
5320,FIR/2023/KA01/02746,170,1,2023-03-01,2023,3,under_investigation,Complaint received regarding theft of mobile phone worth Rs.443190.,47.0,Male,3,12.97694422478813,77.67285158399513,0,0,0
5321,FIR/2023/KA01/02747,137,1,2023-04-24,2023,4,closed,Complaint received regarding theft of mobile phone worth Rs.156755.,35.0,Other,1,13.066785665954647,77.60875116050647,0,0,1
5322,FIR/2022/KA01/02748,141,31,2022-09-27,2022,9,under_investigation,FIR registered for Criminal Intimidation at Andra Marg.,32.0,Male,4,13.132078079893038,77.59308778073483,0,0,0
5323,FIR/2024/KA04/00148,267,31,2024-05-21,2024,5,pending_trial,FIR registered for Criminal Intimidation at Dalal Road.,19.0,Male,5,15.90121578862636,74.64916632404979,0,0,1
5324,FIR/2023/KA30/00048,1129,20,2023-01-08,2023,1,chargesheeted,FIR registered for Dowry Death at Menon Marg.,,Female,3,15.38346150685926,76.4718467303748,0,0,1
5325,FIR/2023/KA11/00187,516,1,2023-07-06,2023,7,registered,Complaint received regarding theft of laptop worth Rs.480152.,37.0,Other,3,15.079284092897376,76.89007902955699,0,0,0
5326,FIR/2024/KA16/00081,716,16,2024-04-10,2024,4,pending_trial,Victim lost Rs.181503 through online fraud/UPI scam.,,Other,2,14.923244436048149,75.51416317738243,1,0,1
5327,FIR/2024/KA12/00131,590,6,2024-09-21,2024,9,chargesheeted,FIR registered for Attempt to Murder at Gandhi.,,Female,1,16.970619727585284,75.71026659643344,0,0,1
5328,FIR/2024/KA01/02749,165,3,2024-09-18,2024,9,closed,Complainant robbed at Mannan Street by 2 armed persons.,70.0,Male,4,12.989581621690862,77.55353077067544,0,0,1
5329,FIR/2023/KA01/02750,150,24,2023-06-11,2023,6,under_investigation,FIR registered for NDPS Act at Jayaraman Circle.,70.0,Female,2,12.897425556313017,77.6597097921607,0,0,0
5330,FIR/2023/KA01/02751,137,27,2023-09-15,2023,9,under_investigation,FIR registered for Hurt/Grievous Hurt at Prabhu.,32.0,Male,2,13.07157719935219,77.59855346115255,0,0,0
5331,FIR/2024/KA01/02752,141,1,2024-05-08,2024,5,closed,Complaint received regarding theft of two-wheeler worth Rs.255040.,,Female,3,13.109531164957296,77.59778594743476,0,0,1
5332,FIR/2023/KA01/02753,13,28,2023-03-09,2023,3,under_investigation,FIR registered for Criminal Trespass at Shere Chowk.,33.0,Male,1,13.117475119850225,77.70136987506696,0,0,0
5333,FIR/2022/KA09/00084,435,32,2022-11-09,2022,11,chargesheeted,FIR registered for Missing Person at Narayanan Ganj.,68.0,Male,3,13.92195286143595,75.45515718636237,0,0,1
5334,FIR/2024/KA05/00153,298,25,2024-12-06,2024,12,chargesheeted,FIR registered for Arms Act at Gala Street.,20.0,Other,5,17.207925379848206,76.86279801559489,0,0,1
5335,FIR/2024/KA04/00149,234,19,2024-02-18,2024,2,closed,FIR registered for Cyber Crime - Phishing at Som Circle.,27.0,Female,1,15.82804952483302,74.52082742244711,1,0,1
5336,FIR/2023/KA19/00014,795,25,2023-12-10,2023,12,pending_trial,FIR registered for Arms Act at Nadkarni Nagar.,46.0,Male,2,12.384955559721355,75.76403995256044,0,0,1
5337,FIR/2022/KA31/00029,1139,12,2022-06-11,2022,6,under_investigation,Accused cheated complainant of Rs.105130 through false promises.,25.0,Female,1,12.025222569615877,77.08433845193098,0,1,0
5338,FIR/2022/KA01/02754,131,1,2022-08-15,2022,8,chargesheeted,Complaint received regarding theft of cash worth Rs.34631.,54.0,Male,2,12.855833878593263,77.49567103058284,0,0,1
5339,FIR/2024/KA01/02755,101,1,2024-04-20,2024,4,closed,Complaint received regarding theft of laptop worth Rs.194077.,41.0,Other,1,13.006125084855023,77.53255943829197,0,0,1
5340,FIR/2022/KA01/02756,27,2,2022-01-17,2022,1,closed,FIR registered for House Breaking & Theft at Guha Road.,60.0,Female,3,13.020669543192472,77.6174819553644,0,0,1
5341,FIR/2023/KA01/02757,23,8,2023-10-21,2023,10,closed,Victim reported sexual assault incident at Chandra Ganj. Medical examination conducted.,73.0,Male,2,12.862491042660626,77.67568205874812,0,0,1
5342,FIR/2024/KA29/00100,1072,29,2024-04-14,2024,4,under_investigation,FIR registered for Mischief at Shanker Circle.,29.0,Male,3,14.475064568984736,75.8411174757857,0,0,0
5343,FIR/2022/KA01/02758,64,6,2022-01-21,2022,1,closed,FIR registered for Attempt to Murder at Chandra Path.,34.0,Male,5,12.855682008233467,77.61555488349991,0,0,1
5344,FIR/2023/KA14/00117,648,1,2023-03-08,2023,3,registered,Complaint received regarding theft of two-wheeler worth Rs.216599.,49.0,Female,4,15.478848056906159,75.02412338454627,0,0,0
5345,FIR/2024/KA01/02759,89,5,2024-04-13,2024,4,under_investigation,Dead body found at Dugar. Prima facie case of murder registered.,,Male,5,12.842324285751427,77.66048215663403,0,0,0
5346,FIR/2023/KA13/00118,609,27,2023-09-19,2023,9,chargesheeted,FIR registered for Hurt/Grievous Hurt at Palla Zila.,66.0,Other,5,16.129853217907225,77.37560029875472,0,0,1
5347,FIR/2024/KA21/00062,859,19,2024-10-23,2024,10,closed,FIR registered for Cyber Crime - Phishing at Kara Circle.,56.0,Male,3,13.053779398943453,78.23875294250412,1,0,1
5348,FIR/2024/KA01/02760,101,18,2024-06-28,2024,6,under_investigation,FIR registered for Cyber Crime - Hacking at Atwal Path.,63.0,Female,2,13.013815127158427,77.54648841710818,1,0,0
5349,FIR/2024/KA01/02761,141,29,2024-02-17,2024,2,chargesheeted,FIR registered for Mischief at Maharaj Ganj.,21.0,Male,2,13.113062255430135,77.608166674033,0,0,1
5350,FIR/2023/KA01/02762,178,12,2023-07-13,2023,7,chargesheeted,Accused cheated complainant of Rs.420235 through false promises.,65.0,Other,4,13.121722382455813,77.71094991345782,0,1,1
5351,FIR/2022/KA20/00122,822,19,2022-06-19,2022,6,under_investigation,FIR registered for Cyber Crime - Phishing at Mohan.,65.0,Male,1,12.442960542918703,76.77791226044177,1,0,0
5352,FIR/2024/KA04/00150,262,1,2024-04-15,2024,4,closed,Complaint received regarding theft of laptop worth Rs.313696.,62.0,Female,2,15.822758712995643,74.3939527466636,0,0,1
5353,FIR/2024/KA01/02763,118,13,2024-05-08,2024,5,chargesheeted,FIR registered for Criminal Breach of Trust at Jain Road.,20.0,Female,5,13.05337274059606,77.59916787031082,0,1,1
5354,FIR/2023/KA01/02764,17,2,2023-04-23,2023,4,under_investigation,FIR registered for House Breaking & Theft at Dua Zila.,49.0,Male,3,12.909593066119054,77.57211805445901,0,0,0
5355,FIR/2024/KA01/02765,83,10,2024-03-03,2024,3,under_investigation,FIR registered for Sexual Harassment at Kalita Zila.,27.0,Female,5,12.861883998639744,77.73605040511629,0,0,0
5356,FIR/2024/KA17/00094,751,29,2024-06-24,2024,6,chargesheeted,FIR registered for Mischief at Gokhale Road.,37.0,Female,5,14.278697143348925,76.47815060914814,0,0,1
5357,FIR/2022/KA01/02766,123,9,2022-01-20,2022,1,under_investigation,FIR registered for Assault on Women at Chaudry Road.,60.0,Other,2,13.100257558573869,77.49512614679129,0,0,0
5358,FIR/2022/KA17/00095,760,21,2022-07-25,2022,7,pending_trial,FIR registered for Dowry Prohibition Act at Vig Street.,64.0,Other,5,14.349281971315554,76.32314999235061,0,0,1
5359,FIR/2023/KA01/02767,136,16,2023-10-05,2023,10,chargesheeted,Victim lost Rs.467333 through online fraud/UPI scam.,69.0,Female,4,12.925245389329593,77.66775002604969,1,0,1
5360,FIR/2024/KA23/00058,907,12,2024-10-13,2024,10,under_investigation,Accused cheated complainant of Rs.72153 through false promises.,18.0,Male,4,12.750664826588565,77.20069010077549,0,1,0
5361,FIR/2024/KA01/02768,159,24,2024-01-21,2024,1,chargesheeted,FIR registered for NDPS Act at Solanki.,32.0,Other,5,12.83529742622856,77.7154892764612,0,0,1
5362,FIR/2022/KA25/00086,955,1,2022-06-05,2022,6,closed,Complaint received regarding theft of two-wheeler worth Rs.7343.,49.0,Female,5,17.97602819579176,77.5332521610626,0,0,1
5363,FIR/2024/KA01/02769,172,12,2024-09-22,2024,9,under_investigation,Accused cheated complainant of Rs.96318 through false promises.,22.0,Female,4,13.01122686513714,77.5708079367251,0,1,0
5364,FIR/2023/KA27/00174,1029,1,2023-09-21,2023,9,registered,Complaint received regarding theft of cash worth Rs.18700.,29.0,Other,3,16.086216321777627,75.67616143758713,0,0,0
5365,FIR/2024/KA01/02770,69,29,2024-02-23,2024,2,under_investigation,FIR registered for Mischief at Din.,43.0,Female,2,13.005140380877561,77.53370560593865,0,0,0
5366,FIR/2024/KA01/02771,172,1,2024-08-27,2024,8,registered,Complaint received regarding theft of two-wheeler worth Rs.290469.,54.0,Male,2,13.040212178889098,77.56224791596807,0,0,0
5367,FIR/2024/KA11/00188,517,11,2024-09-09,2024,9,registered,FIR registered for Kidnapping & Abduction at Acharya Chowk.,43.0,Other,1,15.135781358540662,77.06361657103075,0,0,0
5368,FIR/2023/KA29/00101,1092,16,2023-10-18,2023,10,under_investigation,Victim lost Rs.467286 through online fraud/UPI scam.,31.0,Female,5,14.45038025601096,75.81601856173634,1,0,0
5369,FIR/2023/KA01/02772,107,17,2023-01-22,2023,1,chargesheeted,FIR registered for Cyber Crime - Identity Theft at Devan Nagar.,27.0,Male,5,12.84432442662565,77.70532913976099,1,0,1
5370,FIR/2022/KA01/02773,109,1,2022-07-23,2022,7,under_investigation,Complaint received regarding theft of two-wheeler worth Rs.312858.,56.0,Female,4,12.863582957287854,77.64824668069296,0,0,0
5371,FIR/2023/KA01/02774,71,16,2023-02-23,2023,2,under_investigation,Victim lost Rs.27819 through online fraud/UPI scam.,63.0,Male,1,12.996399419821696,77.56493453027367,1,0,0
5372,FIR/2023/KA07/00048,373,12,2023-08-19,2023,8,chargesheeted,Accused cheated complainant of Rs.205854 through false promises.,,Male,1,13.442692648696527,74.82523620322524,0,1,1
5373,FIR/2024/KA18/00021,769,14,2024-12-23,2024,12,chargesheeted,FIR registered for Forgery at Dalal Circle.,39.0,Female,2,13.373613399166825,75.69887186485255,0,1,1
5374,FIR/2022/KA01/02775,158,19,2022-02-06,2022,2,pending_trial,FIR registered for Cyber Crime - Phishing at Ramaswamy Ganj.,58.0,Male,2,13.025495342422722,77.46416770581317,1,0,1
5375,FIR/2024/KA10/00189,459,28,2024-03-12,2024,3,under_investigation,FIR registered for Criminal Trespass at Rajan Marg.,74.0,Male,5,13.370876889606333,77.04006697333246,0,0,0
5376,FIR/2023/KA31/00030,1141,8,2023-06-06,2023,6,under_investigation,Victim reported sexual assault incident at Pant Chowk. Medical examination conducted.,38.0,Female,5,11.983888925993769,76.80618858699631,0,0,0
5377,FIR/2022/KA01/02776,162,17,2022-10-11,2022,10,registered,FIR registered for Cyber Crime - Identity Theft at Vig Road.,50.0,Other,4,13.048821535685905,77.60297134154125,1,0,0
5378,FIR/2023/KA20/00123,829,30,2023-03-02,2023,3,pending_trial,FIR registered for Extortion at Wali Path.,30.0,Male,4,12.568001331733285,76.903146280512,0,0,1
5379,FIR/2024/KA01/02777,101,1,2024-03-17,2024,3,chargesheeted,Complaint received regarding theft of gold chain worth Rs.498436.,56.0,Other,5,13.013103178460984,77.52915950078777,0,0,1
5380,FIR/2024/KA01/02778,112,30,2024-10-19,2024,10,chargesheeted,FIR registered for Extortion at Mall Street.,71.0,Female,1,12.977989943314151,77.63314402970579,0,0,1
5381,FIR/2022/KA09/00085,447,16,2022-01-16,2022,1,under_investigation,Victim lost Rs.122215 through online fraud/UPI scam.,52.0,Other,1,13.877298542413774,75.60100678644557,1,0,0
5382,FIR/2024/KA27/00175,1006,19,2024-09-17,2024,9,chargesheeted,FIR registered for Cyber Crime - Phishing at Sathe Circle.,24.0,Male,4,16.130319433432845,75.8344358233176,1,0,1
5383,FIR/2022/KA04/00151,254,22,2022-01-11,2022,1,under_investigation,FIR registered for POCSO Act at Krishna Chowk.,64.0,Other,5,16.000859588449522,74.55010967023422,0,0,0
5384,FIR/2024/KA09/00086,420,25,2024-04-24,2024,4,closed,FIR registered for Arms Act at Saran Zila.,21.0,Male,5,13.980911929713152,75.5255947990267,0,0,1
5385,FIR/2024/KA13/00119,633,3,2024-08-07,2024,8,under_investigation,Complainant robbed at Gokhale Path by 1 armed persons.,23.0,Female,2,16.118176472657723,77.40011840089943,0,0,0
5386,FIR/2024/KA31/00031,1134,1,2024-12-14,2024,12,chargesheeted,Complaint received regarding theft of cash worth Rs.469949.,25.0,Male,3,11.896418685493142,76.89409210607494,0,0,1
5387,FIR/2023/KA01/02779,104,22,2023-03-01,2023,3,registered,FIR registered for POCSO Act at Pal Chowk.,29.0,Other,2,13.116821999852895,77.59651755602272,0,0,0
5388,FIR/2023/KA29/00102,1078,1,2023-08-17,2023,8,registered,Complaint received regarding theft of two-wheeler worth Rs.161430.,22.0,Female,4,14.414154474201043,76.00336917149494,0,0,0
5389,FIR/2024/KA01/02780,154,10,2024-06-28,2024,6,closed,FIR registered for Sexual Harassment at Halder.,,Other,3,13.020464122481993,77.48270271469848,0,0,1
5390,FIR/2024/KA01/02781,47,23,2024-02-15,2024,2,pending_trial,FIR registered for Domestic Violence at Prasad Marg.,25.0,Other,5,13.077818419928441,77.48407719790228,0,0,1
5391,FIR/2023/KA16/00082,706,28,2023-05-16,2023,5,closed,FIR registered for Criminal Trespass at Anne Street.,32.0,Female,2,14.799824222802828,75.4051505439065,0,0,1
5392,FIR/2022/KA01/02782,117,16,2022-06-13,2022,6,chargesheeted,Victim lost Rs.69898 through online fraud/UPI scam.,31.0,Female,1,12.86144631051545,77.47192327801883,1,0,1
5393,FIR/2024/KA27/00176,1030,2,2024-08-26,2024,8,under_investigation,FIR registered for House Breaking & Theft at Vora Path.,63.0,Other,1,16.341651588747343,75.78087811204935,0,0,0
5394,FIR/2022/KA01/02783,30,27,2022-02-26,2022,2,closed,FIR registered for Hurt/Grievous Hurt at Ahluwalia Ganj.,53.0,Other,5,13.032136106435386,77.67971326031696,0,0,1
5395,FIR/2023/KA01/02784,14,23,2023-04-02,2023,4,chargesheeted,FIR registered for Domestic Violence at Mukherjee.,47.0,Male,3,12.911696888737769,77.64682570423965,0,0,1
5396,FIR/2022/KA11/00189,541,16,2022-01-07,2022,1,chargesheeted,Victim lost Rs.219779 through online fraud/UPI scam.,57.0,Female,2,15.089580153823544,77.00191670734257,1,0,1
5397,FIR/2024/KA27/00177,1006,13,2024-08-07,2024,8,closed,FIR registered for Criminal Breach of Trust at Kulkarni Path.,70.0,Male,5,16.116143916120155,75.84244308130903,0,1,1
5398,FIR/2023/KA01/02785,180,18,2023-03-18,2023,3,closed,FIR registered for Cyber Crime - Hacking at Arya Circle.,64.0,Male,1,12.83043165860181,77.47595448482788,1,0,1
5399,FIR/2023/KA01/02786,72,16,2023-11-05,2023,11,chargesheeted,Victim lost Rs.107869 through online fraud/UPI scam.,46.0,Female,3,12.83314982630492,77.65001922490252,1,0,1
5400,FIR/2024/KA01/02787,140,21,2024-12-04,2024,12,under_investigation,FIR registered for Dowry Prohibition Act at Maharaj Nagar.,75.0,Female,3,12.954268196772896,77.48043030910624,0,0,0
5401,FIR/2023/KA01/02788,17,10,2023-02-04,2023,2,registered,FIR registered for Sexual Harassment at Rao Chowk.,43.0,Male,3,12.890336647888095,77.57890347399758,0,0,0
5402,FIR/2022/KA01/02789,35,3,2022-12-18,2022,12,chargesheeted,Complainant robbed at Kulkarni Nagar by 1 armed persons.,22.0,Male,2,13.111953171976628,77.72660560607683,0,0,1
5403,FIR/2022/KA31/00032,1138,24,2022-11-27,2022,11,chargesheeted,FIR registered for NDPS Act at Bhandari Road.,53.0,Other,3,12.037666168362177,76.98162520963042,0,0,1
5404,FIR/2023/KA01/02790,8,23,2023-10-13,2023,10,under_investigation,FIR registered for Domestic Violence at Balasubramanian.,,Other,3,12.842347925000794,77.47524438163211,0,0,0
5405,FIR/2023/KA14/00118,664,32,2023-06-20,2023,6,chargesheeted,FIR registered for Missing Person at Sha Chowk.,55.0,Other,4,15.35880770904639,75.15456522353414,0,0,1
5406,FIR/2024/KA01/02791,68,26,2024-10-19,2024,10,chargesheeted,FIR registered for Riots at Ghose Chowk.,72.0,Male,4,12.98150703538813,77.64194940175801,0,0,1
5407,FIR/2023/KA05/00154,316,22,2023-10-25,2023,10,pending_trial,FIR registered for POCSO Act at Chawla Chowk.,21.0,Female,2,17.172597526207902,76.7689081767993,0,0,1
5408,FIR/2024/KA01/02792,137,23,2024-10-20,2024,10,registered,FIR registered for Domestic Violence at Pingle Nagar.,30.0,Male,5,13.09054308524033,77.6061845550925,0,0,0
5409,FIR/2022/KA08/00104,414,26,2022-02-11,2022,2,under_investigation,FIR registered for Riots at Dua Nagar.,42.0,Female,4,12.864407402936001,76.05919359741341,0,0,0
5410,FIR/2022/KA01/02793,77,16,2022-08-19,2022,8,under_investigation,Victim lost Rs.288506 through online fraud/UPI scam.,67.0,Male,4,13.070248565021544,77.51857229860789,1,0,0
5411,FIR/2024/KA09/00087,426,9,2024-04-05,2024,4,under_investigation,FIR registered for Assault on Women at Saini Zila.,53.0,Other,3,13.885036352925354,75.51292354361046,0,0,0
5412,FIR/2022/KA16/00083,714,13,2022-12-01,2022,12,under_investigation,FIR registered for Criminal Breach of Trust at Bhalla Zila.,29.0,Male,1,14.767202547326008,75.55962325975753,0,1,0
5413,FIR/2024/KA09/00088,449,31,2024-02-24,2024,2,closed,FIR registered for Criminal Intimidation at Bhatia Chowk.,50.0,Female,1,13.963348716658732,75.62623653801812,0,0,1
5414,FIR/2023/KA01/02794,13,1,2023-07-23,2023,7,registered,Complaint received regarding theft of mobile phone worth Rs.208881.,49.0,Male,2,13.132766948179372,77.70057913193176,0,0,0
5415,FIR/2024/KA01/02795,71,27,2024-10-28,2024,10,closed,FIR registered for Hurt/Grievous Hurt at Mall Circle.,63.0,Female,4,12.995666348709719,77.56937896132459,0,0,1
5416,FIR/2022/KA01/02796,93,10,2022-08-06,2022,8,registered,FIR registered for Sexual Harassment at Badal Ganj.,68.0,Female,1,13.072170285071193,77.70479828627721,0,0,0
5417,FIR/2024/KA25/00087,956,16,2024-02-06,2024,2,registered,Victim lost Rs.184532 through online fraud/UPI scam.,58.0,Male,3,17.95278938720463,77.63483803601225,1,0,0
5418,FIR/2023/KA01/02797,149,19,2023-06-12,2023,6,closed,FIR registered for Cyber Crime - Phishing at Peri Street.,23.0,Male,5,12.912232326053488,77.58811373446267,1,0,1
5419,FIR/2023/KA01/02798,122,19,2023-07-14,2023,7,chargesheeted,FIR registered for Cyber Crime - Phishing at Atwal Circle.,57.0,Other,2,13.10430203932824,77.58823876231969,1,0,1
5420,FIR/2023/KA01/02799,106,2,2023-03-02,2023,3,chargesheeted,FIR registered for House Breaking & Theft at Saha Marg.,71.0,Female,2,13.004286684963448,77.54695343375522,0,0,1
5421,FIR/2024/KA01/02800,149,19,2024-10-22,2024,10,chargesheeted,FIR registered for Cyber Crime - Phishing at Bhattacharyya Nagar.,,Female,4,12.87768408083011,77.58727459154345,1,0,1
5422,FIR/2022/KA01/02801,13,5,2022-01-26,2022,1,chargesheeted,Dead body found at Thaker Ganj. Prima facie case of murder registered.,26.0,Female,4,13.115628387781786,77.71241192992187,0,0,1
5423,FIR/2024/KA01/02802,181,12,2024-02-10,2024,2,pending_trial,Accused cheated complainant of Rs.151899 through false promises.,19.0,Other,5,12.868842353369162,77.69464818993299,0,1,1
5424,FIR/2024/KA01/02803,87,18,2024-05-21,2024,5,under_investigation,FIR registered for Cyber Crime - Hacking at Gera Zila.,64.0,Female,4,12.841262102025219,77.55362006270795,1,0,0
5425,FIR/2024/KA25/00088,961,15,2024-03-08,2024,3,chargesheeted,FIR registered for Counterfeiting at Basu Chowk.,59.0,Male,2,17.8605844824502,77.57526100392465,0,1,1
5426,FIR/2022/KA25/00089,951,3,2022-01-13,2022,1,registered,Complainant robbed at Issac Road by 3 armed persons.,40.0,Female,5,17.92929752218461,77.55129000033743,0,0,0
5427,FIR/2024/KA01/02804,3,22,2024-08-09,2024,8,pending_trial,FIR registered for POCSO Act at Rout Circle.,44.0,Other,3,12.837786115871621,77.45942559570406,0,0,1
5428,FIR/2024/KA01/02805,68,19,2024-02-28,2024,2,closed,FIR registered for Cyber Crime - Phishing at Aggarwal Street.,32.0,Other,5,13.00696444310283,77.61323853571443,1,0,1
5429,FIR/2024/KA27/00178,998,19,2024-06-18,2024,6,pending_trial,FIR registered for Cyber Crime - Phishing at Mahal Road.,56.0,Female,3,16.262558022016236,75.54185104672305,1,0,1
5430,FIR/2023/KA01/02806,124,11,2023-12-10,2023,12,registered,FIR registered for Kidnapping & Abduction at Panchal Circle.,62.0,Other,4,13.014477048363926,77.72716692043542,0,0,0
5431,FIR/2024/KA01/02807,138,1,2024-02-28,2024,2,under_investigation,Complaint received regarding theft of gold chain worth Rs.216749.,74.0,Other,1,13.000123310638488,77.50298505520267,0,0,0
5432,FIR/2023/KA13/00120,600,24,2023-07-13,2023,7,pending_trial,FIR registered for NDPS Act at Chadha Chowk.,31.0,Male,2,16.300750067473153,77.21923248541827,0,0,1
5433,FIR/2022/KA03/00057,227,11,2022-09-07,2022,9,chargesheeted,FIR registered for Kidnapping & Abduction at Sheth.,56.0,Male,4,12.306270197297527,76.59219748991413,0,0,1
5434,FIR/2022/KA05/00155,292,1,2022-03-10,2022,3,closed,Complaint received regarding theft of two-wheeler worth Rs.474010.,50.0,Female,1,17.18581354182391,76.82033545055768,0,0,1
5435,FIR/2024/KA13/00121,607,1,2024-08-21,2024,8,under_investigation,Complaint received regarding theft of mobile phone worth Rs.75058.,24.0,Male,3,16.139911338332297,77.47001087041943,0,0,0
5436,FIR/2022/KA03/00058,208,31,2022-09-15,2022,9,chargesheeted,FIR registered for Criminal Intimidation at Grewal Zila.,71.0,Other,1,12.249106133511434,76.69816098328295,0,0,1
5437,FIR/2024/KA06/00116,321,11,2024-01-14,2024,1,chargesheeted,FIR registered for Kidnapping & Abduction at Bahri Path.,23.0,Other,1,12.988922916721151,74.85775068013925,0,0,1
5438,FIR/2024/KA01/02808,130,6,2024-07-16,2024,7,closed,FIR registered for Attempt to Murder at Anne Street.,43.0,Other,3,12.908143398883738,77.50732299731565,0,0,1
5439,FIR/2023/KA01/02809,135,1,2023-03-09,2023,3,chargesheeted,Complaint received regarding theft of laptop worth Rs.187145.,58.0,Other,5,13.09536356975131,77.63300982498507,0,0,1
5440,FIR/2023/KA10/00190,460,6,2023-02-06,2023,2,registered,FIR registered for Attempt to Murder at Bumb Chowk.,50.0,Male,4,13.325825870237912,77.00848065314071,0,0,0
5441,FIR/2024/KA01/02810,21,17,2024-05-15,2024,5,closed,FIR registered for Cyber Crime - Identity Theft at Morar Ganj.,42.0,Male,1,13.007151676451473,77.64601226721413,1,0,1
5442,FIR/2022/KA01/02811,149,12,2022-04-07,2022,4,under_investigation,Accused cheated complainant of Rs.20891 through false promises.,33.0,Other,5,12.876049294784671,77.59916470400388,0,1,0
5443,FIR/2023/KA01/02812,73,2,2023-09-19,2023,9,under_investigation,FIR registered for House Breaking & Theft at Bera Road.,38.0,Female,2,12.838194878524355,77.5257908870742,0,0,0
5444,FIR/2022/KA04/00152,241,35,2022-03-19,2022,3,pending_trial,FIR registered for SC/ST Atrocities Act at Mangat Marg.,53.0,Female,5,15.940858633071151,74.46340888577143,0,0,1
5445,FIR/2023/KA06/00117,348,16,2023-01-11,2023,1,closed,Victim lost Rs.150518 through online fraud/UPI scam.,65.0,Male,4,12.908328235416068,74.72784654521638,1,0,1
5446,FIR/2022/KA21/00063,864,2,2022-01-12,2022,1,chargesheeted,FIR registered for House Breaking & Theft at Mutti Street.,59.0,Female,2,13.05986042528668,78.08719827044968,0,0,1
5447,FIR/2022/KA10/00191,483,10,2022-09-03,2022,9,under_investigation,FIR registered for Sexual Harassment at Kara Marg.,41.0,Female,1,13.320019405626397,77.22541337616411,0,0,0
5448,FIR/2023/KA01/02813,91,9,2023-09-24,2023,9,under_investigation,FIR registered for Assault on Women at Mahajan Ganj.,72.0,Male,3,13.119044237156,77.69207063273676,0,0,0
5449,FIR/2023/KA01/02814,62,12,2023-06-14,2023,6,closed,Accused cheated complainant of Rs.352003 through false promises.,48.0,Other,1,13.055309041808787,77.50843783479615,0,1,1
5450,FIR/2022/KA01/02815,165,34,2022-06-09,2022,6,chargesheeted,FIR registered for Immoral Traffic Act at Lad Road.,69.0,Male,1,12.997337246919066,77.5606058262142,0,0,1
5451,FIR/2024/KA27/00179,1040,17,2024-04-13,2024,4,under_investigation,FIR registered for Cyber Crime - Identity Theft at Lalla Chowk.,62.0,Female,2,16.160954856769795,75.7061779802212,1,0,0
5452,FIR/2024/KA01/02816,155,13,2024-03-14,2024,3,pending_trial,FIR registered for Criminal Breach of Trust at Suri Zila.,69.0,Female,4,12.903729017205205,77.66842170942131,0,1,1
5453,FIR/2022/KA24/00040,929,5,2022-02-25,2022,2,under_investigation,Dead body found at Patla Path. Prima facie case of murder registered.,18.0,Other,4,16.908686861874507,77.06392543498482,0,0,0
5454,FIR/2023/KA01/02817,178,30,2023-08-17,2023,8,chargesheeted,FIR registered for Extortion at Virk Path.,64.0,Male,4,13.13305706747606,77.68069209363486,0,0,1
5455,FIR/2024/KA10/00192,457,22,2024-10-13,2024,10,closed,FIR registered for POCSO Act at Garde Chowk.,46.0,Female,5,13.293451493081,77.15248631216443,0,0,1
5456,FIR/2024/KA05/00156,294,12,2024-10-16,2024,10,closed,Accused cheated complainant of Rs.478172 through false promises.,25.0,Other,5,17.411761778736874,76.9559943936137,0,1,1
5457,FIR/2023/KA08/00105,380,23,2023-10-10,2023,10,under_investigation,FIR registered for Domestic Violence at Yogi Street.,36.0,Female,4,12.891292357224193,76.02448211228668,0,0,0
5458,FIR/2022/KA10/00193,480,6,2022-12-18,2022,12,chargesheeted,FIR registered for Attempt to Murder at Kade.,70.0,Female,2,13.367321109689428,77.07437003662749,0,0,1
5459,FIR/2024/KA11/00190,541,16,2024-07-17,2024,7,under_investigation,Victim lost Rs.201011 through online fraud/UPI scam.,40.0,Female,4,15.096065213723458,77.03092339938307,1,0,0
5460,FIR/2023/KA01/02818,97,18,2023-06-21,2023,6,under_investigation,FIR registered for Cyber Crime - Hacking at Johal Road.,51.0,Male,3,12.896730186375734,77.52643350505856,1,0,0
5461,FIR/2024/KA06/00118,343,9,2024-11-01,2024,11,under_investigation,FIR registered for Assault on Women at Thakur Path.,73.0,Female,2,13.053281266086303,74.87799642676899,0,0,0
5462,FIR/2023/KA16/00084,709,6,2023-12-21,2023,12,closed,FIR registered for Attempt to Murder at Luthra Circle.,67.0,Other,4,14.706179724192687,75.37644606377404,0,0,1
5463,FIR/2024/KA10/00194,469,22,2024-12-13,2024,12,under_investigation,FIR registered for POCSO Act at Varghese Zila.,68.0,Male,4,13.41431296683342,77.04986032021208,0,0,0
5464,FIR/2023/KA10/00195,497,12,2023-01-19,2023,1,chargesheeted,Accused cheated complainant of Rs.479418 through false promises.,71.0,Female,1,13.38587760648447,77.04552964453532,0,1,1
5465,FIR/2024/KA01/02819,92,2,2024-07-07,2024,7,closed,FIR registered for House Breaking & Theft at Sibal Ganj.,,Male,2,13.027285164480102,77.54778904597775,0,0,1
5466,FIR/2024/KA01/02820,34,33,2024-07-27,2024,7,closed,FIR registered for Road Accident Death at Balay Road.,44.0,Female,2,13.015164979263199,77.48864948574143,0,0,1
5467,FIR/2023/KA20/00124,831,30,2023-09-23,2023,9,closed,FIR registered for Extortion at Varughese Zila.,29.0,Female,2,12.61100284129552,76.82143301019703,0,0,1
5468,FIR/2022/KA20/00125,810,2,2022-10-14,2022,10,closed,FIR registered for House Breaking & Theft at Soman Street.,50.0,Male,2,12.656032072156355,76.96044833451084,0,0,1
5469,FIR/2024/KA14/00119,660,1,2024-08-18,2024,8,chargesheeted,Complaint received regarding theft of laptop worth Rs.87812.,41.0,Female,5,15.38591824174308,74.98646888131033,0,0,1
5470,FIR/2022/KA10/00196,486,24,2022-12-15,2022,12,closed,FIR registered for NDPS Act at Naidu.,52.0,Male,5,13.314885835263539,77.18771946424226,0,0,1
5471,FIR/2024/KA10/00197,485,1,2024-06-10,2024,6,registered,Complaint received regarding theft of laptop worth Rs.149536.,,Other,1,13.23610179912298,77.11975425541911,0,0,0
5472,FIR/2022/KA01/02821,61,22,2022-11-23,2022,11,chargesheeted,FIR registered for POCSO Act at Bandi.,75.0,Male,1,13.011839314695223,77.65686334587959,0,0,1
5473,FIR/2022/KA01/02822,25,14,2022-08-23,2022,8,chargesheeted,FIR registered for Forgery at Cheema Path.,27.0,Male,2,13.135426705304596,77.50515653001435,0,1,1
5474,FIR/2023/KA12/00132,564,3,2023-01-25,2023,1,under_investigation,Complainant robbed at Anand Path by 4 armed persons.,37.0,Other,1,16.80023614031796,75.6941071219068,0,0,0
5475,FIR/2023/KA05/00157,299,9,2023-01-03,2023,1,chargesheeted,FIR registered for Assault on Women at Sama Street.,18.0,Other,4,17.297238830206602,76.99989053185911,0,0,1
5476,FIR/2022/KA16/00085,730,2,2022-08-28,2022,8,pending_trial,FIR registered for House Breaking & Theft at Natt Chowk.,,Other,4,14.818682510112325,75.38398349027175,0,0,1
5477,FIR/2023/KA01/02823,118,12,2023-11-26,2023,11,registered,Accused cheated complainant of Rs.68361 through false promises.,27.0,Male,1,13.070372554059075,77.5805614417877,0,1,0
5478,FIR/2022/KA01/02824,134,26,2022-03-08,2022,3,registered,FIR registered for Riots at Parmar Street.,74.0,Female,3,13.097206789927366,77.6213993099329,0,0,0
5479,FIR/2024/KA01/02825,155,12,2024-12-24,2024,12,chargesheeted,Accused cheated complainant of Rs.218055 through false promises.,70.0,Other,1,12.907722960913377,77.65063489000323,0,1,1
5480,FIR/2024/KA29/00103,1075,16,2024-07-23,2024,7,under_investigation,Victim lost Rs.455846 through online fraud/UPI scam.,73.0,Male,1,14.570010971467399,75.85664046303421,1,0,0
5481,FIR/2022/KA01/02826,109,1,2022-01-23,2022,1,chargesheeted,Complaint received regarding theft of mobile phone worth Rs.462971.,56.0,Other,3,12.878546641682696,77.63184612652832,0,0,1
5482,FIR/2022/KA01/02827,142,9,2022-05-17,2022,5,chargesheeted,FIR registered for Assault on Women at Shan.,66.0,Other,2,13.010902782170847,77.46754084157074,0,0,1
5483,FIR/2022/KA01/02828,156,10,2022-01-24,2022,1,chargesheeted,FIR registered for Sexual Harassment at Saran.,36.0,Male,4,13.014630940855314,77.47598185236563,0,0,1
5484,FIR/2023/KA01/02829,107,29,2023-07-03,2023,7,closed,FIR registered for Mischief at Solanki Marg.,,Male,2,12.862335834627624,77.70183700011532,0,0,1
5485,FIR/2023/KA11/00191,540,18,2023-06-01,2023,6,under_investigation,FIR registered for Cyber Crime - Hacking at Krishnan Ganj.,,Male,2,15.169156319733604,76.9689128273355,1,0,0
5486,FIR/2023/KA01/02830,86,12,2023-09-23,2023,9,registered,Accused cheated complainant of Rs.245931 through false promises.,48.0,Other,1,13.086885511513747,77.61263244268548,0,1,0
5487,FIR/2022/KA01/02831,126,3,2022-02-24,2022,2,under_investigation,Complainant robbed at Rattan Chowk by 2 armed persons.,21.0,Other,1,12.963856485953096,77.69883858466679,0,0,0
5488,FIR/2024/KA22/00037,880,12,2024-02-13,2024,2,chargesheeted,Accused cheated complainant of Rs.444156 through false promises.,23.0,Other,2,13.532764450175009,77.66611174939072,0,1,1
5489,FIR/2023/KA01/02832,176,29,2023-01-03,2023,1,pending_trial,FIR registered for Mischief at Tripathi Ganj.,28.0,Female,2,13.01309125581831,77.5126612366522,0,0,1
5490,FIR/2024/KA01/02833,173,32,2024-08-13,2024,8,under_investigation,FIR registered for Missing Person at Sama Zila.,24.0,Male,5,12.944833971550185,77.66179492479168,0,0,0
5491,FIR/2024/KA01/02834,40,2,2024-01-23,2024,1,under_investigation,FIR registered for House Breaking & Theft at Luthra Marg.,,Other,5,13.013682489778125,77.74386326386839,0,0,0
5492,FIR/2023/KA18/00022,774,16,2023-10-21,2023,10,chargesheeted,Victim lost Rs.100057 through online fraud/UPI scam.,62.0,Female,3,13.374953168162156,75.86724832038693,1,0,1
5493,FIR/2024/KA09/00089,420,12,2024-12-24,2024,12,under_investigation,Accused cheated complainant of Rs.451729 through false promises.,29.0,Other,2,13.956525085719074,75.54212084895626,0,1,0
5494,FIR/2024/KA01/02835,39,15,2024-08-27,2024,8,under_investigation,FIR registered for Counterfeiting at Vala Street.,,Male,5,12.829084688744924,77.6849269924818,0,1,0
5495,FIR/2022/KA09/00090,419,9,2022-06-23,2022,6,chargesheeted,FIR registered for Assault on Women at Mital Street.,68.0,Male,4,13.849085438255589,75.70611002136559,0,0,1
5496,FIR/2024/KA01/02836,147,21,2024-12-02,2024,12,closed,FIR registered for Dowry Prohibition Act at Viswanathan.,,Other,1,12.844282231405112,77.71634059648603,0,0,1
5497,FIR/2024/KA01/02837,138,18,2024-08-17,2024,8,registered,FIR registered for Cyber Crime - Hacking at Dewan Ganj.,32.0,Other,3,13.000269626839545,77.49861199315427,1,0,0
5498,FIR/2024/KA01/02838,10,13,2024-05-05,2024,5,pending_trial,FIR registered for Criminal Breach of Trust at Nath Street.,45.0,Female,5,13.124192288841618,77.56137782475317,0,1,1
5499,FIR/2023/KA04/00153,269,19,2023-06-16,2023,6,registered,FIR registered for Cyber Crime - Phishing at Chana Nagar.,65.0,Other,2,15.74083117114551,74.46626479392796,1,0,0
5500,FIR/2023/KA30/00049,1125,1,2023-12-14,2023,12,closed,Complaint received regarding theft of cash worth Rs.287103.,74.0,Male,4,15.299422817526034,76.57496281652827,0,0,1
