link_id,fir_id,criminal_id,role
1,955,1059,accused
2,955,420,accused
3,1987,531,accused
4,1987,731,accused
5,5126,112,accused
6,5126,296,accused
7,5126,438,accused
8,4036,134,accused
9,4109,772,accused
10,3645,518,accused
11,3645,296,accused
12,553,218,accused
13,553,764,accused
14,4432,652,accused
15,4432,269,accused
16,4432,588,accused
17,3863,379,accused
18,3863,859,accused
19,3863,510,accused
20,5394,648,accused
21,5394,758,accused
22,4962,1008,accused
23,3779,1184,accused
24,3779,771,accused
25,5456,1173,accused
26,5456,375,accused
27,5456,197,accused
28,4297,246,accused
29,4297,1168,accused
30,5252,565,accused
31,5252,127,accused
32,4744,821,accused
33,4744,750,accused
34,1358,163,accused
35,1358,153,accused
36,4683,873,accused
37,4683,104,accused
38,4683,363,accused
39,1979,307,accused
40,1979,491,accused
41,1979,733,accused
42,479,322,accused
43,479,861,accused
44,479,769,accused
45,4705,570,accused
46,472,200,accused
47,472,950,accused
48,472,1113,accused
49,3693,201,accused
50,3693,881,accused
51,3693,1000,accused
52,3867,957,accused
53,3867,281,accused
54,3867,260,accused
55,1154,1144,accused
56,1154,783,accused
57,1154,212,accused
58,2618,312,accused
59,2618,239,accused
60,4541,938,accused
61,4541,648,accused
62,4541,491,accused
63,2448,743,accused
64,2448,981,accused
65,399,350,accused
66,399,356,accused
67,425,878,accused
68,425,995,accused
69,425,25,accused
70,4966,632,accused
71,4966,972,accused
72,4966,146,accused
73,5253,608,accused
74,5253,131,accused
75,5253,466,accused
76,44,531,accused
77,44,893,accused
78,44,21,accused
79,3397,288,accused
80,3397,1067,accused
81,3397,475,accused
82,1532,671,accused
83,1532,987,accused
84,5189,957,accused
85,2713,172,accused
86,213,1136,accused
87,213,26,accused
88,213,77,accused
89,4798,1194,accused
90,4798,687,accused
91,2228,440,accused
92,3345,179,accused
93,3345,1078,accused
94,3345,615,accused
95,3148,365,accused
96,3148,93,accused
97,3235,669,accused
98,3235,803,accused
99,31,89,accused
100,31,8,accused
101,2739,1123,accused
102,2739,679,accused
103,2739,623,accused
104,16,546,accused
105,3411,1083,accused
106,3411,14,accused
107,3411,1065,accused
108,4235,274,accused
109,4235,1065,accused
110,4646,521,accused
111,4646,310,accused
112,216,914,accused
113,216,187,accused
114,1496,107,accused
115,1496,639,accused
116,1496,733,accused
117,2977,1098,accused
118,3029,885,accused
119,3029,1039,accused
120,1282,449,accused
121,1282,1037,accused
122,1282,491,accused
123,4142,657,accused
124,4142,320,accused
125,4268,45,accused
126,4268,862,accused
127,4892,788,accused
128,4892,567,accused
129,3729,996,accused
130,1619,1146,accused
131,3769,615,accused
132,5229,158,accused
133,4577,469,accused
134,4577,851,accused
135,4577,867,accused
136,2158,441,accused
137,2158,727,accused
138,2158,263,accused
139,210,704,accused
140,210,1155,accused
141,3621,916,accused
142,3621,675,accused
143,3621,378,accused
144,5399,1002,accused
145,5399,78,accused
146,91,286,accused
147,2156,582,accused
148,2156,395,accused
149,2156,300,accused
150,943,1109,accused
151,943,181,accused
152,943,191,accused
153,4764,434,accused
154,4764,296,accused
155,220,505,accused
156,1421,889,accused
157,1421,188,accused
158,1421,399,accused
159,2198,1069,accused
160,2198,3,accused
161,989,529,accused
162,3362,1172,accused
163,3362,304,accused
164,3362,255,accused
165,854,859,accused
166,4062,792,accused
167,4062,75,accused
168,4062,101,accused
169,3669,956,accused
170,3669,672,accused
171,3669,916,accused
172,1120,677,accused
173,1564,1007,accused
174,1564,114,accused
175,4083,1018,accused
176,4083,853,accused
177,4083,633,accused
178,4671,129,accused
179,4671,578,accused
180,5187,767,accused
181,5187,15,accused
182,3608,1128,accused
183,3608,60,accused
184,3608,641,accused
185,1877,126,accused
186,1877,734,accused
187,1877,771,accused
188,264,263,accused
189,4655,832,accused
190,4655,275,accused
191,122,200,accused
192,122,113,accused
193,122,477,accused
194,2693,509,accused
195,1838,69,accused
196,1595,333,accused
197,460,984,accused
198,460,858,accused
199,950,861,accused
200,950,1134,accused
201,950,1137,accused
202,4841,871,accused
203,4841,602,accused
204,1313,21,accused
205,2701,136,accused
206,2701,16,accused
207,2701,963,accused
208,1019,1154,accused
209,1019,889,accused
210,1019,1015,accused
211,4317,1080,accused
212,3503,699,accused
213,3503,918,accused
214,2312,529,accused
215,3671,1175,accused
216,161,158,accused
217,2117,1163,accused
218,2117,987,accused
219,2117,973,accused
220,4328,84,accused
221,4328,686,accused
222,3054,450,accused
223,3054,631,accused
224,3054,576,accused
225,2601,583,accused
226,375,880,accused
227,375,427,accused
228,1398,691,accused
229,1398,428,accused
230,1673,377,accused
231,1673,1039,accused
232,1673,818,accused
233,675,1193,accused
234,675,477,accused
235,675,516,accused
236,2036,26,accused
237,2036,774,accused
238,2036,573,accused
239,3685,208,accused
240,3685,818,accused
241,2407,884,accused
242,2407,608,accused
243,2218,53,accused
244,4002,828,accused
245,4002,1168,accused
246,986,566,accused
247,986,1048,accused
248,2823,1143,accused
249,3100,695,accused
250,2935,505,accused
251,2935,508,accused
252,5471,465,accused
253,1788,318,accused
254,3879,149,accused
255,3879,188,accused
256,812,753,accused
257,812,721,accused
258,2650,1005,accused
259,2650,496,accused
260,2650,231,accused
261,255,596,accused
262,255,322,accused
263,255,136,accused
264,88,210,accused
265,3967,1189,accused
266,3967,326,accused
267,3967,888,accused
268,2103,487,accused
269,2103,860,accused
270,2103,15,accused
271,4545,81,accused
272,4545,963,accused
273,4545,390,accused
274,4219,746,accused
275,4219,206,accused
276,4219,477,accused
277,1816,1161,accused
278,4184,1103,accused
279,4184,878,accused
280,4184,1109,accused
281,1221,880,accused
282,1221,399,accused
283,1221,682,accused
284,3574,289,accused
285,3574,462,accused
286,3574,20,accused
287,4407,729,accused
288,4407,776,accused
289,4407,921,accused
290,1186,954,accused
291,1186,1003,accused
292,453,520,accused
293,671,296,accused
294,1173,746,accused
295,283,407,accused
296,1184,167,accused
297,881,393,accused
298,881,1109,accused
299,2611,565,accused
300,1174,977,accused
301,3314,702,accused
302,3314,522,accused
303,3314,888,accused
304,1422,746,accused
305,1422,758,accused
306,394,58,accused
307,394,860,accused
308,394,545,accused
309,3963,20,accused
310,3963,964,accused
311,3963,620,accused
312,3487,45,accused
313,3487,697,accused
314,3866,336,accused
315,3866,998,accused
316,3866,1041,accused
317,4691,1033,accused
318,2990,1067,accused
319,2990,237,accused
320,4034,256,accused
321,2565,118,accused
322,2565,552,accused
323,2565,25,accused
324,3789,57,accused
325,3789,1187,accused
326,3789,1142,accused
327,852,867,accused
328,852,1111,accused
329,852,920,accused
330,5446,581,accused
331,3550,178,accused
332,4914,955,accused
333,4914,580,accused
334,4914,531,accused
335,3675,727,accused
336,1153,512,accused
337,1153,185,accused
338,3010,335,accused
339,3010,855,accused
340,3010,613,accused
341,129,454,accused
342,129,319,accused
343,129,906,accused
344,223,632,accused
345,5367,736,accused
346,5367,71,accused
347,5367,455,accused
348,4877,428,accused
349,4877,624,accused
350,4877,986,accused
351,3820,1198,accused
352,3820,657,accused
353,2005,385,accused
354,3472,409,accused
355,2808,607,accused
356,2808,370,accused
357,2808,323,accused
358,4217,906,accused
359,4217,130,accused
360,4217,779,accused
361,3673,495,accused
362,3673,705,accused
363,5271,587,accused
364,4775,276,accused
365,4775,799,accused
366,4775,82,accused
367,2138,1031,accused
368,2138,744,accused
369,4829,1025,accused
370,4829,693,accused
371,1213,1085,accused
372,1213,1160,accused
373,1213,128,accused
374,1725,967,accused
375,979,517,accused
376,979,561,accused
377,5183,716,accused
378,5183,1137,accused
379,5183,685,accused
380,2840,215,accused
381,888,144,accused
382,902,1092,accused
383,66,36,accused
384,5185,307,accused
385,4570,927,accused
386,643,1065,accused
387,643,418,accused
388,4043,205,accused
389,4043,62,accused
390,4199,1060,accused
391,1622,448,accused
392,1622,193,accused
393,1622,294,accused
394,642,290,accused
395,642,1026,accused
396,1869,537,accused
397,2704,1120,accused
398,2704,1124,accused
399,3757,982,accused
400,3757,155,accused
401,3757,20,accused
402,582,598,accused
403,582,76,accused
404,5070,1139,accused
405,5070,109,accused
406,482,780,accused
407,4842,1064,accused
408,4842,159,accused
409,1615,509,accused
410,1615,775,accused
411,3358,1161,accused
412,3484,432,accused
413,905,880,accused
414,905,1174,accused
415,3965,637,accused
416,3965,883,accused
417,3355,1154,accused
418,3355,294,accused
419,2954,1072,accused
420,4155,106,accused
421,4155,958,accused
422,4155,435,accused
423,4156,180,accused
424,703,117,accused
425,703,985,accused
426,4308,264,accused
427,4308,747,accused
428,4179,265,accused
429,1966,830,accused
430,3813,58,accused
431,3813,747,accused
432,3095,143,accused
433,177,26,accused
434,3449,975,accused
435,3449,749,accused
436,3449,1063,accused
437,555,299,accused
438,555,981,accused
439,555,261,accused
440,3692,658,accused
441,3692,459,accused
442,3692,130,accused
443,634,685,accused
444,634,1035,accused
445,1084,991,accused
446,1084,421,accused
447,2912,241,accused
448,2912,1163,accused
449,2796,982,accused
450,2796,828,accused
451,2796,900,accused
452,454,386,accused
453,454,985,accused
454,5478,906,accused
455,5478,1159,accused
456,5478,830,accused
457,2820,1138,accused
458,2820,81,accused
459,4431,251,accused
460,2176,1182,accused
461,2176,1181,accused
462,2176,514,accused
463,4700,757,accused
464,4700,68,accused
465,4700,181,accused
466,1604,690,accused
467,4993,358,accused
468,4993,404,accused
469,956,945,accused
470,956,75,accused
471,956,1111,accused
472,3922,891,accused
473,4388,755,accused
474,1308,640,accused
475,1308,633,accused
476,1308,150,accused
477,3433,971,accused
478,3433,1004,accused
479,2180,601,accused
480,2180,694,accused
481,478,565,accused
482,478,249,accused
483,478,1027,accused
484,4481,1056,accused
485,4481,11,accused
486,4481,1110,accused
487,1616,1074,accused
488,1616,127,accused
489,1616,396,accused
490,2210,436,accused
491,2239,1079,accused
492,2239,134,accused
493,2514,727,accused
494,2514,266,accused
495,1697,472,accused
496,1697,136,accused
497,2250,720,accused
498,2250,659,accused
499,2250,284,accused
500,504,14,accused
501,504,629,accused
502,1500,955,accused
503,4240,975,accused
504,4276,622,accused
505,4276,325,accused
506,2744,408,accused
507,2744,512,accused
508,2744,273,accused
509,2563,694,accused
510,4863,828,accused
511,4863,427,accused
512,4863,82,accused
513,4870,258,accused
514,696,1075,accused
515,696,879,accused
516,696,954,accused
517,463,788,accused
518,463,47,accused
519,4188,1088,accused
520,4188,1067,accused
521,3742,282,accused
522,3708,234,accused
523,3708,899,accused
524,3708,649,accused
525,887,82,accused
526,5386,952,accused
527,5386,134,accused
528,5386,1095,accused
529,2571,799,accused
530,2571,708,accused
531,2571,148,accused
532,3578,1081,accused
533,3096,833,accused
534,3096,918,accused
535,2024,915,accused
536,2568,1123,accused
537,2568,797,accused
538,4013,774,accused
539,4013,608,accused
540,4013,797,accused
541,4767,316,accused
542,9,203,accused
543,9,352,accused
544,9,925,accused
545,5410,527,accused
546,5410,251,accused
547,4158,656,accused
548,4158,1050,accused
549,562,268,accused
550,562,452,accused
551,562,134,accused
552,4416,989,accused
553,4416,71,accused
554,3475,584,accused
555,3475,244,accused
556,4259,744,accused
557,4259,853,accused
558,4259,262,accused
559,1654,423,accused
560,1324,485,accused
561,1324,226,accused
562,1324,823,accused
563,500,97,accused
564,500,72,accused
565,79,629,accused
566,3832,121,accused
567,3832,1198,accused
568,3832,521,accused
569,1671,733,accused
570,4535,1001,accused
571,3218,302,accused
572,3218,71,accused
573,2695,241,accused
574,2695,446,accused
575,2695,107,accused
576,2375,774,accused
577,2375,842,accused
578,2375,470,accused
579,1912,403,accused
580,5495,318,accused
581,5495,852,accused
582,5495,496,accused
583,28,1148,accused
584,28,21,accused
585,28,860,accused
586,865,480,accused
587,865,1018,accused
588,865,136,accused
589,1004,533,accused
590,1004,303,accused
591,1004,565,accused
592,1083,301,accused
593,1083,723,accused
594,1083,1001,accused
595,3225,252,accused
596,3225,340,accused
597,3225,387,accused
598,4874,241,accused
599,4794,60,accused
600,4794,408,accused
601,4794,106,accused
602,1465,379,accused
603,1465,762,accused
604,1465,825,accused
605,4302,164,accused
606,4991,45,accused
607,3761,717,accused
608,1118,1043,accused
609,1093,114,accused
610,2148,846,accused
611,4687,1002,accused
612,3646,346,accused
613,3646,1051,accused
614,3646,512,accused
615,3339,166,accused
616,739,299,accused
617,739,421,accused
618,5004,978,accused
619,5004,1023,accused
620,5004,1059,accused
621,1795,364,accused
622,2542,328,accused
623,4383,885,accused
624,4383,694,accused
625,4051,979,accused
626,4051,869,accused
627,3886,664,accused
628,3126,642,accused
629,358,132,accused
630,792,47,accused
631,792,773,accused
632,1818,158,accused
633,1818,30,accused
634,1818,532,accused
635,835,580,accused
636,835,659,accused
637,835,692,accused
638,183,51,accused
639,183,1173,accused
640,183,522,accused
641,5120,554,accused
642,4369,769,accused
643,4369,199,accused
644,3505,835,accused
645,3505,682,accused
646,3505,507,accused
647,1079,77,accused
648,1079,646,accused
649,2139,965,accused
650,2139,1062,accused
651,2139,481,accused
652,2979,348,accused
653,1617,780,accused
654,1617,904,accused
655,1617,901,accused
656,650,1164,accused
657,1011,611,accused
658,1011,301,accused
659,2573,136,accused
660,2573,1017,accused
661,4035,727,accused
662,871,187,accused
663,871,322,accused
664,871,248,accused
665,4465,718,accused
666,4465,276,accused
667,1142,512,accused
668,1142,3,accused
669,3200,418,accused
670,3200,27,accused
671,3200,210,accused
672,2750,917,accused
673,2750,881,accused
674,1102,141,accused
675,1478,372,accused
676,3736,789,accused
677,958,995,accused
678,77,871,accused
679,77,243,accused
680,77,100,accused
681,3297,1171,accused
682,3297,799,accused
683,3297,966,accused
684,4343,962,accused
685,4343,899,accused
686,2130,687,accused
687,2130,417,accused
688,2130,629,accused
689,3353,477,accused
690,3467,441,accused
691,3467,623,accused
692,3467,1114,accused
693,5336,905,accused
694,2928,1110,accused
695,2928,700,accused
696,3420,999,accused
697,3420,171,accused
698,3000,655,accused
699,3000,685,accused
700,4438,1179,accused
701,4438,771,accused
702,2050,310,accused
703,2050,537,accused
704,267,477,accused
705,267,219,accused
706,2323,207,accused
707,2323,667,accused
708,2323,1092,accused
709,1505,4,accused
710,1505,404,accused
711,1505,327,accused
712,4746,402,accused
713,4746,107,accused
714,688,602,accused
715,688,1029,accused
716,688,687,accused
717,510,518,accused
718,510,48,accused
719,510,752,accused
720,1762,1153,accused
721,3626,30,accused
722,3626,479,accused
723,3626,881,accused
724,2188,489,accused
725,2188,422,accused
726,2188,375,accused
727,4777,202,accused
728,4777,701,accused
729,3697,1141,accused
730,3697,1199,accused
731,3697,817,accused
732,1586,480,accused
733,1586,124,accused
734,3476,281,accused
735,2453,362,accused
736,2453,1066,accused
737,2453,210,accused
738,2975,1045,accused
739,2975,758,accused
740,2975,1094,accused
741,3400,1161,accused
742,3400,694,accused
743,4061,518,accused
744,604,918,accused
745,604,435,accused
746,604,566,accused
747,5268,1057,accused
748,5268,892,accused
749,645,1127,accused
750,645,971,accused
751,645,125,accused
752,1326,588,accused
753,5141,273,accused
754,4983,82,accused
755,4983,754,accused
756,4983,767,accused
757,4525,321,accused
758,4525,72,accused
759,3652,480,accused
760,3544,1075,accused
761,3544,107,accused
762,2465,560,accused
763,2465,452,accused
764,2465,642,accused
765,613,504,accused
766,613,1116,accused
767,613,361,accused
768,2634,325,accused
769,2882,163,accused
770,2882,336,accused
771,3885,517,accused
772,3885,158,accused
773,3885,143,accused
774,1116,5,accused
775,1116,221,accused
776,993,116,accused
777,2032,790,accused
778,2032,820,accused
779,536,294,accused
780,5089,310,accused
781,5089,1018,accused
782,5089,257,accused
783,681,571,accused
784,681,931,accused
785,2028,1191,accused
786,4774,747,accused
787,4774,28,accused
788,3101,581,accused
789,3101,1163,accused
790,4305,731,accused
791,4305,273,accused
792,4305,891,accused
793,1981,747,accused
794,1981,682,accused
795,1981,910,accused
796,5407,836,accused
797,5407,1053,accused
798,392,514,accused
799,1383,859,accused
800,4110,709,accused
801,4110,500,accused
802,1310,517,accused
803,4725,570,accused
804,5144,418,accused
805,3548,921,accused
806,3548,20,accused
807,3548,974,accused
808,3980,440,accused
809,3980,466,accused
810,3980,721,accused
811,1446,361,accused
812,1446,586,accused
813,1446,343,accused
814,1464,514,accused
815,134,266,accused
816,134,506,accused
817,134,309,accused
818,4058,199,accused
819,4058,966,accused
820,4058,129,accused
821,691,997,accused
822,629,251,accused
823,629,1118,accused
824,629,884,accused
825,1765,498,accused
826,1765,1114,accused
827,1765,433,accused
828,2998,704,accused
829,2998,534,accused
830,2998,392,accused
831,228,1023,accused
832,228,160,accused
833,1864,584,accused
834,1548,1039,accused
835,3333,754,accused
836,3333,1132,accused
837,3381,14,accused
838,3381,516,accused
839,3381,190,accused
840,4255,234,accused
841,4255,1121,accused
842,4255,945,accused
843,4836,629,accused
844,2355,733,accused
845,2355,21,accused
846,4984,288,accused
847,4984,388,accused
848,4984,505,accused
849,2360,746,accused
850,2360,1161,accused
851,4955,501,accused
852,4955,1133,accused
853,4955,1115,accused
854,5476,403,accused
855,4052,1068,accused
856,4592,471,accused
857,4592,669,accused
858,1685,669,accused
859,1685,1126,accused
860,1685,331,accused
861,3493,1200,accused
862,3493,1088,accused
863,3493,696,accused
864,3897,139,accused
865,3897,580,accused
866,3897,1060,accused
867,3943,446,accused
868,3943,224,accused
869,3943,30,accused
870,2287,1000,accused
871,2287,562,accused
872,2428,375,accused
873,2428,948,accused
874,4017,298,accused
875,1537,949,accused
876,1387,1074,accused
877,5219,573,accused
878,5219,374,accused
879,2718,164,accused
880,2718,995,accused
881,2718,893,accused
882,3700,579,accused
883,3700,449,accused
884,3700,694,accused
885,937,865,accused
886,937,440,accused
887,937,401,accused
888,4689,1001,accused
889,4689,1173,accused
890,4689,491,accused
891,2706,664,accused
892,2706,826,accused
893,2706,20,accused
894,2995,19,accused
895,2223,881,accused
896,4634,223,accused
897,3565,1010,accused
898,3565,1158,accused
899,3565,959,accused
900,4425,933,accused
901,2073,918,accused
902,2073,444,accused
903,2073,205,accused
904,5079,355,accused
905,1289,468,accused
906,1289,865,accused
907,3741,373,accused
908,3293,1066,accused
909,3293,579,accused
910,348,19,accused
911,2135,58,accused
912,566,1016,accused
913,1426,140,accused
914,1426,1137,accused
915,1426,830,accused
916,4452,968,accused
917,4452,30,accused
918,760,164,accused
919,760,1192,accused
920,760,660,accused
921,3918,518,accused
922,3918,182,accused
923,4096,1040,accused
924,4096,525,accused
925,5299,428,accused
926,5299,799,accused
927,3982,152,accused
928,3982,80,accused
929,3982,716,accused
930,5199,634,accused
931,3156,602,accused
932,4800,1168,accused
933,4800,375,accused
934,4834,435,accused
935,4834,86,accused
936,4834,1106,accused
937,2349,965,accused
938,2226,476,accused
939,2226,554,accused
940,2226,726,accused
941,2540,460,accused
942,2540,55,accused
943,1518,346,accused
944,1518,796,accused
945,4596,661,accused
946,4596,511,accused
947,1542,769,accused
948,1542,270,accused
949,1542,650,accused
950,4773,1158,accused
951,4773,161,accused
952,4773,903,accused
953,5115,374,accused
954,5115,985,accused
955,5115,202,accused
956,1747,285,accused
957,1747,927,accused
958,1423,331,accused
959,2229,296,accused
960,2229,120,accused
961,2229,374,accused
962,4039,836,accused
963,4039,48,accused
964,329,395,accused
965,329,1124,accused
966,5434,213,accused
967,5196,60,accused
968,5196,736,accused
969,1373,657,accused
970,4792,930,accused
971,3044,751,accused
972,3044,637,accused
973,3044,365,accused
974,2640,410,accused
975,2222,693,accused
976,2222,970,accused
977,2222,809,accused
978,3846,537,accused
979,946,733,accused
980,946,832,accused
981,1354,1124,accused
982,1354,621,accused
983,1354,452,accused
984,407,352,accused
985,299,173,accused
986,3613,836,accused
987,1901,699,accused
988,1901,83,accused
989,723,485,accused
990,723,20,accused
991,3137,14,accused
992,4552,830,accused
993,350,387,accused
994,350,321,accused
995,4398,46,accused
996,359,304,accused
997,359,571,accused
998,359,953,accused
999,3119,1069,accused
1000,4593,648,accused
1001,4593,100,accused
1002,1485,989,accused
1003,2212,41,accused
1004,1156,289,accused
1005,1156,110,accused
1006,1156,46,accused
1007,2009,1127,accused
1008,2009,907,accused
1009,2009,662,accused
1010,4918,415,accused
1011,3883,610,accused
1012,3587,628,accused
1013,3587,450,accused
1014,3210,940,accused
1015,3948,276,accused
1016,2621,893,accused
1017,1623,1065,accused
1018,1623,439,accused
1019,1623,736,accused
1020,1042,510,accused
1021,1042,325,accused
1022,4652,279,accused
1023,4652,27,accused
1024,4652,1067,accused
1025,4641,937,accused
1026,4641,1186,accused
1027,4641,1182,accused
1028,4395,514,accused
1029,4395,1140,accused
1030,1819,517,accused
1031,4732,158,accused
1032,4732,579,accused
1033,4732,291,accused
1034,829,245,accused
1035,829,917,accused
1036,829,722,accused
1037,4514,842,accused
1038,3936,713,accused
1039,3936,67,accused
1040,2790,857,accused
1041,4975,1055,accused
1042,4975,251,accused
1043,4975,733,accused
1044,5274,878,accused
1045,5274,638,accused
1046,420,441,accused
1047,420,298,accused
1048,420,922,accused
1049,2971,1037,accused
1050,4114,43,accused
1051,4338,250,accused
1052,4338,944,accused
1053,4338,118,accused
1054,2463,832,accused
1055,2463,694,accused
1056,2463,681,accused
1057,960,592,accused
1058,960,78,accused
1059,4783,1026,accused
1060,4783,687,accused
1061,4783,23,accused
1062,2539,333,accused
1063,4201,1175,accused
1064,1503,1065,accused
1065,2259,1065,accused
1066,2259,612,accused
1067,2259,1142,accused
1068,5158,836,accused
1069,2422,584,accused
1070,945,1128,accused
1071,945,1023,accused
1072,547,625,accused
1073,4334,1066,accused
1074,5254,473,accused
1075,5254,608,accused
1076,33,996,accused
1077,1904,293,accused
1078,1904,718,accused
1079,2209,1039,accused
1080,3288,577,accused
1081,3702,430,accused
1082,3702,351,accused
1083,5491,730,accused
1084,5491,667,accused
1085,5491,917,accused
1086,148,1084,accused
1087,148,470,accused
1088,3463,752,accused
1089,3463,1009,accused
1090,878,418,accused
1091,878,14,accused
1092,3462,562,accused
1093,3462,515,accused
1094,4932,849,accused
1095,1760,1025,accused
1096,1760,1137,accused
1097,1760,573,accused
1098,4423,579,accused
1099,2174,928,accused
1100,4018,136,accused
1101,4018,1110,accused
1102,4018,465,accused
1103,1955,1076,accused
1104,1955,1028,accused
1105,1955,1094,accused
1106,5247,122,accused
1107,5247,371,accused
1108,5247,889,accused
1109,598,242,accused
1110,241,562,accused
1111,3247,1074,accused
1112,2010,1037,accused
1113,2010,277,accused
1114,4082,1016,accused
1115,4082,971,accused
1116,4082,947,accused
1117,37,286,accused
1118,37,497,accused
1119,3599,992,accused
1120,3599,964,accused
1121,3599,421,accused
1122,1377,298,accused
1123,1377,239,accused
1124,578,966,accused
1125,578,329,accused
1126,4605,40,accused
1127,3049,458,accused
1128,3049,812,accused
1129,3049,184,accused
1130,300,604,accused
1131,300,384,accused
1132,5038,109,accused
1133,5038,1097,accused
1134,5038,893,accused
1135,1047,1191,accused
1136,1047,170,accused
1137,1047,1071,accused
1138,1122,1104,accused
1139,3222,614,accused
1140,532,269,accused
1141,532,921,accused
1142,3274,1016,accused
1143,3274,20,accused
1144,2033,228,accused
1145,2513,411,accused
1146,377,328,accused
1147,2816,162,accused
1148,2816,141,accused
1149,2816,804,accused
1150,2310,325,accused
1151,2310,985,accused
1152,2310,534,accused
1153,3193,477,accused
1154,2341,459,accused
1155,2341,876,accused
1156,2341,529,accused
1157,4157,147,accused
1158,4157,821,accused
1159,4157,218,accused
1160,2677,374,accused
1161,2677,879,accused
1162,167,454,accused
1163,167,148,accused
1164,167,62,accused
1165,917,549,accused
1166,3900,723,accused
1167,3900,557,accused
1168,3900,24,accused
1169,2845,532,accused
1170,2845,587,accused
1171,1397,47,accused
1172,1397,452,accused
1173,1397,1138,accused
1174,2535,1018,accused
1175,502,549,accused
1176,65,46,accused
1177,65,972,accused
1178,592,292,accused
1179,592,1078,accused
1180,592,758,accused
1181,3722,991,accused
1182,5157,408,accused
1183,2967,911,accused
1184,202,103,accused
1185,202,947,accused
1186,2400,833,accused
1187,4851,1092,accused
1188,4851,749,accused
1189,4851,1026,accused
1190,1951,208,accused
1191,1951,1068,accused
1192,2668,648,accused
1193,2668,436,accused
1194,3686,438,accused
1195,3686,1190,accused
1196,4491,1101,accused
1197,4491,1008,accused
1198,944,521,accused
1199,944,418,accused
1200,2364,118,accused
1201,2364,412,accused
1202,2364,521,accused
1203,767,1198,accused
1204,1240,629,accused
1205,3865,431,accused
1206,3865,14,accused
1207,3978,1029,accused
1208,3978,263,accused
1209,196,1086,accused
1210,196,799,accused
1211,621,137,accused
1212,2956,347,accused
1213,2956,1129,accused
1214,2956,798,accused
1215,1964,889,accused
1216,1964,828,accused
1217,5143,49,accused
1218,5143,1007,accused
1219,5143,399,accused
1220,4267,941,accused
1221,4267,255,accused
1222,4055,939,accused
1223,1108,242,accused
1224,1108,217,accused
1225,1108,531,accused
1226,4415,976,accused
1227,1956,546,accused
1228,4803,601,accused
1229,4803,316,accused
1230,1380,914,accused
1231,4868,999,accused
1232,4868,1175,accused
1233,5404,933,accused
1234,5404,715,accused
1235,1263,1148,accused
1236,1263,189,accused
1237,1263,136,accused
1238,1973,950,accused
1239,1973,905,accused
1240,4115,345,accused
1241,4115,475,accused
1242,4115,813,accused
1243,1014,789,accused
1244,1014,836,accused
1245,1014,508,accused
1246,659,876,accused
1247,659,246,accused
1248,4533,11,accused
1249,5075,1011,accused
1250,5075,1018,accused
1251,2278,518,accused
1252,2278,117,accused
1253,371,63,accused
1254,371,811,accused
1255,5279,715,accused
1256,5279,175,accused
1257,5279,255,accused
1258,5424,765,accused
1259,2065,364,accused
1260,2065,289,accused
1261,1831,255,accused
1262,1831,389,accused
1263,1175,491,accused
1264,1175,907,accused
1265,3168,546,accused
1266,1348,449,accused
1267,1348,408,accused
1268,4396,696,accused
1269,4396,111,accused
1270,4396,310,accused
1271,2069,1148,accused
1272,2069,792,accused
1273,2069,322,accused
1274,1737,414,accused
1275,1737,222,accused
1276,1737,542,accused
1277,1370,70,accused
1278,1833,924,accused
1279,3985,642,accused
1280,3985,167,accused
1281,3985,614,accused
1282,3150,137,accused
1283,340,50,accused
1284,1745,997,accused
1285,1745,472,accused
1286,5475,359,accused
1287,5475,483,accused
1288,3089,636,accused
1289,3089,951,accused
1290,5002,224,accused
1291,5002,747,accused
1292,1136,1197,accused
1293,1136,979,accused
1294,1136,391,accused
1295,2288,20,accused
1296,2288,7,accused
1297,2288,1064,accused
1298,2241,1050,accused
1299,1193,187,accused
1300,1193,344,accused
1301,4926,842,accused
1302,4926,818,accused
1303,5078,1071,accused
1304,5078,775,accused
1305,5078,208,accused
1306,1411,781,accused
1307,1411,594,accused
1308,1411,724,accused
1309,1134,409,accused
1310,5059,252,accused
1311,5059,94,accused
1312,5332,618,accused
1313,5332,897,accused
1314,2348,629,accused
1315,2348,39,accused
1316,3923,938,accused
1317,1223,505,accused
1318,5496,541,accused
1319,2027,633,accused
1320,2007,757,accused
1321,1797,1165,accused
1322,1797,1098,accused
1323,2497,832,accused
1324,2497,573,accused
1325,2497,537,accused
1326,1934,404,accused
1327,1934,679,accused
1328,1934,336,accused
1329,1300,1025,accused
1330,1300,449,accused
1331,3103,734,accused
1332,3103,698,accused
1333,3103,640,accused
1334,361,116,accused
1335,361,22,accused
1336,361,587,accused
1337,1777,1122,accused
1338,1777,942,accused
1339,1477,204,accused
1340,5123,1063,accused
1341,1229,940,accused
1342,3650,205,accused
1343,5067,1104,accused
1344,3076,1065,accused
1345,3076,3,accused
1346,822,212,accused
1347,822,761,accused
1348,822,398,accused
1349,4087,283,accused
1350,4087,920,accused
1351,2900,218,accused
1352,2900,294,accused
1353,2900,531,accused
1354,4323,395,accused
1355,4323,1143,accused
1356,4323,591,accused
1357,1755,788,accused
1358,2501,639,accused
1359,2230,536,accused
1360,587,797,accused
1361,587,60,accused
1362,3739,1187,accused
1363,3739,341,accused
1364,3739,510,accused
1365,1794,130,accused
1366,208,661,accused
1367,208,985,accused
1368,208,851,accused
1369,5294,706,accused
1370,5294,403,accused
1371,5294,1084,accused
1372,686,671,accused
1373,686,769,accused
1374,686,259,accused
1375,4224,711,accused
1376,4224,170,accused
1377,4224,955,accused
1378,684,204,accused
1379,684,1114,accused
1380,684,1193,accused
1381,5480,779,accused
1382,4871,750,accused
1383,4871,845,accused
1384,4871,1050,accused
1385,2368,1165,accused
1386,2368,788,accused
1387,1166,415,accused
1388,1166,953,accused
1389,1166,743,accused
1390,2294,67,accused
1391,2294,1061,accused
1392,897,836,accused
1393,897,894,accused
1394,5393,787,accused
1395,5393,646,accused
1396,3583,623,accused
1397,3583,1077,accused
1398,3583,975,accused
1399,1855,776,accused
1400,1855,551,accused
1401,1855,1068,accused
1402,2919,733,accused
1403,4033,1036,accused
1404,3036,285,accused
1405,3036,769,accused
1406,1319,514,accused
1407,1319,602,accused
1408,1126,104,accused
1409,4976,660,accused
1410,4976,1185,accused
1411,4164,1133,accused
1412,4164,1072,accused
1413,1867,458,accused
1414,5368,622,accused
1415,5368,826,accused
1416,256,1104,accused
1417,1806,34,accused
1418,4015,934,accused
1419,4015,74,accused
1420,2145,514,accused
1421,2145,449,accused
1422,4483,966,accused
1423,296,344,accused
1424,296,827,accused
1425,296,202,accused
1426,218,1104,accused
1427,1444,668,accused
1428,1444,896,accused
1429,1444,124,accused
1430,1889,487,accused
1431,1889,371,accused
1432,5200,629,accused
1433,3627,492,accused
1434,3627,819,accused
1435,3595,524,accused
1436,3595,98,accused
1437,3595,168,accused
1438,4372,977,accused
1439,4372,439,accused
1440,4372,245,accused
1441,3013,107,accused
1442,680,291,accused
1443,2258,233,accused
1444,2258,808,accused
1445,2864,1001,accused
1446,2815,196,accused
1447,2815,457,accused
1448,4965,923,accused
1449,4965,497,accused
1450,4965,459,accused
1451,2554,33,accused
1452,2554,688,accused
1453,2328,656,accused
1454,2328,596,accused
1455,2328,895,accused
1456,2240,286,accused
1457,2240,786,accused
1458,2240,880,accused
1459,2507,1191,accused
1460,1155,870,accused
1461,1155,771,accused
1462,1155,457,accused
1463,3796,826,accused
1464,3796,166,accused
1465,3796,1083,accused
1466,1823,418,accused
1467,1823,432,accused
1468,1823,1028,accused
1469,4008,358,accused
1470,4008,304,accused
1471,4008,1081,accused
1472,1203,648,accused
1473,3510,840,accused
1474,3510,44,accused
1475,3510,401,accused
1476,4606,939,accused
1477,5037,510,accused
1478,5037,798,accused
1479,5037,231,accused
1480,1341,446,accused
1481,1894,1123,accused
1482,5392,573,accused
1483,5392,1195,accused
1484,5392,905,accused
1485,2079,690,accused
1486,2079,324,accused
1487,4367,700,accused
1488,5034,310,accused
1489,5034,713,accused
1490,5034,44,accused
1491,1662,156,accused
1492,1662,461,accused
1493,3975,491,accused
1494,2892,33,accused
1495,3047,139,accused
1496,3047,1069,accused
1497,3047,1161,accused
1498,3666,640,accused
1499,3666,598,accused
1500,4818,172,accused
1501,5497,465,accused
1502,5497,454,accused
1503,4435,1148,accused
1504,4435,460,accused
1505,4435,388,accused
1506,2788,994,accused
1507,2788,818,accused
1508,2788,260,accused
1509,757,27,accused
1510,1900,1081,accused
1511,1605,1093,accused
1512,626,794,accused
1513,626,614,accused
1514,626,684,accused
1515,4959,128,accused
1516,4959,506,accused
1517,4959,107,accused
1518,3190,1179,accused
1519,2703,120,accused
1520,2703,687,accused
1521,2703,294,accused
1522,1767,782,accused
1523,1767,57,accused
1524,1767,787,accused
1525,933,297,accused
1526,933,230,accused
1527,1189,638,accused
1528,1189,967,accused
1529,1189,285,accused
1530,3442,434,accused
1531,3442,623,accused
1532,2067,1105,accused
1533,2838,901,accused
1534,2838,1017,accused
1535,2838,306,accused
1536,3124,694,accused
1537,3124,407,accused
1538,3099,1126,accused
1539,3099,996,accused
1540,3099,114,accused
1541,3644,614,accused
1542,3644,257,accused
1543,2884,34,accused
1544,3631,419,accused
1545,3631,223,accused
1546,3631,814,accused
1547,287,409,accused
1548,287,1021,accused
1549,287,1181,accused
1550,2903,501,accused
1551,2903,618,accused
1552,2903,274,accused
1553,3914,60,accused
1554,3914,675,accused
1555,3914,842,accused
1556,5485,935,accused
1557,5485,460,accused
1558,4845,352,accused
1559,4845,812,accused
1560,4902,796,accused
1561,4902,723,accused
1562,2963,1105,accused
1563,712,79,accused
1564,5085,19,accused
1565,1828,891,accused
1566,1885,681,accused
1567,1885,224,accused
1568,1885,5,accused
1569,1856,414,accused
1570,5470,7,accused
1571,5470,96,accused
1572,5470,1143,accused
1573,2999,810,accused
1574,2999,556,accused
1575,2999,858,accused
1576,3240,856,accused
1577,1368,267,accused
1578,1368,20,accused
1579,4754,683,accused
1580,4754,539,accused
1581,2759,1019,accused
1582,141,1187,accused
1583,141,1016,accused
1584,141,533,accused
1585,1003,949,accused
1586,1687,218,accused
1587,1687,893,accused
1588,2747,935,accused
1589,2747,720,accused
1590,2747,446,accused
1591,4515,878,accused
1592,4515,668,accused
1593,2500,608,accused
1594,928,767,accused
1595,928,776,accused
1596,451,226,accused
1597,1989,1148,accused
1598,1989,1137,accused
1599,2134,1135,accused
1600,2134,1048,accused
1601,2134,529,accused
1602,682,1173,accused
1603,682,991,accused
1604,682,1143,accused
1605,640,1012,accused
1606,640,259,accused
1607,640,882,accused
1608,1909,730,accused
1609,3614,282,accused
1610,1578,1006,accused
1611,1578,374,accused
1612,1578,91,accused
1613,1138,629,accused
1614,194,79,accused
1615,194,312,accused
1616,194,716,accused
1617,1050,987,accused
1618,5282,1178,accused
1619,263,63,accused
1620,263,594,accused
1621,263,332,accused
1622,5118,1121,accused
1623,5118,93,accused
1624,5118,1111,accused
1625,5443,648,accused
1626,5443,485,accused
1627,1872,1,accused
1628,1872,1200,accused
1629,5062,1033,accused
1630,5062,675,accused
1631,1434,310,accused
1632,1434,545,accused
1633,1434,277,accused
1634,1033,310,accused
1635,3524,1081,accused
1636,323,1096,accused
1637,323,1066,accused
1638,323,177,accused
1639,3251,804,accused
1640,3251,866,accused
1641,5231,976,accused
1642,5231,550,accused
1643,3227,485,accused
1644,4558,1086,accused
1645,3391,639,accused
1646,3391,819,accused
1647,3451,415,accused
1648,1888,650,accused
1649,1888,619,accused
1650,1888,754,accused
1651,7,138,accused
1652,7,171,accused
1653,7,904,accused
1654,3938,525,accused
1655,136,146,accused
1656,136,745,accused
1657,136,395,accused
1658,3385,528,accused
1659,3385,686,accused
1660,2326,1110,accused
1661,4456,136,accused
1662,4722,1006,accused
1663,4785,274,accused
1664,4785,326,accused
1665,4785,20,accused
1666,1871,213,accused
1667,1871,737,accused
1668,4175,23,accused
1669,4175,120,accused
1670,3712,1050,accused
1671,3712,836,accused
1672,5486,721,accused
1673,5486,145,accused
1674,3517,597,accused
1675,3517,117,accused
1676,4594,590,accused
1677,4594,69,accused
1678,4594,106,accused
1679,808,590,accused
1680,808,603,accused
1681,1385,58,accused
1682,1385,862,accused
1683,2720,287,accused
1684,663,328,accused
1685,663,1097,accused
1686,663,1115,accused
1687,708,818,accused
1688,4961,582,accused
1689,4961,975,accused
1690,1055,1075,accused
1691,5114,318,accused
1692,5114,647,accused
1693,5114,659,accused
1694,4822,1130,accused
1695,4822,750,accused
1696,1701,648,accused
1697,1701,1148,accused
1698,1701,860,accused
1699,4310,407,accused
1700,4310,458,accused
1701,1557,1131,accused
1702,1557,384,accused
1703,4998,182,accused
1704,117,814,accused
1705,117,518,accused
1706,117,785,accused
1707,2006,706,accused
1708,2006,886,accused
1709,2006,1151,accused
1710,1200,279,accused
1711,1200,373,accused
1712,1200,635,accused
1713,3632,833,accused
1714,3632,1064,accused
1715,3632,66,accused
1716,3024,325,accused
1717,3024,992,accused
1718,1560,150,accused
1719,1560,389,accused
1720,1560,191,accused
1721,1053,857,accused
1722,1053,385,accused
1723,3184,865,accused
1724,3184,310,accused
1725,5072,889,accused
1726,4102,584,accused
1727,4948,546,accused
1728,4948,953,accused
1729,4948,376,accused
1730,1566,242,accused
1731,1566,217,accused
1732,1029,1197,accused
1733,1029,1095,accused
1734,1029,1023,accused
1735,5364,963,accused
1736,5364,179,accused
1737,670,512,accused
1738,670,415,accused
1739,670,456,accused
1740,5499,430,accused
1741,5499,1160,accused
1742,108,138,accused
1743,108,639,accused
1744,4640,747,accused
1745,4640,1184,accused
1746,2646,1016,accused
1747,2646,155,accused
1748,2646,1179,accused
1749,5263,560,accused
1750,5263,673,accused
1751,1652,805,accused
1752,1652,161,accused
1753,1652,540,accused
1754,1407,931,accused
1755,1943,173,accused
1756,1943,1041,accused
1757,3212,579,accused
1758,3212,787,accused
1759,580,667,accused
1760,580,506,accused
1761,801,436,accused
1762,801,648,accused
1763,4572,322,accused
1764,3091,995,accused
1765,3091,391,accused
1766,3115,667,accused
1767,3115,932,accused
1768,3115,370,accused
1769,2533,572,accused
1770,909,454,accused
1771,909,266,accused
1772,606,824,accused
1773,606,157,accused
1774,606,960,accused
1775,2777,455,accused
1776,2777,570,accused
1777,764,341,accused
1778,764,916,accused
1779,3157,205,accused
1780,3157,1060,accused
1781,3157,23,accused
1782,2404,541,accused
1783,2404,1007,accused
1784,2066,298,accused
1785,3383,485,accused
1786,3383,10,accused
1787,3383,288,accused
1788,2730,265,accused
1789,2730,51,accused
1790,2730,708,accused
1791,1207,505,accused
1792,1207,477,accused
1793,1207,801,accused
1794,1572,935,accused
1795,1572,315,accused
1796,3403,392,accused
1797,3403,91,accused
1798,3071,992,accused
1799,3071,602,accused
1800,3870,1126,accused
1801,3870,361,accused
1802,3870,841,accused
1803,4600,415,accused
1804,4901,934,accused
1805,4901,354,accused
1806,5129,614,accused
1807,5129,96,accused
1808,154,517,accused
1809,154,1104,accused
1810,5381,151,accused
1811,5381,851,accused
1812,5381,1040,accused
1813,4318,572,accused
1814,5413,1063,accused
1815,30,322,accused
1816,2309,933,accused
1817,2309,950,accused
1818,3731,345,accused
1819,3731,986,accused
1820,26,543,accused
1821,26,388,accused
1822,26,980,accused
1823,1632,964,accused
1824,1632,328,accused
1825,1632,553,accused
1826,1535,1027,accused
1827,5406,783,accused
1828,3410,679,accused
1829,3410,1119,accused
1830,5030,1171,accused
1831,106,221,accused
1832,106,876,accused
1833,106,610,accused
1834,5397,957,accused
1835,5397,465,accused
1836,4129,1138,accused
1837,4129,955,accused
1838,4353,554,accused
1839,4353,74,accused
1840,2508,443,accused
1841,2508,369,accused
1842,1555,707,accused
1843,1555,771,accused
1844,1555,1113,accused
1845,4660,482,accused
1846,4660,295,accused
1847,4660,284,accused
1848,1649,842,accused
1849,1649,39,accused
1850,1649,531,accused
1851,2191,1118,accused
1852,2191,246,accused
1853,2191,1159,accused
1854,3765,120,accused
1855,3765,664,accused
1856,5198,937,accused
1857,5198,735,accused
1858,5198,508,accused
1859,965,1112,accused
1860,176,1129,accused
1861,2992,1191,accused
1862,2992,67,accused
1863,1743,1000,accused
1864,1743,1076,accused
1865,1743,194,accused
1866,4242,289,accused
1867,4969,215,accused
1868,5370,835,accused
1869,5370,1024,accused
1870,5370,814,accused
1871,827,646,accused
1872,827,1068,accused
1873,827,511,accused
1874,5044,777,accused
1875,67,341,accused
1876,2548,915,accused
1877,2548,19,accused
1878,2548,818,accused
1879,2232,1189,accused
1880,2232,967,accused
1881,2232,1023,accused
1882,1322,68,accused
1883,1322,1091,accused
1884,4120,1186,accused
1885,4120,1036,accused
1886,1187,923,accused
1887,1187,897,accused
1888,1952,435,accused
1889,5286,110,accused
1890,5286,531,accused
1891,1021,793,accused
1892,1021,501,accused
1893,3534,180,accused
1894,273,770,accused
1895,273,146,accused
1896,700,940,accused
1897,171,373,accused
1898,4031,850,accused
1899,4031,915,accused
1900,4031,388,accused
1901,1215,533,accused
1902,1695,468,accused
1903,1695,987,accused
1904,1695,418,accused
1905,4356,306,accused
1906,4356,851,accused
1907,1405,213,accused
1908,1405,242,accused
1909,1405,1089,accused
1910,5232,1033,accused
1911,5232,114,accused
1912,1036,985,accused
1913,775,976,accused
1914,322,1119,accused
1915,322,27,accused
1916,322,1167,accused
1917,798,208,accused
1918,798,957,accused
1919,2965,48,accused
1920,816,610,accused
1921,816,474,accused
1922,816,665,accused
1923,47,972,accused
1924,47,460,accused
1925,47,25,accused
1926,5139,840,accused
1927,5139,655,accused
1928,5139,965,accused
1929,386,387,accused
1930,4016,298,accused
1931,4016,1016,accused
1932,4016,232,accused
1933,5330,741,accused
1934,5330,858,accused
1935,5330,398,accused
1936,2478,709,accused
1937,3950,737,accused
1938,3950,464,accused
1939,215,218,accused
1940,215,818,accused
1941,2307,217,accused
1942,2307,156,accused
1943,2307,973,accused
1944,1266,1067,accused
1945,276,198,accused
1946,276,923,accused
1947,3585,1160,accused
1948,3585,895,accused
1949,3585,267,accused
1950,3751,465,accused
1951,3321,845,accused
1952,3321,985,accused
1953,3321,220,accused
1954,3496,854,accused
1955,3496,153,accused
1956,3496,902,accused
1957,1975,189,accused
1958,841,824,accused
1959,272,787,accused
1960,272,914,accused
1961,414,11,accused
1962,414,27,accused
1963,414,204,accused
1964,5040,615,accused
1965,5040,951,accused
1966,5040,874,accused
1967,2737,749,accused
1968,2737,392,accused
1969,1648,49,accused
1970,1648,909,accused
1971,5098,21,accused
1972,2282,973,accused
1973,2282,784,accused
1974,2282,735,accused
1975,1144,60,accused
1976,1144,711,accused
1977,1144,782,accused
1978,5170,610,accused
1979,1759,1050,accused
1980,1759,114,accused
1981,3143,1057,accused
1982,3143,1082,accused
1983,3143,145,accused
1984,2680,491,accused
1985,2680,935,accused
1986,2680,212,accused
1987,1953,650,accused
1988,4869,778,accused
1989,4869,123,accused
1990,4869,824,accused
1991,3874,1037,accused
1992,3874,316,accused
1993,3874,720,accused
1994,652,1184,accused
1995,2118,297,accused
1996,2118,330,accused
1997,3946,19,accused
1998,5102,910,accused
1999,5102,624,accused
2000,2836,935,accused
2001,2836,120,accused
2002,2836,3,accused
2003,107,817,accused
2004,107,416,accused
2005,107,883,accused
2006,4999,557,accused
2007,4999,257,accused
2008,4999,870,accused
2009,3097,896,accused
2010,1249,194,accused
2011,1607,892,accused
2012,1870,954,accused
2013,1870,297,accused
2014,1044,1131,accused
2015,1044,231,accused
2016,1044,1033,accused
2017,3755,624,accused
2018,3755,951,accused
2019,3052,486,accused
2020,3052,1044,accused
2021,324,1001,accused
2022,5261,593,accused
2023,2529,307,accused
2024,2529,322,accused
2025,2126,834,accused
2026,2126,571,accused
2027,2126,149,accused
2028,4216,302,accused
2029,4216,21,accused
2030,4216,664,accused
2031,1820,1186,accused
2032,1820,179,accused
2033,1820,310,accused
2034,4702,456,accused
2035,4702,880,accused
2036,4702,410,accused
2037,4060,14,accused
2038,2347,918,accused
2039,2347,1046,accused
2040,2347,10,accused
2041,4823,609,accused
2042,3402,87,accused
2043,3402,1157,accused
2044,75,501,accused
2045,75,1103,accused
2046,603,794,accused
2047,603,989,accused
2048,603,707,accused
2049,3263,767,accused
2050,4636,795,accused
2051,5160,497,accused
2052,5160,355,accused
2053,5312,176,accused
2054,5312,609,accused
2055,3887,486,accused
2056,3142,654,accused
2057,3142,2,accused
2058,3142,703,accused
2059,4872,973,accused
2060,254,770,accused
2061,3973,601,accused
2062,1640,1004,accused
2063,1640,230,accused
2064,3811,465,accused
2065,3811,893,accused
2066,1333,1140,accused
2067,1333,377,accused
2068,1333,1000,accused
2069,1246,348,accused
2070,2590,132,accused
2071,2590,485,accused
2072,3941,629,accused
2073,3941,826,accused
2074,4940,920,accused
2075,4940,810,accused
2076,4467,507,accused
2077,4467,1167,accused
2078,2141,549,accused
2079,2141,417,accused
2080,4348,1039,accused
2081,4530,322,accused
2082,4530,1001,accused
2083,3301,622,accused
2084,3301,926,accused
2085,1709,350,accused
2086,1709,951,accused
2087,1709,107,accused
2088,975,309,accused
2089,3637,949,accused
2090,3637,728,accused
2091,268,785,accused
2092,268,421,accused
2093,268,504,accused
2094,838,1007,accused
2095,838,545,accused
2096,1735,243,accused
2097,1735,950,accused
2098,1735,63,accused
2099,4206,227,accused
2100,4206,853,accused
2101,4206,642,accused
2102,5188,225,accused
2103,49,491,accused
2104,49,823,accused
2105,1177,218,accused
2106,1177,91,accused
2107,2633,211,accused
2108,2633,877,accused
2109,3619,675,accused
2110,3619,493,accused
2111,3619,1114,accused
2112,4257,610,accused
2113,4257,333,accused
2114,1037,952,accused
2115,1037,274,accused
2116,1037,571,accused
2117,1420,897,accused
2118,1420,709,accused
2119,1710,1136,accused
2120,1902,1194,accused
2121,1902,273,accused
2122,4713,687,accused
2123,4713,879,accused
2124,4713,581,accused
2125,4340,990,accused
2126,4340,369,accused
2127,4340,752,accused
2128,3518,781,accused
2129,3518,1094,accused
2130,3518,841,accused
2131,1117,778,accused
2132,1117,855,accused
2133,1117,53,accused
2134,1756,176,accused
2135,2242,1078,accused
2136,2242,817,accused
2137,1161,752,accused
2138,1161,14,accused
2139,1076,758,accused
2140,1866,392,accused
2141,1866,1000,accused
2142,1866,537,accused
2143,2390,105,accused
2144,2390,852,accused
2145,2390,819,accused
2146,1075,818,accused
2147,1075,1006,accused
2148,1075,332,accused
2149,1182,381,accused
2150,1182,215,accused
2151,3423,37,accused
2152,2475,560,accused
2153,624,438,accused
2154,624,1106,accused
2155,624,71,accused
2156,137,871,accused
2157,997,480,accused
2158,4512,500,accused
2159,4512,865,accused
2160,2251,234,accused
2161,2251,28,accused
2162,2251,1023,accused
2163,1157,346,accused
2164,1157,133,accused
2165,1157,1181,accused
2166,1576,406,accused
2167,45,992,accused
2168,45,446,accused
2169,45,48,accused
2170,2976,859,accused
2171,2976,1114,accused
2172,3122,332,accused
2173,3199,630,accused
2174,2765,66,accused
2175,2765,42,accused
2176,3588,1042,accused
2177,3588,922,accused
2178,3588,165,accused
2179,3703,382,accused
2180,3703,21,accused
2181,4679,720,accused
2182,103,748,accused
2183,103,30,accused
2184,3309,1114,accused
2185,3309,924,accused
2186,3309,1084,accused
2187,885,537,accused
2188,885,987,accused
2189,885,218,accused
2190,4941,540,accused
2191,2926,728,accused
2192,1018,414,accused
2193,1018,404,accused
2194,5047,432,accused
2195,5047,357,accused
2196,2115,355,accused
2197,2115,620,accused
2198,2115,408,accused
2199,4908,877,accused
2200,2473,416,accused
2201,2473,505,accused
2202,2473,34,accused
2203,1413,150,accused
2204,1022,851,accused
2205,230,31,accused
2206,230,523,accused
2207,2550,991,accused
2208,2550,540,accused
2209,2550,611,accused
2210,1922,471,accused
2211,1922,25,accused
2212,4886,1052,accused
2213,4886,209,accused
2214,4886,248,accused
2215,4194,912,accused
2216,1638,28,accused
2217,1638,1144,accused
2218,1638,1000,accused
2219,219,985,accused
2220,219,1081,accused
2221,2040,406,accused
2222,2040,595,accused
2223,4827,497,accused
2224,4827,719,accused
2225,4827,943,accused
2226,3566,934,accused
2227,3566,81,accused
2228,3566,143,accused
2229,3375,491,accused
2230,3375,532,accused
2231,3375,630,accused
2232,4469,817,accused
2233,3194,436,accused
2234,3539,669,accused
2235,3539,50,accused
2236,4236,1050,accused
2237,4236,648,accused
2238,86,767,accused
2239,4831,231,accused
2240,3215,981,accused
2241,3215,1140,accused
2242,3896,725,accused
2243,3896,924,accused
2244,2392,845,accused
2245,2392,345,accused
2246,2392,720,accused
2247,2831,1185,accused
2248,4620,887,accused
2249,4620,8,accused
2250,4620,346,accused
2251,842,383,accused
2252,842,263,accused
2253,3649,268,accused
2254,3649,923,accused
2255,5230,951,accused
2256,3499,439,accused
2257,939,34,accused
2258,939,1002,accused
2259,1208,30,accused
2260,1208,1025,accused
2261,2297,542,accused
2262,4028,1179,accused
2263,3078,959,accused
2264,3078,1142,accused
2265,2671,778,accused
2266,2671,563,accused
2267,2671,727,accused
2268,3737,1074,accused
2269,3737,188,accused
2270,3737,905,accused
2271,4506,78,accused
2272,3488,298,accused
2273,4750,356,accused
2274,4750,342,accused
2275,4750,220,accused
2276,5184,418,accused
2277,1292,147,accused
2278,5105,126,accused
2279,3012,615,accused
2280,3012,963,accused
2281,3012,733,accused
2282,4591,14,accused
2283,4591,1083,accused
2284,1499,4,accused
2285,1499,1191,accused
2286,1499,693,accused
2287,1312,375,accused
2288,1312,55,accused
2289,1312,348,accused
2290,3876,729,accused
2291,3727,1009,accused
2292,2437,805,accused
2293,3364,1048,accused
2294,3364,886,accused
2295,3364,15,accused
2296,2276,457,accused
2297,2276,240,accused
2298,1502,983,accused
2299,1502,577,accused
2300,2721,503,accused
2301,2721,15,accused
2302,2384,722,accused
2303,2384,860,accused
2304,5238,848,accused
2305,3833,940,accused
2306,3106,470,accused
2307,3106,382,accused
2308,1993,479,accused
2309,1993,147,accused
2310,2413,791,accused
2311,2413,995,accused
2312,2413,530,accused
2313,2416,475,accused
2314,2416,1185,accused
2315,2416,194,accused
2316,3705,3,accused
2317,3705,1163,accused
2318,1404,805,accused
2319,1404,636,accused
2320,335,509,accused
2321,5111,60,accused
2322,894,1082,accused
2323,1570,1149,accused
2324,1570,633,accused
2325,1570,332,accused
2326,4953,414,accused
2327,4953,947,accused
2328,4953,212,accused
2329,3166,524,accused
2330,3166,384,accused
2331,3166,1098,accused
2332,4192,379,accused
2333,4192,1016,accused
2334,2025,1038,accused
2335,2025,752,accused
2336,2025,843,accused
2337,2966,17,accused
2338,2966,375,accused
2339,2966,1117,accused
2340,1305,77,accused
2341,1305,21,accused
2342,4279,186,accused
2343,5283,1136,accused
2344,5283,737,accused
2345,4405,263,accused
2346,4405,242,accused
2347,4405,415,accused
2348,3974,977,accused
2349,3974,65,accused
2350,1058,278,accused
2351,2163,31,accused
2352,1417,84,accused
2353,379,1128,accused
2354,379,1122,accused
2355,379,1059,accused
2356,2358,475,accused
2357,2358,743,accused
2358,3437,277,accused
2359,3437,142,accused
2360,3437,844,accused
2361,3004,93,accused
2362,3004,872,accused
2363,3004,1131,accused
2364,1863,798,accused
2365,5347,787,accused
2366,1298,1006,accused
2367,545,377,accused
2368,545,879,accused
2369,5176,250,accused
2370,5176,748,accused
2371,507,923,accused
2372,507,263,accused
2373,507,470,accused
2374,5419,173,accused
2375,5419,983,accused
2376,3894,1126,accused
2377,4520,381,accused
2378,4520,957,accused
2379,4374,1186,accused
2380,5444,570,accused
2381,5444,774,accused
2382,5444,202,accused
2383,3724,464,accused
2384,3724,823,accused
2385,1581,1025,accused
2386,5191,1021,accused
2387,5191,6,accused
2388,389,1003,accused
2389,389,630,accused
2390,4739,130,accused
2391,402,62,accused
2392,402,315,accused
2393,402,1039,accused
2394,4428,112,accused
2395,4428,48,accused
2396,316,917,accused
2397,316,134,accused
2398,316,221,accused
2399,2200,607,accused
2400,5421,581,accused
2401,5421,629,accused
2402,5421,258,accused
2403,1645,813,accused
2404,1645,1154,accused
2405,1645,1045,accused
2406,400,893,accused
2407,5104,203,accused
2408,5104,583,accused
2409,5104,1076,accused
2410,3799,637,accused
2411,3799,794,accused
2412,146,674,accused
2413,146,537,accused
2414,146,151,accused
2415,229,166,accused
2416,229,622,accused
2417,229,579,accused
2418,755,122,accused
2419,755,870,accused
2420,755,169,accused
2421,1067,372,accused
2422,729,602,accused
2423,729,963,accused
2424,729,720,accused
2425,2953,1144,accused
2426,1599,1060,accused
2427,1599,294,accused
2428,1479,1189,accused
2429,2017,881,accused
2430,2017,931,accused
2431,4118,1198,accused
2432,4118,596,accused
2433,2531,814,accused
2434,2531,460,accused
2435,2531,922,accused
2436,511,1085,accused
2437,511,716,accused
2438,511,685,accused
2439,2776,226,accused
2440,2776,165,accused
2441,2776,1069,accused
2442,4801,269,accused
2443,4801,579,accused
2444,4801,1063,accused
2445,2774,909,accused
2446,81,408,accused
2447,4665,1101,accused
2448,4567,911,accused
2449,4567,313,accused
2450,4899,907,accused
2451,4899,434,accused
2452,4899,337,accused
2453,1006,225,accused
2454,1006,480,accused
2455,1012,479,accused
2456,1012,446,accused
2457,417,98,accused
2458,5459,274,accused
2459,5459,95,accused
2460,4402,361,accused
2461,4402,1104,accused
2462,4402,317,accused
2463,581,714,accused
2464,581,976,accused
2465,581,940,accused
2466,3001,837,accused
2467,3001,372,accused
2468,2334,183,accused
2469,2334,504,accused
2470,2334,293,accused
2471,4974,223,accused
2472,4974,265,accused
2473,442,150,accused
2474,4394,172,accused
2475,4394,553,accused
2476,3187,241,accused
2477,3687,664,accused
2478,3687,747,accused
2479,3687,1006,accused
2480,3125,627,accused
2481,2220,304,accused
2482,3547,884,accused
2483,3547,787,accused
2484,1149,260,accused
2485,1149,74,accused
2486,1149,715,accused
2487,270,661,accused
2488,3456,737,accused
2489,3456,622,accused
2490,3456,281,accused
2491,2643,385,accused
2492,2643,579,accused
2493,2643,1188,accused
2494,515,506,accused
2495,515,723,accused
2496,3269,859,accused
2497,2852,153,accused
2498,4559,981,accused
2499,4559,812,accused
2500,1085,801,accused
2501,1085,957,accused
2502,4964,96,accused
2503,2616,270,accused
2504,2049,465,accused
2505,2049,579,accused
2506,3904,937,accused
2507,1614,312,accused
2508,1614,164,accused
2509,1614,216,accused
2510,3953,774,accused
2511,3953,91,accused
2512,305,806,accused
2513,305,28,accused
2514,2233,602,accused
2515,2233,325,accused
2516,2233,1078,accused
2517,1346,78,accused
2518,1346,1154,accused
2519,530,34,accused
2520,530,321,accused
2521,530,911,accused
2522,2486,1178,accused
2523,978,187,accused
2524,978,720,accused
2525,5449,441,accused
2526,5360,252,accused
2527,5360,968,accused
2528,5360,1071,accused
2529,1930,707,accused
2530,1930,824,accused
2531,4906,754,accused
2532,4906,835,accused
2533,4906,494,accused
2534,3593,817,accused
2535,3593,559,accused
2536,4037,693,accused
2537,4037,37,accused
2538,4037,583,accused
2539,488,793,accused
2540,488,11,accused
2541,221,328,accused
2542,221,1061,accused
2543,221,718,accused
2544,52,1000,accused
2545,2795,1145,accused
2546,2795,138,accused
2547,2221,963,accused
2548,2221,157,accused
2549,2221,151,accused
2550,2834,842,accused
2551,2834,479,accused
2552,2834,719,accused
2553,459,241,accused
2554,459,477,accused
2555,5092,189,accused
2556,1681,851,accused
2557,1681,21,accused
2558,1681,310,accused
2559,4987,656,accused
2560,4987,635,accused
2561,4987,984,accused
2562,3890,420,accused
2563,3890,1170,accused
2564,3890,1161,accused
2565,3265,1186,accused
2566,1968,184,accused
2567,1968,38,accused
2568,1696,1153,accused
2569,5371,237,accused
2570,4979,877,accused
2571,4979,224,accused
2572,1526,446,accused
2573,1526,322,accused
2574,1526,291,accused
2575,1591,307,accused
2576,1591,664,accused
2577,2654,430,accused
2578,2654,61,accused
2579,2434,986,accused
2580,2434,902,accused
2581,2434,872,accused
2582,4894,596,accused
2583,4894,26,accused
2584,4894,785,accused
2585,4490,803,accused
2586,4490,46,accused
2587,4490,90,accused
2588,4686,1143,accused
2589,4686,849,accused
2590,383,1001,accused
2591,5221,917,accused
2592,5221,862,accused
2593,1267,908,accused
2594,1267,630,accused
2595,1267,544,accused
2596,5372,154,accused
2597,5372,499,accused
2598,1693,266,accused
2599,1693,648,accused
2600,1693,1108,accused
2601,5313,503,accused
2602,5313,720,accused
2603,5313,704,accused
2604,4613,942,accused
2605,5409,121,accused
2606,1061,1015,accused
2607,1061,981,accused
2608,320,1155,accused
2609,320,92,accused
2610,320,579,accused
2611,4081,178,accused
2612,4693,646,accused
2613,3651,434,accused
2614,2020,721,accused
2615,2020,58,accused
2616,2020,946,accused
2617,3849,514,accused
2618,3849,995,accused
2619,1945,1037,accused
2620,1945,958,accused
2621,3241,889,accused
2622,3435,1161,accused
2623,3435,137,accused
2624,3435,917,accused
2625,356,117,accused
2626,1982,95,accused
2627,1982,221,accused
2628,1982,239,accused
2629,742,1077,accused
2630,742,283,accused
2631,3559,1137,accused
2632,3623,1176,accused
2633,3623,1048,accused
2634,3567,396,accused
2635,3567,1067,accused
2636,3567,451,accused
2637,5101,527,accused
2638,5101,801,accused
2639,5101,23,accused
2640,3677,232,accused
2641,3677,29,accused
2642,3677,876,accused
2643,116,480,accused
2644,2201,303,accused
2645,2201,430,accused
2646,2201,1132,accused
2647,4862,375,accused
2648,4862,491,accused
2649,4862,766,accused
2650,3536,668,accused
2651,179,279,accused
2652,179,953,accused
2653,179,77,accused
2654,364,650,accused
2655,364,58,accused
2656,2758,392,accused
2657,2758,976,accused
2658,2758,379,accused
2659,4709,839,accused
2660,4709,823,accused
2661,1938,904,accused
2662,1938,1017,accused
2663,531,953,accused
2664,531,1120,accused
2665,4522,389,accused
2666,4522,21,accused
2667,4522,1050,accused
2668,5431,1030,accused
2669,5431,432,accused
2670,5431,1017,accused
2671,2243,20,accused
2672,5428,436,accused
2673,5428,267,accused
2674,554,1041,accused
2675,554,1154,accused
2676,554,1108,accused
2677,3185,636,accused
2678,3185,1027,accused
2679,4260,497,accused
2680,4260,821,accused
2681,4260,954,accused
2682,2982,26,accused
2683,2982,415,accused
2684,2982,510,accused
2685,4314,734,accused
2686,4314,17,accused
2687,4314,5,accused
2688,1530,612,accused
2689,3594,1148,accused
2690,3594,917,accused
2691,3594,893,accused
2692,1247,1148,accused
2693,3413,13,accused
2694,4332,1092,accused
2695,5173,390,accused
2696,2658,658,accused
2697,2658,1137,accused
2698,2756,677,accused
2699,2756,673,accused
2700,4612,26,accused
2701,4612,824,accused
2702,4830,925,accused
2703,4830,799,accused
2704,4830,58,accused
2705,2496,406,accused
2706,880,979,accused
2707,5326,241,accused
2708,5326,788,accused
2709,5326,728,accused
2710,2825,474,accused
2711,2825,750,accused
2712,2825,307,accused
2713,357,834,accused
2714,357,390,accused
2715,313,534,accused
2716,313,377,accused
2717,313,672,accused
2718,3555,44,accused
2719,3555,529,accused
2720,3555,15,accused
2721,3145,496,accused
2722,206,1148,accused
2723,206,1177,accused
2724,206,1044,accused
2725,4449,1043,accused
2726,3405,382,accused
2727,3405,573,accused
2728,3405,630,accused
2729,4985,637,accused
2730,4985,480,accused
2731,2177,646,accused
2732,2177,727,accused
2733,109,1110,accused
2734,109,917,accused
2735,109,806,accused
2736,722,1197,accused
2737,722,455,accused
2738,722,1027,accused
2739,5009,534,accused
2740,641,782,accused
2741,641,1132,accused
2742,3409,491,accused
2743,3409,20,accused
2744,5380,459,accused
2745,5178,157,accused
2746,5178,415,accused
2747,2011,722,accused
2748,1620,201,accused
2749,1620,179,accused
2750,5390,1044,accused
2751,5288,1153,accused
2752,4306,695,accused
2753,2388,1070,accused
2754,2388,1143,accused
2755,2388,747,accused
2756,2645,428,accused
2757,2645,451,accused
2758,1414,345,accused
2759,1414,817,accused
2760,1414,16,accused
2761,5376,92,accused
2762,5376,278,accused
2763,5376,806,accused
2764,2202,768,accused
2765,1799,545,accused
2766,1799,487,accused
2767,1799,649,accused
2768,5093,739,accused
2769,1458,835,accused
2770,1458,250,accused
2771,1458,953,accused
2772,3165,966,accused
2773,2112,996,accused
2774,2273,1032,accused
2775,2273,417,accused
2776,2273,972,accused
2777,2187,99,accused
2778,3068,376,accused
2779,781,412,accused
2780,781,959,accused
2781,3320,191,accused
2782,3320,252,accused
2783,2474,1119,accused
2784,2474,1013,accused
2785,2474,1094,accused
2786,5036,732,accused
2787,5036,308,accused
2788,5036,1177,accused
2789,3407,582,accused
2790,786,518,accused
2791,786,1050,accused
2792,2690,659,accused
2793,1296,313,accused
2794,1296,664,accused
2795,1296,950,accused
2796,3360,434,accused
2797,929,64,accused
2798,2686,504,accused
2799,896,87,accused
2800,896,749,accused
2801,896,477,accused
2802,4724,518,accused
2803,5091,197,accused
2804,3821,943,accused
2805,3821,1113,accused
2806,2472,125,accused
2807,2472,853,accused
2808,2472,65,accused
2809,150,469,accused
2810,150,406,accused
2811,150,1023,accused
2812,3988,780,accused
2813,4737,655,accused
2814,4737,146,accused
2815,783,1016,accused
2816,3596,179,accused
2817,3596,291,accused
2818,3596,217,accused
2819,240,216,accused
2820,240,1155,accused
2821,3471,342,accused
2822,3471,46,accused
2823,3471,802,accused
2824,135,649,accused
2825,813,36,accused
2826,1141,1045,accused
2827,1141,906,accused
2828,2818,613,accused
2829,2818,955,accused
2830,2818,65,accused
2831,3602,820,accused
2832,509,532,accused
2833,1610,1011,accused
2834,126,953,accused
2835,126,578,accused
2836,637,77,accused
2837,637,365,accused
2838,637,408,accused
2839,4261,453,accused
2840,4261,838,accused
2841,4261,36,accused
2842,2526,575,accused
2843,2526,993,accused
2844,2526,37,accused
2845,2175,39,accused
2846,2175,860,accused
2847,2957,258,accused
2848,2957,859,accused
2849,679,658,accused
2850,679,263,accused
2851,679,968,accused
2852,3895,1142,accused
2853,4619,196,accused
2854,1088,667,accused
2855,3740,326,accused
2856,3740,286,accused
2857,3740,176,accused
2858,2253,1098,accused
2859,2253,920,accused
2860,2253,18,accused
2861,2395,320,accused
2862,3655,522,accused
2863,3655,551,accused
2864,3655,705,accused
2865,2868,843,accused
2866,4752,30,accused
2867,275,1109,accused
2868,1279,973,accused
2869,1279,1067,accused
2870,1279,662,accused
2871,1950,532,accused
2872,211,933,accused
2873,5138,1154,accused
2874,5138,500,accused
2875,5138,238,accused
2876,1679,787,accused
2877,1679,242,accused
2878,1679,684,accused
2879,2000,1106,accused
2880,2000,49,accused
2881,1432,418,accused
2882,1432,995,accused
2883,2494,1014,accused
2884,2494,685,accused
2885,1608,809,accused
2886,1608,122,accused
2887,1608,920,accused
2888,3342,390,accused
2889,1349,450,accused
2890,4101,298,accused
2891,5237,292,accused
2892,5237,28,accused
2893,5237,658,accused
2894,3205,1045,accused
2895,4466,332,accused
2896,4466,1139,accused
2897,4488,1174,accused
2898,3176,916,accused
2899,3176,653,accused
2900,2761,458,accused
2901,2698,176,accused
2902,78,319,accused
2903,748,296,accused
2904,4563,727,accused
2905,464,762,accused
2906,2783,534,accused
2907,2783,414,accused
2908,2332,804,accused
2909,2332,354,accused
2910,2332,609,accused
2911,4500,835,accused
2912,1847,1021,accused
2913,1847,1007,accused
2914,5028,448,accused
2915,1826,358,accused
2916,1826,148,accused
2917,3762,280,accused
2918,3762,994,accused
2919,3162,226,accused
2920,3162,818,accused
2921,3092,1197,accused
2922,3092,731,accused
2923,3092,994,accused
2924,2843,624,accused
2925,2843,235,accused
2926,1727,32,accused
2927,1727,514,accused
2928,1727,661,accused
2929,1243,101,accused
2930,1243,891,accused
2931,3262,1018,accused
2932,3262,1078,accused
2933,4264,301,accused
2934,4264,616,accused
2935,4264,115,accused
2936,4769,1072,accused
2937,4769,793,accused
2938,4769,876,accused
2939,29,479,accused
2940,29,45,accused
2941,2669,910,accused
2942,2669,118,accused
2943,2669,28,accused
2944,1271,1136,accused
2945,1271,26,accused
2946,4159,1128,accused
2947,2281,67,accused
2948,1678,263,accused
2949,2715,946,accused
2950,2715,650,accused
2951,118,296,accused
2952,337,323,accused
2953,1653,574,accused
2954,1653,617,accused
2955,1653,728,accused
2956,4806,662,accused
2957,4595,1049,accused
2958,4595,1183,accused
2959,285,761,accused
2960,4278,1097,accused
2961,4278,1198,accused
2962,4278,955,accused
2963,1272,241,accused
2964,1272,630,accused
2965,4144,1025,accused
2966,4710,606,accused
2967,551,331,accused
2968,1361,961,accused
2969,1689,847,accused
2970,1689,25,accused
2971,1689,23,accused
2972,4357,383,accused
2973,5429,269,accused
2974,5415,179,accused
2975,5415,58,accused
2976,5415,468,accused
2977,577,206,accused
2978,3466,1173,accused
2979,3466,672,accused
2980,1523,394,accused
2981,4560,145,accused
2982,1729,841,accused
2983,1729,883,accused
2984,1729,24,accused
2985,3245,733,accused
2986,3245,48,accused
2987,3245,985,accused
2988,3283,427,accused
2989,3283,448,accused
2990,3542,507,accused
2991,5285,781,accused
2992,5285,73,accused
2993,5285,729,accused
2994,2056,108,accused
2995,2056,923,accused
2996,2056,413,accused
2997,2970,998,accused
2998,2580,845,accused
2999,2580,359,accused
3000,2580,488,accused
3001,121,736,accused
3002,121,1090,accused
3003,121,272,accused
3004,717,54,accused
3005,717,198,accused
3006,1565,159,accused
3007,1565,1032,accused
3008,1565,116,accused
3009,3716,995,accused
3010,448,1190,accused
3011,3223,433,accused
3012,3223,579,accused
3013,3295,604,accused
3014,3340,149,accused
3015,3340,682,accused
3016,4604,1066,accused
3017,4604,461,accused
3018,4604,321,accused
3019,4799,1185,accused
3020,734,1122,accused
3021,4048,15,accused
3022,4434,1155,accused
3023,4434,174,accused
3024,4434,960,accused
3025,3331,165,accused
3026,3331,1179,accused
3027,2154,999,accused
3028,2154,949,accused
3029,2154,237,accused
3030,3774,829,accused
3031,3774,1017,accused
3032,3940,1149,accused
3033,3940,897,accused
3034,3940,813,accused
3035,2716,36,accused
3036,2716,315,accused
3037,1198,580,accused
3038,1198,529,accused
3039,2045,274,accused
3040,2045,260,accused
3041,1176,986,accused
3042,1176,688,accused
3043,4653,601,accused
3044,4653,1092,accused
3045,4653,153,accused
3046,2401,379,accused
3047,1994,29,accused
3048,2136,750,accused
3049,1409,563,accused
3050,1409,649,accused
3051,3630,666,accused
3052,3630,341,accused
3053,4917,916,accused
3054,4917,222,accused
3055,863,624,accused
3056,863,1170,accused
3057,863,172,accused
3058,1730,158,accused
3059,3935,762,accused
3060,3935,294,accused
3061,2161,538,accused
3062,2161,729,accused
3063,302,574,accused
3064,302,433,accused
3065,2487,1178,accused
3066,1123,362,accused
3067,5389,314,accused
3068,5389,523,accused
3069,3177,1193,accused
3070,3177,270,accused
3071,2211,400,accused
3072,2211,921,accused
3073,90,69,accused
3074,2628,143,accused
3075,2628,448,accused
3076,2628,171,accused
3077,1127,299,accused
3078,1127,320,accused
3079,1127,902,accused
3080,1092,888,accused
3081,1092,203,accused
3082,1092,720,accused
3083,3006,310,accused
3084,3006,711,accused
3085,3006,173,accused
3086,1541,1109,accused
3087,951,372,accused
3088,951,323,accused
3089,3720,733,accused
3090,1379,180,accused
3091,1379,445,accused
3092,1379,351,accused
3093,2809,1006,accused
3094,2809,54,accused
3095,2809,410,accused
3096,2254,59,accused
3097,2254,907,accused
3098,3937,1097,accused
3099,160,1096,accused
3100,3354,824,accused
3101,3354,298,accused
3102,175,547,accused
3103,175,1067,accused
3104,175,218,accused
3105,3053,238,accused
3106,3053,981,accused
3107,3053,1134,accused
3108,2613,842,accused
3109,2613,821,accused
3110,2659,1042,accused
3111,2659,519,accused
3112,550,800,accused
3113,550,1127,accused
3114,550,650,accused
3115,5334,825,accused
3116,3226,722,accused
3117,1844,817,accused
3118,1844,305,accused
3119,1844,923,accused
3120,3911,330,accused
3121,3911,103,accused
3122,3911,109,accused
3123,3330,245,accused
3124,5013,573,accused
3125,5013,877,accused
3126,5414,45,accused
3127,384,615,accused
3128,1830,1017,accused
3129,4281,962,accused
3130,4281,472,accused
3131,4281,975,accused
3132,5204,766,accused
3133,5204,278,accused
3134,5149,949,accused
3135,433,532,accused
3136,433,860,accused
3137,433,1161,accused
3138,549,116,accused
3139,549,164,accused
3140,549,853,accused
3141,4000,256,accused
3142,4000,867,accused
3143,4000,266,accused
3144,740,134,accused
3145,740,107,accused
3146,740,925,accused
3147,2499,801,accused
3148,2499,479,accused
3149,4923,525,accused
3150,4923,136,accused
3151,4451,105,accused
3152,4451,830,accused
3153,4451,546,accused
3154,5182,1126,accused
3155,5182,1073,accused
3156,5182,1108,accused
3157,2057,640,accused
3158,2057,545,accused
3159,2057,279,accused
3160,3835,559,accused
3161,3835,1039,accused
3162,2988,726,accused
3163,2988,455,accused
3164,2988,1029,accused
3165,2062,600,accused
3166,2062,648,accused
3167,1194,676,accused
3168,277,852,accused
3169,4439,911,accused
3170,4439,487,accused
3171,803,353,accused
3172,5050,189,accused
3173,5050,955,accused
3174,1601,374,accused
3175,1601,182,accused
3176,1601,162,accused
3177,2594,1104,accused
3178,2592,1060,accused
3179,2955,797,accused
3180,2955,1154,accused
3181,4770,1080,accused
3182,4770,699,accused
3183,690,1007,accused
3184,690,993,accused
3185,5074,263,accused
3186,2582,1034,accused
3187,2582,1136,accused
3188,2582,376,accused
3189,5402,484,accused
3190,5402,620,accused
3191,5295,375,accused
3192,2853,379,accused
3193,862,972,accused
3194,862,24,accused
3195,862,34,accused
3196,372,549,accused
3197,372,1153,accused
3198,3170,361,accused
3199,3170,671,accused
3200,908,826,accused
3201,908,241,accused
3202,908,1038,accused
3203,4098,973,accused
3204,1235,907,accused
3205,1235,164,accused
3206,2397,530,accused
3207,2397,318,accused
3208,2397,846,accused
3209,1046,639,accused
3210,4866,107,accused
3211,4866,30,accused
3212,113,258,accused
3213,113,968,accused
3214,113,767,accused
3215,1910,494,accused
3216,1910,377,accused
3217,2098,554,accused
3218,5361,458,accused
3219,2948,708,accused
3220,2948,319,accused
3221,2093,962,accused
3222,2093,581,accused
3223,2093,1106,accused
3224,656,398,accused
3225,2556,735,accused
3226,5110,1058,accused
3227,3868,766,accused
3228,3868,888,accused
3229,3868,483,accused
3230,3665,1057,accused
3231,3665,631,accused
3232,3665,802,accused
3233,3808,1195,accused
3234,525,1070,accused
3235,445,663,accused
3236,2415,441,accused
3237,2415,307,accused
3238,5464,995,accused
3239,5464,208,accused
3240,5464,325,accused
3241,968,239,accused
3242,968,14,accused
3243,968,595,accused
3244,5032,281,accused
3245,4349,533,accused
3246,4349,806,accused
3247,5363,1191,accused
3248,5363,429,accused
3249,3934,694,accused
3250,4692,821,accused
3251,4692,907,accused
3252,3786,1040,accused
3253,3786,556,accused
3254,3786,554,accused
3255,2521,554,accused
3256,4346,303,accused
3257,4346,961,accused
3258,4346,928,accused
3259,499,285,accused
3260,269,151,accused
3261,269,609,accused
3262,1275,584,accused
3263,3830,108,accused
3264,3830,1081,accused
3265,759,206,accused
3266,759,972,accused
3267,5142,1043,accused
3268,921,704,accused
3269,921,305,accused
3270,921,555,accused
3271,325,235,accused
3272,325,800,accused
3273,5351,71,accused
3274,5351,192,accused
3275,5007,104,accused
3276,4484,668,accused
3277,4484,517,accused
3278,4484,1151,accused
3279,1274,172,accused
3280,1274,168,accused
3281,1274,281,accused
3282,5482,747,accused
3283,3350,866,accused
3284,3350,504,accused
3285,3350,386,accused
3286,3653,969,accused
3287,4019,517,accused
3288,4019,303,accused
3289,4019,897,accused
3290,2833,93,accused
3291,2833,208,accused
3292,1852,769,accused
3293,1852,107,accused
3294,2581,469,accused
3295,2581,403,accused
3296,2581,958,accused
3297,2987,484,accused
3298,3569,1071,accused
3299,3569,833,accused
3300,3378,129,accused
3301,3378,532,accused
3302,3378,444,accused
3303,35,377,accused
3304,35,1165,accused
3305,1056,1172,accused
3306,1056,114,accused
3307,3853,698,accused
3308,3853,369,accused
3309,3891,1194,accused
3310,4913,255,accused
3311,4326,1100,accused
3312,2814,859,accused
3313,2814,298,accused
3314,4852,507,accused
3315,3147,149,accused
3316,3147,733,accused
3317,3147,684,accused
3318,2185,849,accused
3319,2185,935,accused
3320,2714,122,accused
3321,2714,966,accused
3322,2090,783,accused
3323,2090,553,accused
3324,2692,312,accused
3325,2692,642,accused
3326,4740,473,accused
3327,4740,506,accused
3328,321,1032,accused
3329,321,781,accused
3330,3238,833,accused
3331,3238,1120,accused
3332,3238,124,accused
3333,3531,1028,accused
3334,5281,865,accused
3335,5281,563,accused
3336,5281,799,accused
3337,3822,1020,accused
3338,3822,766,accused
3339,713,693,accused
3340,713,1159,accused
3341,713,858,accused
3342,71,970,accused
3343,1552,646,accused
3344,1552,1163,accused
3345,2708,251,accused
3346,2708,314,accused
3347,5208,589,accused
3348,5208,488,accused
3349,5208,964,accused
3350,1287,698,accused
3351,3382,854,accused
3352,5432,730,accused
3353,5432,468,accused
3354,5432,133,accused
3355,2387,213,accused
3356,2387,387,accused
3357,1402,1129,accused
3358,1402,473,accused
3359,1402,482,accused
3360,3572,813,accused
3361,4684,446,accused
3362,1270,1073,accused
3363,1270,214,accused
3364,1270,247,accused
3365,1002,305,accused
3366,1002,693,accused
3367,5119,666,accused
3368,4729,243,accused
3369,4729,716,accused
3370,4813,887,accused
3371,3706,274,accused
3372,3706,136,accused
3373,3706,439,accused
3374,2107,884,accused
3375,2107,514,accused
3376,2107,733,accused
3377,1135,72,accused
3378,1135,802,accused
3379,4344,512,accused
3380,3448,809,accused
3381,3448,109,accused
3382,3448,113,accused
3383,5024,1173,accused
3384,5024,529,accused
3385,5024,1182,accused
3386,314,14,accused
3387,3807,849,accused
3388,3807,316,accused
3389,533,1047,accused
3390,3416,241,accused
3391,2447,189,accused
3392,2723,696,accused
3393,2723,924,accused
3394,2723,858,accused
3395,3107,231,accused
3396,3107,25,accused
3397,3107,499,accused
3398,4598,91,accused
3399,857,849,accused
3400,857,648,accused
3401,2195,170,accused
3402,2195,654,accused
3403,2195,660,accused
3404,5416,133,accused
3405,5416,293,accused
3406,5416,533,accused
3407,4092,513,accused
3408,4092,20,accused
3409,4092,9,accused
3410,4160,616,accused
3411,4160,500,accused
3412,4160,919,accused
3413,3772,687,accused
3414,3772,30,accused
3415,3772,562,accused
3416,2091,957,accused
3417,2091,460,accused
3418,2091,859,accused
3419,4891,845,accused
3420,4624,476,accused
3421,4624,542,accused
3422,4624,82,accused
3423,315,163,accused
3424,315,414,accused
3425,14,322,accused
3426,5197,766,accused
3427,1199,1158,accused
3428,2343,465,accused
3429,3679,838,accused
3430,4759,573,accused
3431,4759,436,accused
3432,1077,1128,accused
3433,1077,135,accused
3434,1077,959,accused
3435,4478,192,accused
3436,4478,589,accused
3437,1848,505,accused
3438,1848,450,accused
3439,1699,319,accused
3440,1699,202,accused
3441,4169,289,accused
3442,4169,445,accused
3443,1152,345,accused
3444,1152,617,accused
3445,1152,1016,accused
3446,732,1080,accused
3447,732,984,accused
3448,1810,859,accused
3449,1810,549,accused
3450,1810,910,accused
3451,889,147,accused
3452,889,471,accused
3453,19,510,accused
3454,19,241,accused
3455,4575,1191,accused
3456,4575,926,accused
3457,4575,937,accused
3458,4938,34,accused
3459,4938,1145,accused
3460,4938,1013,accused
3461,2396,594,accused
3462,2396,206,accused
3463,2396,938,accused
3464,3816,966,accused
3465,3816,459,accused
3466,3816,442,accused
3467,214,1170,accused
3468,214,617,accused
3469,3781,675,accused
3470,3781,1008,accused
3471,3781,380,accused
3472,3085,1148,accused
3473,416,127,accused
3474,416,620,accused
3475,2184,198,accused
3476,2184,243,accused
3477,2184,532,accused
3478,2300,183,accused
3479,2300,497,accused
3480,4104,466,accused
3481,4104,500,accused
3482,4104,151,accused
3483,1991,408,accused
3484,250,592,accused
3485,250,1178,accused
3486,250,278,accused
3487,4699,276,accused
3488,4272,404,accused
3489,4272,999,accused
3490,4272,229,accused
3491,1714,204,accused
3492,2610,1139,accused
3493,2610,681,accused
3494,3422,216,accused
3495,3422,14,accused
3496,3422,512,accused
3497,2452,545,accused
3498,2452,296,accused
3499,2452,166,accused
3500,3055,53,accused
3501,2567,959,accused
3502,3881,237,accused
3503,3881,227,accused
3504,3881,1082,accused
3505,4663,957,accused
3506,4663,531,accused
3507,4663,166,accused
3508,4086,1032,accused
3509,4828,201,accused
3510,4828,470,accused
3511,4828,877,accused
3512,2338,418,accused
3513,3752,770,accused
3514,3334,520,accused
3515,1113,720,accused
3516,1113,518,accused
3517,4301,854,accused
3518,327,162,accused
3519,327,697,accused
3520,5479,754,accused
3521,1546,677,accused
3522,1546,791,accused
3523,4659,152,accused
3524,4659,469,accused
3525,4659,518,accused
3526,3452,137,accused
3527,2089,193,accused
3528,84,275,accused
3529,84,1060,accused
3530,360,321,accused
3531,360,426,accused
3532,360,752,accused
3533,3180,823,accused
3534,3180,497,accused
3535,3180,568,accused
3536,1702,343,accused
3537,1702,879,accused
3538,1702,341,accused
3539,2215,911,accused
3540,2215,214,accused
3541,2215,479,accused
3542,3257,727,accused
3543,3257,615,accused
3544,3257,824,accused
3545,142,906,accused
3546,142,408,accused
3547,142,12,accused
3548,3611,277,accused
3549,3611,517,accused
3550,3611,21,accused
3551,4153,1076,accused
3552,991,1007,accused
3553,704,728,accused
3554,2125,884,accused
3555,2125,552,accused
3556,2125,782,accused
3557,429,866,accused
3558,429,750,accused
3559,429,133,accused
3560,4670,860,accused
3561,4670,720,accused
3562,2353,232,accused
3563,4747,786,accused
3564,3617,892,accused
3565,3617,600,accused
3566,4986,940,accused
3567,4986,630,accused
3568,2564,263,accused
3569,4136,922,accused
3570,4136,1136,accused
3571,4136,664,accused
3572,2627,1197,accused
3573,5487,998,accused
3574,132,634,accused
3575,132,413,accused
3576,132,791,accused
3577,4327,757,accused
3578,4327,786,accused
3579,5344,92,accused
3580,5344,776,accused
3581,616,1126,accused
3582,616,109,accused
3583,304,555,accused
3584,304,39,accused
3585,304,802,accused
3586,2063,618,accused
3587,2063,638,accused
3588,4489,137,accused
3589,4489,679,accused
3590,2280,992,accused
3591,2280,418,accused
3592,2544,104,accused
3593,76,1077,accused
3594,5097,569,accused
3595,5097,1184,accused
3596,5097,260,accused
3597,1718,608,accused
3598,1718,680,accused
3599,1718,672,accused
3600,4342,352,accused
3601,1435,291,accused
3602,1435,1116,accused
3603,1435,42,accused
3604,5498,1189,accused
3605,3746,62,accused
3606,3746,108,accused
3607,3746,21,accused
3608,4661,733,accused
3609,4865,1182,accused
3610,4865,991,accused
3611,1744,460,accused
3612,1744,886,accused
3613,1482,772,accused
3614,1482,623,accused
3615,5436,995,accused
3616,5436,1110,accused
3617,5039,1193,accused
3618,5328,1072,accused
3619,5328,348,accused
3620,1146,1155,accused
3621,1146,997,accused
3622,1146,1195,accused
3623,3672,1190,accused
3624,3672,480,accused
3625,95,655,accused
3626,95,886,accused
3627,4154,971,accused
3628,4262,994,accused
3629,615,647,accused
3630,1784,825,accused
3631,2797,938,accused
3632,4733,141,accused
3633,4733,642,accused
3634,4733,937,accused
3635,4204,49,accused
3636,4204,74,accused
3637,339,629,accused
3638,1688,131,accused
3639,1688,368,accused
3640,282,1005,accused
3641,282,482,accused
3642,4001,1108,accused
3643,4001,550,accused
3644,5494,117,accused
3645,5494,301,accused
3646,5494,9,accused
3647,3281,1062,accused
3648,3281,1013,accused
3649,3281,106,accused
3650,1874,1184,accused
3651,1874,788,accused
3652,4040,884,accused
3653,4040,139,accused
3654,4040,77,accused
3655,1301,273,accused
3656,1301,765,accused
3657,1301,119,accused
3658,959,755,accused
3659,959,739,accused
3660,959,927,accused
3661,2766,298,accused
3662,2502,277,accused
3663,3504,185,accused
3664,3504,929,accused
3665,2320,806,accused
3666,2320,1088,accused
3667,1356,423,accused
3668,1356,343,accused
3669,1356,124,accused
3670,1062,164,accused
3671,1062,279,accused
3672,1062,559,accused
3673,4978,1132,accused
3674,861,78,accused
3675,2782,1059,accused
3676,2782,555,accused
3677,2782,680,accused
3678,4107,991,accused
3679,4107,295,accused
3680,2862,983,accused
3681,2862,404,accused
3682,2570,1153,accused
3683,4005,596,accused
3684,4005,1142,accused
3685,4005,597,accused
3686,4376,163,accused
3687,4376,551,accused
3688,1753,422,accused
3689,1753,100,accused
3690,385,498,accused
3691,385,907,accused
3692,385,82,accused
3693,3426,321,accused
3694,3972,397,accused
3695,3972,240,accused
3696,5006,979,accused
3697,5006,550,accused
3698,1668,1103,accused
3699,2419,260,accused
3700,2419,976,accused
3701,2419,826,accused
3702,2119,761,accused
3703,2119,171,accused
3704,2119,766,accused
3705,455,352,accused
3706,3620,698,accused
3707,3620,1148,accused
3708,1143,201,accused
3709,3183,974,accused
3710,2927,504,accused
3711,2927,1048,accused
3712,706,987,accused
3713,706,957,accused
3714,3661,617,accused
3715,3560,457,accused
3716,474,735,accused
3717,2077,676,accused
3718,1516,739,accused
3719,1516,402,accused
3720,1516,920,accused
3721,2362,1016,accused
3722,5046,33,accused
3723,5046,7,accused
3724,2321,602,accused
3725,2321,287,accused
3726,2321,5,accused
3727,990,292,accused
3728,990,743,accused
3729,990,1163,accused
3730,212,850,accused
3731,212,950,accused
3732,4419,178,accused
3733,3601,46,accused
3734,1209,175,accused
3735,2770,9,accused
3736,2770,459,accused
3737,2770,279,accused
3738,1125,327,accused
3739,2484,625,accused
3740,594,1012,accused
3741,5314,653,accused
3742,5314,426,accused
3743,5314,881,accused
3744,3858,818,accused
3745,3858,78,accused
3746,3858,282,accused
3747,5353,639,accused
3748,5353,205,accused
3749,1691,801,accused
3750,3266,339,accused
3751,3558,784,accused
3752,3558,383,accused
3753,4275,465,accused
3754,2560,294,accused
3755,2560,571,accused
3756,2560,1101,accused
3757,1918,876,accused
3758,1918,102,accused
3759,1643,779,accused
3760,1643,112,accused
3761,1643,940,accused
3762,2578,163,accused
3763,2578,9,accused
3764,2578,717,accused
3765,418,64,accused
3766,1670,123,accused
3767,1670,1088,accused
3768,1670,159,accused
3769,3368,759,accused
3770,3368,410,accused
3771,1684,1178,accused
3772,1684,1092,accused
3773,1684,742,accused
3774,3179,748,accused
3775,3179,412,accused
3776,3179,318,accused
3777,4291,350,accused
3778,5265,763,accused
3779,5265,487,accused
3780,5265,558,accused
3781,2194,679,accused
3782,1525,654,accused
3783,1898,1091,accused
3784,149,298,accused
3785,3056,838,accused
3786,3056,251,accused
3787,203,936,accused
3788,203,1192,accused
3789,203,434,accused
3790,3888,826,accused
3791,3888,820,accused
3792,3888,545,accused
3793,3404,1072,accused
3794,3404,888,accused
3795,3404,412,accused
3796,4819,1153,accused
3797,4819,1183,accused
3798,4819,844,accused
3799,3469,1137,accused
3800,3469,302,accused
3801,3469,274,accused
3802,2350,395,accused
3803,2350,111,accused
3804,2350,70,accused
3805,3629,825,accused
3806,3629,573,accused
3807,246,558,accused
3808,3455,922,accused
3809,3455,1135,accused
3810,3267,877,accused
3811,3267,629,accused
3812,3267,1110,accused
3813,1947,325,accused
3814,1947,769,accused
3815,5021,135,accused
3816,5021,992,accused
3817,1815,899,accused
3818,1815,322,accused
3819,1815,940,accused
3820,2260,310,accused
3821,2861,1141,accused
3822,2861,808,accused
3823,2861,877,accused
3824,1789,265,accused
3825,1646,152,accused
3826,1646,841,accused
3827,1646,729,accused
3828,1318,1136,accused
3829,1471,606,accused
3830,1471,21,accused
3831,2738,640,accused
3832,2738,199,accused
3833,2738,984,accused
3834,4258,998,accused
3835,4258,446,accused
3836,1939,860,accused
3837,1939,842,accused
3838,473,444,accused
3839,473,1065,accused
3840,2493,537,accused
3841,2493,954,accused
3842,4943,311,accused
3843,5484,868,accused
3844,1977,1011,accused
3845,1977,1088,accused
3846,677,550,accused
3847,677,511,accused
3848,5153,156,accused
3849,4578,439,accused
3850,782,147,accused
3851,782,479,accused
3852,1087,406,accused
3853,1087,250,accused
3854,284,27,accused
3855,284,711,accused
3856,284,83,accused
3857,2676,333,accused
3858,2676,301,accused
3859,2676,134,accused
3860,941,768,accused
3861,941,455,accused
3862,4498,563,accused
3863,3760,1067,accused
3864,3326,1020,accused
3865,3326,604,accused
3866,1285,498,accused
3867,1285,543,accused
3868,1285,164,accused
3869,295,147,accused
3870,295,581,accused
3871,5016,273,accused
3872,5016,1045,accused
3873,3983,53,accused
3874,3983,288,accused
3875,2034,630,accused
3876,2034,1153,accused
3877,2034,58,accused
3878,2779,42,accused
3879,3535,370,accused
3880,2700,842,accused
3881,2631,78,accused
3882,2631,796,accused
3883,2869,1049,accused
3884,2869,761,accused
3885,2678,285,accused
3886,2678,1192,accused
3887,2666,484,accused
3888,2666,231,accused
3889,2666,1059,accused
3890,3825,352,accused
3891,3825,147,accused
3892,3825,3,accused
3893,2657,1198,accused
3894,2657,60,accused
3895,2657,607,accused
3896,4889,648,accused
3897,4889,48,accused
3898,609,224,accused
3899,609,1122,accused
3900,4229,484,accused
3901,4229,959,accused
3902,4229,941,accused
3903,4635,720,accused
3904,4635,528,accused
3905,698,720,accused
3906,698,987,accused
3907,698,147,accused
3908,1412,545,accused
3909,3428,508,accused
3910,3428,404,accused
3911,3428,671,accused
3912,3884,1078,accused
3913,3271,499,accused
3914,3271,447,accused
3915,4890,42,accused
3916,4890,329,accused
3917,4890,664,accused
3918,4650,184,accused
3919,4650,361,accused
3920,4378,10,accused
3921,4378,807,accused
3922,784,634,accused
3923,784,1131,accused
3924,4850,833,accused
3925,4850,989,accused
3926,2509,772,accused
3927,2509,1056,accused
3928,2509,350,accused
3929,4045,1025,accused
3930,4045,731,accused
3931,898,302,accused
3932,898,984,accused
3933,898,109,accused
3934,496,374,accused
3935,496,1148,accused
3936,496,302,accused
3937,4146,464,accused
3938,4047,657,accused
3939,4047,690,accused
3940,4047,631,accused
3941,481,690,accused
3942,481,213,accused
3943,2859,183,accused
3944,2859,570,accused
3945,1474,1103,accused
3946,4252,714,accused
3947,4252,720,accused
3948,4802,256,accused
3949,191,1137,accused
3950,125,727,accused
3951,2482,15,accused
3952,2482,549,accused
3953,2482,465,accused
3954,5307,249,accused
3955,4410,15,accused
3956,4410,992,accused
3957,4410,201,accused
3958,444,350,accused
3959,444,1112,accused
3960,444,209,accused
3961,716,650,accused
3962,716,1033,accused
3963,2559,72,accused
3964,2559,1081,accused
3965,2559,224,accused
3966,4351,813,accused
3967,2159,679,accused
3968,2159,731,accused
3969,2159,207,accused
3970,745,294,accused
3971,745,817,accused
3972,745,390,accused
3973,2980,732,accused
3974,2980,653,accused
3975,3337,1130,accused
3976,3337,325,accused
3977,5422,1142,accused
3978,5422,279,accused
3979,2142,648,accused
3980,2142,1095,accused
3981,2142,519,accused
3982,1772,273,accused
3983,1772,306,accused
3984,3659,248,accused
3985,893,518,accused
3986,893,573,accused
3987,893,307,accused
3988,2803,1198,accused
3989,2803,894,accused
3990,2803,975,accused
3991,342,887,accused
3992,342,249,accused
3993,398,272,accused
3994,398,1186,accused
3995,398,955,accused
3996,1,915,accused
3997,1,700,accused
3998,779,907,accused
3999,779,609,accused
4000,1337,388,accused
4001,1337,785,accused
4002,1337,783,accused
4003,5163,188,accused
4004,5163,820,accused
4005,5064,416,accused
4006,3681,466,accused
4007,3681,1145,accused
4008,1906,1177,accused
4009,1906,167,accused
4010,3903,1198,accused
4011,3903,412,accused
4012,3903,957,accused
4013,351,512,accused
4014,351,930,accused
4015,233,242,accused
4016,233,1066,accused
4017,233,646,accused
4018,2417,670,accused
4019,378,293,accused
4020,378,48,accused
4021,378,967,accused
4022,3877,1074,accused
4023,238,975,accused
4024,238,955,accused
4025,238,1135,accused
4026,3957,107,accused
4027,3957,910,accused
4028,1040,708,accused
4029,1040,505,accused
4030,1040,435,accused
4031,2941,1137,accused
4032,2941,646,accused
4033,1399,833,accused
4034,1399,371,accused
4035,3447,664,accused
4036,3447,101,accused
4037,3447,769,accused
4038,2754,319,accused
4039,2754,13,accused
4040,2754,814,accused
4041,2378,12,accused
4042,2378,698,accused
4043,4355,459,accused
4044,4355,975,accused
4045,2095,294,accused
4046,2095,1025,accused
4047,1949,89,accused
4048,1949,569,accused
4049,2490,914,accused
4050,2490,130,accused
4051,1475,362,accused
4052,4162,486,accused
4053,4162,741,accused
4054,4162,1002,accused
4055,1543,1063,accused
4056,1543,733,accused
4057,925,847,accused
4058,925,712,accused
4059,2137,1188,accused
4060,5412,641,accused
4061,5412,582,accused
4062,5412,966,accused
4063,5483,899,accused
4064,1320,198,accused
4065,1320,866,accused
4066,1024,580,accused
4067,1024,569,accused
4068,1024,1077,accused
4069,1335,244,accused
4070,1335,689,accused
4071,1335,212,accused
4072,2973,30,accused
4073,2973,36,accused
4074,2973,1140,accused
4075,1129,418,accused
4076,1602,468,accused
4077,1602,704,accused
4078,4121,218,accused
4079,4121,4,accused
4080,4121,97,accused
4081,465,965,accused
4082,465,69,accused
4083,4526,885,accused
4084,4526,51,accused
4085,4526,505,accused
4086,4450,751,accused
4087,4450,455,accused
4088,4450,40,accused
4089,1574,939,accused
4090,709,180,accused
4091,709,737,accused
4092,709,318,accused
4093,3388,316,accused
4094,3388,175,accused
4095,788,504,accused
4096,4068,607,accused
4097,2960,1077,accused
4098,4054,907,accused
4099,4696,1007,accused
4100,38,387,accused
4101,38,930,accused
4102,38,609,accused
4103,4124,357,accused
4104,5465,51,accused
4105,5465,331,accused
4106,5465,868,accused
4107,5500,900,accused
4108,5500,546,accused
4109,5500,702,accused
4110,4994,791,accused
4111,4994,151,accused
4112,4994,1070,accused
4113,806,528,accused
4114,806,268,accused
4115,806,61,accused
4116,1907,603,accused
4117,1907,1098,accused
4118,3195,266,accused
4119,3195,64,accused
4120,3195,330,accused
4121,2794,629,accused
4122,2794,307,accused
4123,2794,241,accused
4124,3436,518,accused
4125,3436,720,accused
4126,1410,588,accused
4127,1960,3,accused
4128,1960,622,accused
4129,1960,242,accused
4130,3084,237,accused
4131,3748,129,accused
4132,3748,695,accused
4133,147,937,accused
4134,147,311,accused
4135,147,389,accused
4136,2123,479,accused
4137,2123,179,accused
4138,2123,201,accused
4139,286,77,accused
4140,1357,546,accused
4141,1357,1153,accused
4142,262,707,accused
4143,262,137,accused
4144,262,533,accused
4145,2847,596,accused
4146,2847,945,accused
4147,2205,568,accused
4148,2205,1100,accused
4149,3395,1136,accused
4150,3395,662,accused
4151,3395,613,accused
4152,2908,838,accused
4153,2908,365,accused
4154,2908,4,accused
4155,51,474,accused
4156,51,582,accused
4157,2994,993,accused
4158,2994,435,accused
4159,2994,934,accused
4160,3231,379,accused
4161,4440,978,accused
4162,5117,980,accused
4163,5117,532,accused
4164,2216,302,accused
4165,4706,172,accused
4166,4706,985,accused
4167,4727,380,accused
4168,3158,600,accused
4169,3158,716,accused
4170,1749,1042,accused
4171,1749,673,accused
4172,1749,46,accused
4173,2157,1199,accused
4174,3869,32,accused
4175,3869,191,accused
4176,3869,21,accused
4177,1682,274,accused
4178,3440,1194,accused
4179,1191,994,accused
4180,1191,1069,accused
4181,1191,439,accused
4182,4736,1163,accused
4183,4736,415,accused
4184,4736,164,accused
4185,3545,507,accused
4186,3545,626,accused
4187,3545,1,accused
4188,1241,868,accused
4189,1625,479,accused
4190,1625,326,accused
4191,1625,26,accused
4192,5213,946,accused
4193,5213,361,accused
4194,5213,996,accused
4195,3175,644,accused
4196,1456,1117,accused
4197,1493,347,accused
4198,1493,89,accused
4199,1493,352,accused
4200,1836,819,accused
4201,1836,583,accused
4202,1436,425,accused
4203,1436,965,accused
4204,1436,595,accused
4205,910,851,accused
4206,4065,1046,accused
4207,4065,454,accused
4208,253,269,accused
4209,180,420,accused
4210,557,404,accused
4211,557,492,accused
4212,557,346,accused
4213,4232,75,accused
4214,3660,448,accused
4215,2289,1053,accused
4216,2289,333,accused
4217,2289,280,accused
4218,2495,355,accused
4219,2495,506,accused
4220,2887,131,accused
4221,2887,590,accused
4222,1817,580,accused
4223,3947,795,accused
4224,3947,283,accused
4225,749,1113,accused
4226,749,307,accused
4227,749,507,accused
4228,1944,429,accused
4229,1944,145,accused
4230,5136,527,accused
4231,5136,600,accused
4232,5136,631,accused
4233,1821,87,accused
4234,1821,613,accused
4235,1821,1054,accused
4236,291,803,accused
4237,291,409,accused
4238,291,584,accused
4239,3516,821,accused
4240,3516,910,accused
4241,2144,218,accused
4242,2144,967,accused
4243,2144,938,accused
4244,2439,392,accused
4245,258,804,accused
4246,258,752,accused
4247,258,534,accused
4248,721,55,accused
4249,1528,263,accused
4250,1433,171,accused
4251,1433,612,accused
4252,539,226,accused
4253,4977,167,accused
4254,4977,47,accused
4255,401,678,accused
4256,401,176,accused
4257,3460,1039,accused
4258,1661,1006,accused
4259,4135,306,accused
4260,4135,315,accused
4261,4135,209,accused
4262,831,1120,accused
4263,3203,1110,accused
4264,3711,1039,accused
4265,3711,663,accused
4266,3357,176,accused
4267,3357,357,accused
4268,3357,1054,accused
4269,2030,306,accused
4270,2030,242,accused
4271,2030,947,accused
4272,2325,879,accused
4273,2325,119,accused
4274,1025,483,accused
4275,4847,1076,accused
4276,4847,882,accused
4277,1850,865,accused
4278,1031,244,accused
4279,40,107,accused
4280,40,137,accused
4281,4266,692,accused
4282,4266,27,accused
4283,4266,486,accused
4284,2732,27,accused
4285,2732,1022,accused
4286,2952,141,accused
4287,2952,198,accused
4288,2952,523,accused
4289,4715,883,accused
4290,4195,201,accused
4291,4195,479,accused
4292,2649,864,accused
4293,2649,1083,accused
4294,1692,990,accused
4295,1692,615,accused
4296,5297,579,accused
4297,5297,769,accused
4298,5297,311,accused
4299,5174,712,accused
4300,5433,534,accused
4301,1158,192,accused
4302,1158,1155,accused
4303,2367,498,accused
4304,2367,1113,accused
4305,2367,444,accused
4306,3344,1169,accused
4307,3344,471,accused
4308,3344,28,accused
4309,5350,522,accused
4310,1822,905,accused
4311,1822,136,accused
4312,1822,263,accused
4313,3286,245,accused
4314,3286,212,accused
4315,655,697,accused
4316,655,1009,accused
4317,5169,585,accused
4318,4695,935,accused
4319,3670,829,accused
4320,3670,906,accused
4321,3182,232,accused
4322,694,534,accused
4323,694,1081,accused
4324,694,836,accused
4325,2170,374,accused
4326,2170,902,accused
4327,776,1083,accused
4328,776,298,accused
4329,776,546,accused
4330,3328,1052,accused
4331,3328,751,accused
4332,4547,170,accused
4333,4547,11,accused
4334,3336,414,accused
4335,611,119,accused
4336,611,121,accused
4337,1124,697,accused
4338,120,387,accused
4339,3991,635,accused
4340,567,1065,accused
4341,567,821,accused
4342,567,260,accused
4343,772,174,accused
4344,772,740,accused
4345,772,977,accused
4346,133,407,accused
4347,133,793,accused
4348,133,909,accused
4349,4304,700,accused
4350,4304,507,accused
4351,4304,907,accused
4352,3009,893,accused
4353,3009,1050,accused
4354,3009,281,accused
4355,5269,783,accused
4356,5296,535,accused
4357,5296,1070,accused
4358,5296,153,accused
4359,4939,382,accused
4360,4939,1010,accused
4361,559,190,accused
4362,664,1055,accused
4363,664,346,accused
4364,664,672,accused
4365,3756,436,accused
4366,4373,192,accused
4367,4373,241,accused
4368,5005,392,accused
4369,797,1076,accused
4370,797,345,accused
4371,797,194,accused
4372,3875,959,accused
4373,3875,90,accused
4374,1803,579,accused
4375,1803,509,accused
4376,1803,429,accused
4377,431,217,accused
4378,3060,601,accused
4379,3060,394,accused
4380,3060,289,accused
4381,5447,441,accused
4382,5447,376,accused
4383,5447,357,accused
4384,5417,1054,accused
4385,439,51,accused
4386,439,677,accused
4387,439,61,accused
4388,4898,553,accused
4389,4898,108,accused
4390,4898,1108,accused
4391,3553,831,accused
4392,3553,945,accused
4393,3553,330,accused
4394,2752,439,accused
4395,4282,763,accused
4396,4282,205,accused
4397,2342,951,accused
4398,2342,445,accused
4399,2342,1051,accused
4400,4844,646,accused
4401,4844,179,accused
4402,476,869,accused
4403,476,978,accused
4404,476,585,accused
4405,1265,13,accused
4406,3987,196,accused
4407,3987,911,accused
4408,3987,568,accused
4409,535,401,accused
4410,535,1001,accused
4411,4165,247,accused
4412,4165,1066,accused
4413,4165,993,accused
4414,2828,184,accused
4415,5445,18,accused
4416,5366,608,accused
4417,3408,198,accused
4418,2329,1175,accused
4419,3477,305,accused
4420,166,467,accused
4421,166,794,accused
4422,166,226,accused
4423,498,750,accused
4424,498,900,accused
4425,498,956,accused
4426,3778,589,accused
4427,3778,270,accused
4428,1978,1028,accused
4429,5181,414,accused
4430,5181,14,accused
4431,1066,630,accused
4432,1066,944,accused
4433,1066,767,accused
4434,3848,20,accused
4435,3848,499,accused
4436,2597,641,accused
4437,4656,216,accused
4438,4656,366,accused
4439,4656,467,accused
4440,2324,104,accused
4441,4003,333,accused
4442,2087,574,accused
4443,2087,218,accused
4444,830,1038,accused
4445,830,310,accused
4446,830,285,accused
4447,576,172,accused
4448,1212,532,accused
4449,1212,910,accused
4450,5400,1,accused
4451,5400,1111,accused
4452,5400,1159,accused
4453,3642,795,accused
4454,3642,834,accused
4455,397,464,accused
4456,397,701,accused
4457,4234,554,accused
4458,4234,120,accused
4459,25,201,accused
4460,3654,265,accused
4461,3654,1130,accused
4462,2932,379,accused
4463,2932,430,accused
4464,1748,991,accused
4465,4080,1008,accused
4466,4080,34,accused
4467,4080,985,accused
4468,3834,681,accused
4469,3834,355,accused
4470,3372,541,accused
4471,127,1119,accused
4472,127,1187,accused
4473,127,907,accused
4474,2798,1166,accused
4475,2798,248,accused
4476,726,826,accused
4477,726,801,accused
4478,5324,857,accused
4479,5324,668,accused
4480,5324,1143,accused
4481,2552,545,accused
4482,2552,241,accused
4483,3758,713,accused
4484,301,856,accused
4485,3446,689,accused
4486,5259,821,accused
4487,5259,824,accused
4488,5301,681,accused
4489,5301,456,accused
4490,5301,54,accused
4491,3852,794,accused
4492,3852,953,accused
4493,915,1051,accused
4494,915,130,accused
4495,3256,827,accused
4496,3256,500,accused
4497,3256,279,accused
4498,3312,429,accused
4499,3312,408,accused
4500,3312,653,accused
4501,4896,723,accused
4502,1873,261,accused
4503,2637,1050,accused
4504,2637,205,accused
4505,2283,963,accused
4506,2283,374,accused
4507,3144,51,accused
4508,3144,696,accused
4509,4719,15,accused
4510,4719,684,accused
4511,3609,1170,accused
4512,3609,397,accused
4513,3609,300,accused
4514,3625,322,accused
4515,3625,164,accused
4516,3625,291,accused
4517,586,424,accused
4518,586,1088,accused
4519,2491,95,accused
4520,4838,909,accused
4521,5205,900,accused
4522,5205,847,accused
4523,5205,1101,accused
4524,5460,1155,accused
4525,5234,470,accused
4526,1807,638,accused
4527,4248,1091,accused
4528,856,860,accused
4529,856,682,accused
4530,856,37,accused
4531,5235,511,accused
4532,3439,1090,accused
4533,1892,1139,accused
4534,1892,326,accused
4535,602,289,accused
4536,602,378,accused
4537,484,773,accused
4538,3138,21,accused
4539,3138,316,accused
4540,3011,1072,accused
4541,3011,798,accused
4542,1990,834,accused
4543,2272,1042,accused
4544,720,1007,accused
4545,3268,109,accused
4546,3268,897,accused
4547,3268,305,accused
4548,4222,1025,accused
4549,4222,760,accused
4550,4910,1009,accused
4551,4910,946,accused
4552,2871,547,accused
4553,2871,1139,accused
4554,2871,522,accused
4555,2784,1070,accused
4556,2784,739,accused
4557,2784,338,accused
4558,4909,177,accused
4559,4198,900,accused
4560,4198,302,accused
4561,4198,837,accused
4562,3525,980,accused
4563,4495,894,accused
4564,4495,964,accused
4565,115,630,accused
4566,3419,945,accused
4567,5095,825,accused
4568,5095,1038,accused
4569,5095,89,accused
4570,1657,1104,accused
4571,1657,1004,accused
4572,3034,332,accused
4573,3034,671,accused
4574,3034,1168,accused
4575,2102,902,accused
4576,2102,317,accused
4577,2102,608,accused
4578,2665,733,accused
4579,5052,745,accused
4580,5052,969,accused
4581,1612,349,accused
4582,3421,948,accused
4583,3421,360,accused
4584,728,281,accused
4585,728,737,accused
4586,728,995,accused
4587,2183,713,accused
4588,2183,681,accused
4589,2047,540,accused
4590,2047,883,accused
4591,1016,1036,accused
4592,1016,470,accused
4593,1234,117,accused
4594,4366,708,accused
4595,4366,469,accused
4596,4366,325,accused
4597,2709,486,accused
4598,1811,744,accused
4599,4220,670,accused
4600,4220,1048,accused
4601,4220,780,accused
4602,3576,428,accused
4603,3576,474,accused
4604,2769,92,accused
4605,2769,871,accused
4606,2769,1023,accused
4607,1497,1010,accused
4608,2101,169,accused
4609,2101,1052,accused
4610,3925,955,accused
4611,3925,673,accused
4612,3925,843,accused
4613,1881,972,accused
4614,1881,208,accused
4615,791,257,accused
4616,791,615,accused
4617,3509,316,accused
4618,3509,510,accused
4619,3509,241,accused
4620,4173,505,accused
4621,4173,1155,accused
4622,4173,472,accused
4623,5012,533,accused
4624,5012,1190,accused
4625,882,88,accused
4626,882,100,accused
4627,3209,132,accused
4628,3209,1105,accused
4629,4437,20,accused
4630,4437,879,accused
4631,2984,1022,accused
4632,4586,1064,accused
4633,4586,630,accused
4634,4586,489,accused
4635,3640,567,accused
4636,3640,1078,accused
4637,3568,307,accused
4638,3568,727,accused
4639,2301,970,accused
4640,2301,396,accused
4641,2301,599,accused
4642,1568,526,accused
4643,1925,509,accused
4644,1925,1112,accused
4645,1925,542,accused
4646,3970,973,accused
4647,5108,964,accused
4648,5223,390,accused
4649,1192,180,accused
4650,1280,864,accused
4651,1280,77,accused
4652,920,884,accused
4653,920,89,accused
4654,492,166,accused
4655,492,971,accused
4656,4385,860,accused
4657,4385,560,accused
4658,4385,818,accused
4659,672,747,accused
4660,672,860,accused
4661,4178,1,accused
4662,4178,705,accused
4663,4637,1092,accused
4664,5396,75,accused
4665,1531,312,accused
4666,1582,818,accused
4667,1582,380,accused
4668,319,250,accused
4669,832,786,accused
4670,832,1098,accused
4671,832,1143,accused
4672,1721,83,accused
4673,1721,1193,accused
4674,4256,335,accused
4675,761,294,accused
4676,899,848,accused
4677,899,458,accused
4678,899,575,accused
4679,4579,694,accused
4680,4579,74,accused
4681,2710,69,accused
4682,2710,981,accused
4683,2710,602,accused
4684,4006,290,accused
4685,596,26,accused
4686,2551,670,accused
4687,2911,296,accused
4688,4712,509,accused
4689,4712,704,accused
4690,2902,749,accused
4691,2902,861,accused
4692,2902,251,accused
4693,1196,415,accused
4694,1196,963,accused
4695,1196,82,accused
4696,1764,930,accused
4697,5455,175,accused
4698,5455,864,accused
4699,2120,587,accused
4700,2120,667,accused
4701,4648,627,accused
4702,4648,1060,accused
4703,4648,552,accused
4704,3172,874,accused
4705,3172,1173,accused
4706,3273,201,accused
4707,3273,1012,accused
4708,3273,660,accused
4709,2751,350,accused
4710,2751,819,accused
4711,3207,132,accused
4712,3207,529,accused
4713,3207,240,accused
4714,1219,61,accused
4715,1219,177,accused
4716,138,933,accused
4717,138,29,accused
4718,138,25,accused
4719,1926,193,accused
4720,1926,994,accused
4721,546,938,accused
4722,1179,186,accused
4723,1179,212,accused
4724,2166,862,accused
4725,2166,160,accused
4726,2166,469,accused
4727,188,1069,accused
4728,3105,695,accused
4729,3105,675,accused
4730,3105,917,accused
4731,3279,14,accused
4732,446,758,accused
4733,2105,347,accused
4734,2105,712,accused
4735,2105,512,accused
4736,1957,740,accused
4737,1957,486,accused
4738,2557,189,accused
4739,2557,1110,accused
4740,2546,795,accused
4741,4540,1199,accused
4742,4540,664,accused
4743,1980,563,accused
4744,1980,8,accused
4745,1980,1125,accused
4746,5087,1192,accused
4747,4072,319,accused
4748,4072,1062,accused
4749,3134,685,accused
4750,5029,1187,accused
4751,5029,873,accused
4752,3735,1034,accused
4753,1041,981,accused
4754,4181,232,accused
4755,4181,562,accused
4756,334,469,accused
4757,334,397,accused
4758,334,1149,accused
4759,1306,500,accused
4760,1306,619,accused
4761,1306,161,accused
4762,2863,796,accused
4763,5162,856,accused
4764,2008,754,accused
4765,2008,604,accused
4766,1851,995,accused
4767,1851,25,accused
4768,3908,654,accused
4769,3908,595,accused
4770,435,1120,accused
4771,435,349,accused
4772,297,557,accused
4773,4422,914,accused
4774,3237,1160,accused
4775,665,994,accused
4776,665,626,accused
4777,2021,296,accused
4778,3589,307,accused
4779,3589,1146,accused
4780,2877,1189,accused
4781,58,771,accused
4782,58,1075,accused
4783,58,91,accused
4784,1908,141,accused
4785,1908,93,accused
4786,2598,1163,accused
4787,2598,45,accused
4788,3002,324,accused
4789,3002,1191,accused
4790,4461,1026,accused
4791,4461,772,accused
4792,4461,444,accused
4793,3104,995,accused
4794,3104,348,accused
4795,3699,509,accused
4796,4861,1076,accused
4797,4861,679,accused
4798,4861,1030,accused
4799,5322,1116,accused
4800,5322,152,accused
4801,768,529,accused
4802,3828,1082,accused
4803,3828,941,accused
4804,1245,837,accused
4805,4382,752,accused
4806,4382,100,accused
4807,4382,939,accused
4808,1630,253,accused
4809,1630,683,accused
4810,5195,153,accused
4811,667,174,accused
4812,667,39,accused
4813,667,80,accused
4814,4668,3,accused
4815,795,274,accused
4816,1587,201,accused
4817,1587,950,accused
4818,1587,354,accused
4819,705,264,accused
4820,705,573,accused
4821,705,627,accused
4822,4455,1034,accused
4823,4455,491,accused
4824,4455,869,accused
4825,2075,86,accused
4826,4347,621,accused
4827,5217,756,accused
4828,5217,735,accused
4829,5217,1115,accused
4830,2915,145,accused
4831,3017,207,accused
4832,3017,954,accused
4833,2382,962,accused
4834,2382,64,accused
4835,2382,171,accused
4836,4503,430,accused
4837,4503,1053,accused
4838,4503,1143,accused
4839,4537,257,accused
4840,4537,233,accused
4841,3270,1109,accused
4842,3270,503,accused
4843,326,441,accused
4844,326,787,accused
4845,428,1035,accused
4846,428,560,accused
4847,4557,1200,accused
4848,4557,590,accused
4849,869,926,accused
4850,869,397,accused
4851,869,405,accused
4852,5278,294,accused
4853,4202,1134,accused
4854,4381,329,accused
4855,1723,688,accused
4856,1723,1045,accused
4857,1588,1169,accused
4858,1588,434,accused
4859,1588,262,accused
4860,369,544,accused
4861,369,504,accused
4862,369,594,accused
4863,2456,107,accused
4864,2885,179,accused
4865,2885,537,accused
4866,1659,723,accused
4867,1659,85,accused
4868,1659,1146,accused
4869,1875,584,accused
4870,1875,713,accused
4871,1875,117,accused
4872,450,926,accused
4873,2370,368,accused
4874,1801,1164,accused
4875,1801,354,accused
4876,1801,703,accused
4877,3521,332,accused
4878,3521,873,accused
4879,3521,140,accused
4880,1768,751,accused
4881,1768,524,accused
4882,2433,1115,accused
4883,1796,1135,accused
4884,1796,1006,accused
4885,1796,864,accused
4886,5203,579,accused
4887,5203,30,accused
4888,5222,181,accused
4889,4645,1164,accused
4890,710,444,accused
4891,1644,910,accused
4892,1644,574,accused
4893,1644,594,accused
4894,1556,91,accused
4895,1556,581,accused
4896,4649,6,accused
4897,4649,924,accused
4898,388,16,accused
4899,388,916,accused
4900,388,827,accused
4901,1110,261,accused
4902,1110,8,accused
4903,4459,851,accused
4904,4459,1069,accused
4905,1776,760,accused
4906,2236,320,accused
4907,2236,481,accused
4908,2236,506,accused
4909,4723,1195,accused
4910,4207,182,accused
4911,4207,1041,accused
4912,4207,881,accused
4913,3701,6,accused
4914,3701,712,accused
4915,3701,551,accused
4916,4751,155,accused
4917,1490,773,accused
4918,2379,922,accused
4919,3969,576,accused
4920,3969,810,accused
4921,169,626,accused
4922,169,792,accused
4923,5337,50,accused
4924,5337,744,accused
4925,5337,925,accused
4926,1824,1165,accused
4927,1824,547,accused
4928,4420,689,accused
4929,662,654,accused
4930,662,19,accused
4931,5130,129,accused
4932,5130,163,accused
4933,5130,739,accused
4934,5054,544,accused
4935,5054,923,accused
4936,3856,766,accused
4937,3856,18,accused
4938,3856,607,accused
4939,3726,760,accused
4940,3726,442,accused
4941,2736,699,accused
4942,2736,616,accused
4943,4426,309,accused
4944,4426,1027,accused
4945,4426,1151,accused
4946,3287,314,accused
4947,349,415,accused
4948,349,842,accused
4949,1452,593,accused
4950,1452,1149,accused
4951,1452,50,accused
4952,506,869,accused
4953,506,1136,accused
4954,5443,1025,accused
4955,1557,1025,accused
4956,1477,514,accused
4957,394,514,accused
4958,1850,3,accused
4959,5046,1028,accused
4960,2415,1028,accused
4961,4983,1028,accused
4962,3095,1029,accused
4963,4723,518,accused
4964,1356,518,accused
4965,429,518,accused
4966,4914,1037,accused
4967,3711,14,accused
4968,4272,15,accused
4969,4261,15,accused
4970,2056,531,accused
4971,115,20,accused
4972,183,20,accused
4973,5234,20,accused
4974,5205,532,accused
4975,5028,532,accused
4976,3267,532,accused
4977,3565,534,accused
4978,4733,534,accused
4979,4926,534,accused
4980,5047,21,accused
4981,5482,537,accused
4982,2102,537,accused
4983,2828,537,accused
4984,1266,1050,accused
4985,679,26,accused
4986,2212,26,accused
4987,679,30,accused
4988,5476,30,accused
4989,5471,30,accused
4990,2598,545,accused
4991,2529,545,accused
4992,4530,545,accused
4993,416,546,accused
4994,1718,546,accused
4995,3484,36,accused
4996,5400,549,accused
4997,4541,549,accused
4998,3423,549,accused
4999,1358,39,accused
5000,4304,39,accused
5001,3885,39,accused
5002,5422,1065,accused
5003,4162,554,accused
5004,3727,1066,accused
5005,3180,1066,accused
5006,3729,1066,accused
5007,3200,1069,accused
5008,5268,45,accused
5009,5487,48,accused
5010,5416,48,accused
5011,1485,562,accused
5012,5410,1078,accused
5013,1398,1078,accused
5014,1493,1078,accused
5015,2552,1081,accused
5016,1176,1081,accused
5017,2484,57,accused
5018,2759,57,accused
5019,2191,1083,accused
5020,831,1083,accused
5021,4955,1083,accused
5022,3811,58,accused
5023,1537,573,accused
5024,2754,579,accused
5025,4740,579,accused
5026,665,581,accused
5027,759,581,accused
5028,4719,77,accused
5029,3309,77,accused
5030,3697,1110,accused
5031,2011,1110,accused
5032,2223,602,accused
5033,3685,602,accused
5034,1423,602,accused
5035,2201,91,accused
5036,4871,91,accused
5037,4733,615,accused
5038,1685,615,accused
5039,1209,615,accused
5040,4785,107,accused
5041,44,107,accused
5042,1208,107,accused
5043,1765,622,accused
5044,712,1135,accused
5045,4040,1136,accused
5046,4314,1136,accused
5047,425,1136,accused
5048,5470,1137,accused
5049,4687,1137,accused
5050,3779,1137,accused
5051,5119,114,accused
5052,2718,114,accused
5053,2482,114,accused
5054,3596,629,accused
5055,3895,630,accused
5056,3877,630,accused
5057,2621,630,accused
5058,3271,120,accused
5059,4154,120,accused
5060,5115,1148,accused
5061,433,1153,accused
5062,5444,1153,accused
5063,2573,1154,accused
5064,2507,646,accused
5065,3536,646,accused
5066,1141,648,accused
5067,1578,648,accused
5068,3619,648,accused
5069,3375,137,accused
5070,990,137,accused
5071,2779,136,accused
5072,377,136,accused
5073,2342,136,accused
5074,2103,1163,accused
5075,3748,1163,accused
5076,710,1163,accused
5077,2973,139,accused
5078,179,1161,accused
5079,1950,147,accused
5080,1546,147,accused
5081,3565,147,accused
5082,3987,149,accused
5083,4459,149,accused
5084,7,661,accused
5085,4526,661,accused
5086,4081,661,accused
5087,3268,156,accused
5088,4514,156,accused
5089,4199,158,accused
5090,2294,158,accused
5091,3388,158,accused
5092,2282,1185,accused
5093,4591,164,accused
5094,2090,164,accused
5095,698,166,accused
5096,3830,166,accused
5097,1213,684,accused
5098,3193,687,accused
5099,38,687,accused
5100,2963,179,accused
5101,4124,694,accused
5102,679,694,accused
5103,3265,694,accused
5104,3594,697,accused
5105,5016,189,accused
5106,4410,189,accused
5107,956,201,accused
5108,4552,201,accused
5109,5101,201,accused
5110,2215,714,accused
5111,2739,208,accused
5112,1040,208,accused
5113,4567,208,accused
5114,2062,720,accused
5115,1192,720,accused
5116,3157,720,accused
5117,291,727,accused
5118,5297,727,accused
5119,2710,217,accused
5120,602,218,accused
5121,2115,218,accused
5122,4723,733,accused
5123,2226,733,accused
5124,4913,224,accused
5125,4484,224,accused
5126,5428,224,accused
5127,1478,232,accused
5128,2966,232,accused
5129,270,232,accused
5130,4563,747,accused
5131,4764,747,accused
5132,4008,752,accused
5133,1578,241,accused
5134,4652,241,accused
5135,4415,241,accused
5136,1836,242,accused
5137,1280,242,accused
5138,2633,258,accused
5139,233,260,accused
5140,1503,774,accused
5141,3555,774,accused
5142,3568,263,accused
5143,3897,263,accused
5144,4278,263,accused
5145,3911,273,accused
5146,3536,273,accused
5147,4394,273,accused
5148,3654,274,accused
5149,1263,274,accused
5150,2730,787,accused
5151,1918,787,accused
5152,626,277,accused
5153,2701,277,accused
5154,2242,277,accused
5155,616,281,accused
5156,1630,797,accused
5157,3391,797,accused
5158,1022,797,accused
5159,2473,801,accused
5160,1822,291,accused
5161,989,806,accused
5162,5191,806,accused
5163,5195,294,accused
5164,1697,294,accused
5165,3411,294,accused
5166,4671,296,accused
5167,2415,296,accused
5168,1282,298,accused
5169,694,298,accused
5170,1320,302,accused
5171,921,302,accused
5172,2971,302,accused
5173,3967,818,accused
5174,1241,818,accused
5175,4366,307,accused
5176,764,821,accused
5177,3449,310,accused
5178,3967,310,accused
5179,1980,310,accused
5180,1977,823,accused
5181,1405,824,accused
5182,4522,826,accused
5183,2065,826,accused
5184,728,826,accused
5185,1155,315,accused
5186,1945,315,accused
5187,5483,315,accused
5188,2535,316,accused
5189,5482,832,accused
5190,4526,832,accused
5191,2241,832,accused
5192,4234,322,accused
5193,4563,836,accused
5194,3126,325,accused
5195,4278,325,accused
5196,2754,326,accused
5197,322,326,accused
5198,1623,842,accused
5199,481,842,accused
5200,206,842,accused
5201,4740,332,accused
5202,3281,849,accused
5203,549,851,accused
5204,2370,851,accused
5205,4829,851,accused
5206,656,859,accused
5207,4547,860,accused
5208,3143,862,accused
5209,3382,862,accused
5210,2230,864,accused
5211,2348,864,accused
5212,3104,864,accused
5213,287,352,accused
5214,117,352,accused
5215,2107,352,accused
5216,5004,877,accused
5217,1245,877,accused
5218,781,877,accused
5219,3741,879,accused
5220,4635,879,accused
5221,117,881,accused
5222,3235,881,accused
5223,4179,881,accused
5224,451,884,accused
5225,986,884,accused
5226,4048,884,accused
5227,2221,374,accused
5228,4467,374,accused
5229,1938,890,accused
5230,2370,379,accused
5231,2814,379,accused
5232,3609,379,accused
5233,3659,893,accused
5234,5449,893,accused
5235,4715,893,accused
5236,915,392,accused
5237,3241,907,accused
5238,5366,907,accused
5239,1560,910,accused
5240,4754,910,accused
5241,1464,910,accused
5242,3755,917,accused
5243,3362,917,accused
5244,4334,917,accused
5245,4830,922,accused
5246,1949,414,accused
5247,1759,414,accused
5248,4396,414,accused
5249,4844,415,accused
5250,1002,417,accused
5251,160,418,accused
5252,4959,935,accused
5253,1397,935,accused
5254,2847,935,accused
5255,3017,938,accused
5256,5444,938,accused
5257,816,940,accused
5258,3697,940,accused
5259,210,430,accused
5260,5117,434,accused
5261,5158,434,accused
5262,2514,434,accused
5263,2732,436,accused
5264,4834,436,accused
5265,1383,439,accused
5266,3096,439,accused
5267,1640,441,accused
5268,256,957,accused
5269,2102,957,accused
5270,3940,446,accused
5271,4850,446,accused
5272,3742,446,accused
5273,3935,449,accused
5274,71,963,accused
5275,3983,963,accused
5276,3741,963,accused
5277,4092,973,accused
5278,5138,973,accused
5279,5332,973,accused
5280,2125,976,accused
5281,3143,976,accused
5282,4798,976,accused
5283,3238,465,accused
5284,694,468,accused
5285,1622,468,accused
5286,3274,982,accused
5287,4204,470,accused
5288,1053,470,accused
5289,882,470,accused
5290,1925,985,accused
5291,3238,985,accused
5292,2564,985,accused
5293,2507,987,accused
5294,188,987,accused
5295,2557,479,accused
5296,4175,992,accused
5297,894,994,accused
5298,79,994,accused
5299,301,995,accused
5300,4382,998,accused
5301,4302,1000,accused
5302,4262,1000,accused
5303,679,1000,accused
5304,175,491,accused
5305,893,491,accused
5306,580,491,accused
5307,1622,1006,accused
5308,3553,1006,accused
5309,33,1007,accused
5310,3345,1009,accused
5311,3078,1009,accused
5312,5412,1009,accused
5313,3731,1016,accused
5314,1595,1016,accused
5315,392,1016,accused
5316,1904,510,accused
5317,3588,510,accused
5318,188,510,accused
